primero en la query que te pase que realiza bryan saca ensuales los datos::


los castigos son normalmente a fines del mes solo un dia del mes que se tiene almacenada y si el castigo se replica similar para olos otros dias estaria bien tipo si solo sale un dia de agosto, 30 de agosto eset dato replicado lo mismo para todo el mes de agosto asi tendria agosto con castigos estaria bien??

ahora la query que me pasaste me sale como resultado:
1	31/08/26	31/08/26

xon los respectivis datos que me pasaste tengo estos datos que saque del power bi ¿, que saque de uno que esta hasta el fin del mes de agosto:

base_mensual.csv
periodo,desembolsos,nro_creditos,big_ticket,small_ticket,num_tasa_des,num_ftp,nuevos,amortizacion,fuga,saldo_final,num_tasa_cartera,den_tasa_cartera,tasa_des,ftp_original,ftp_dax,spread,tasa_cartera
202501,199533977.3,6610,2434228.19,197099749.11,36204775.600923,11960738.149444,199533977.3,-44275416.59358,-180234372.34848,3007235102.03558,557982837.377474,3007235102.03558,0.181447,0.059943,-0.059943,0.121503,0.185547
202502,207333658.99,6730,3725290.13,203608368.86,36484586.353871,11786814.594198,207333658.99,-62191288.18385,-159245361.81566,2993132111.02607,550380379.517623,2993132111.02607,0.17597,0.056849,-0.056849,0.119121,0.183881
202503,244038535.06,8023,704302.75,243334232.31,43620955.999674,13237231.641826,243781610.06,-73237441.14609,-142941906.37702,3020734373.56296,552172763.173079,3020734373.56296,0.178746,0.054242,-0.054242,0.124504,0.182794
202504,211602091.89,6891,4846319.39,206755772.5,37714096.574497,11922355.811589,211602091.89,-76245737.95208,-137481331.28488,3018609396.216,549129167.642313,3018609396.216,0.178231,0.056343,-0.056343,0.121888,0.181915
202505,229416058.2,6871,3444225.78,225971832.42,39316738.465121,,229416058.2,-81218706.29036,-131511478.2845,3035295269.84114,548488503.235774,3035295269.84114,0.171377,,,,0.180704
202506,216788521.32,6695,1546993.22,215241528.1,36891240.33091,11818651.280246,216788521.32,-65688082.72354,-170951580.88202,3015444127.55558,541122994.031608,3015444127.55558,0.170172,0.054517,-0.054517,0.115655,0.179451
202507,244121738.04,7638,5028782.9,239092955.14,43179643.659086,13293423.153818,244121738.04,-67427536.89469,-165953375.77668,3026184952.92421,540804371.763947,3026184952.92421,0.176878,0.054454,-0.054454,0.122423,0.178708
202508,254207603.58,8022,4164867.05,250042736.53,45055523.593492,,254207603.58,-67120995.98978,-151430725.40588,3061840835.10855,544754056.970845,3061840835.10855,0.177239,,,,0.177917
202509,283089584.87,8199,8757882.51,274331702.36,50541135.644413,16518986.352076,283089584.87,-52169623.40745,-204123155.3805,3088637641.1906,549052479.794384,3088637641.1906,0.178534,0.058353,-0.058353,0.120182,0.177765
202510,315081647.65,8194,15172184.95,299909462.7,52518099.83816,19119234.019621,315081647.65,-52785990.41835,-194226202.871,3156707095.55125,556786215.436325,3156707095.55125,0.166681,0.06068,-0.06068,0.106001,0.176382
202511,251558137.26,6958,9787015.0,241771122.26,44311039.315924,,251558137.26,-65590099.80333,-165234056.57,3177441076.43792,558738266.141094,3177441076.43792,0.176146,,,,0.175845
202512,238380447.53,7173,8511373.0,229869074.53,43744247.179747,13065731.569441,238380447.53,-67199459.98388,-167612107.66772,3181009956.31632,560088386.609387,3181009956.31632,0.183506,0.05481,-0.05481,0.128696,0.176073
202601,285706907.76,9057,8573829.0,277133078.76,55166867.224674,,285706907.76,-70283577.24033,-178528586.34175,3217904700.49424,570136798.390651,3217904700.49424,0.193089,,,,0.177176
202602,305635019.87,9339,15419413.0,290215606.87,52393467.379391,,305635019.87,-53224631.46405,-189980530.08344,3280334558.81675,577494994.346441,3280334558.81675,0.171425,,,,0.176048
202603,360585649.62,10079,18251448.0,342334201.62,57684035.337238,20195497.701054,360585649.62,-78877168.05569,-240854382.4649,3321188657.91616,579948127.896631,3321188657.91616,0.159973,0.056007,-0.056007,0.103966,0.174621
202604,369528076.45,10204,23545619.73,345982456.72,61458869.183605,21909773.201465,369528076.45,-86415252.48475,-233733773.29846,3370567708.58295,587274230.911716,3370567708.58295,0.166317,0.059291,-0.059291,0.107026,0.174236
202605,364211574.99,9557,26772436.5,337439138.49,60163519.714251,,364211574.99,-92451356.46112,-209300062.21347,3433027864.89836,595840510.500368,3433027864.89836,0.165188,,,,0.173561
202606,347727103.29,9307,25487549.49,322239553.8,55482055.812671,17795478.843055,347727103.29,-60708210.95404,-202736005.23562,3517310751.9987,604712913.313725,3517310751.9987,0.159556,0.051177,-0.051177,0.10838,0.171925
202607,419445849.56,11275,31375656.0,388070193.56,72259762.901894,23544395.034805,419445849.56,-69174075.7466,-218185511.7295,3649397014.0826,625724845.275846,3649397014.0826,0.172274,0.056132,-0.056132,0.116142,0.17146
202608,383715475.02,12235,16239259.44,367476215.58,69612773.109118,22070411.432495,383675475.02,-54183310.86871,-185546022.7668,3793343155.46709,651586746.431515,3793343155.46709,0.181418,0.057518,-0.057518,0.1239,0.171771

daily_disbursements.csv
fecha,monto,nro_creditos,big,small,num_tasa_des,num_ftp
2025-01-01,415460.0,25,0.0,415460.0,89022.604,23402.788161691144
2025-01-02,4547388.06,191,0.0,4547388.06,939775.484494,268962.6180095623
2025-01-03,6359978.0,240,0.0,6359978.0,1237462.7487,378002.26091763604
2025-01-04,2398334.0,121,0.0,2398334.0,535687.8896,141493.06263773586
2025-01-05,543310.0,37,0.0,543310.0,114396.469,30279.416647720278
2025-01-06,5888543.0,245,0.0,5888543.0,1220245.2837,349897.4528511501
2025-01-07,4998057.0,204,0.0,4998057.0,981205.3182,299601.40721373947
2025-01-08,6209103.2,207,200000.0,6009103.2,1130793.88218,373504.3177612845
2025-01-09,6297381.38,210,0.0,6297381.38,1166391.521962,379838.4241299419
2025-01-10,6328016.0,185,0.0,6328016.0,1113461.0405,384951.2436137032
2025-01-11,3454129.0,143,0.0,3454129.0,692740.6742,209499.1532353008
2025-01-12,642150.0,33,0.0,642150.0,145115.935,37696.8663823301
2025-01-13,6862181.99,225,380000.0,6482181.99,1174378.159401,416922.56547259557
2025-01-14,8376946.5,243,600000.0,7776946.5,1419878.58835,511830.4546756827
2025-01-15,7063306.75,215,0.0,7063306.75,1224844.837425,430427.2206264279
2025-01-16,8253839.3,264,200000.0,8053839.3,1404793.62777,497412.4540520172
2025-01-17,9981296.99,339,0.0,9981296.99,1870851.3653,599213.510889015
2025-01-18,5947847.0,204,0.0,5947847.0,1042261.4202,360256.3000756747
2025-01-19,1149709.0,47,0.0,1149709.0,201358.5391,70621.05762665535
2025-01-20,9289809.29,322,0.0,9289809.29,1734430.716471,553679.380530617
2025-01-21,7862535.63,272,0.0,7862535.63,1410320.318937,463526.69861859066
2025-01-22,10103425.31,272,0.0,10103425.31,1630533.906669,608731.7124097521
2025-01-23,9610307.26,266,0.0,9610307.26,1526607.393774,580707.2296047
2025-01-24,10615852.32,267,0.0,10615852.32,1632087.516068,644365.1069097756
2025-01-25,4799559.25,137,0.0,4799559.25,809729.115825,291899.6919459017
2025-01-26,374000.0,12,0.0,374000.0,62548.6,22837.864953641652
2025-01-27,10393471.32,288,781797.32,9611674.0,1965049.373368,620547.7044451175
2025-01-28,11784925.49,424,0.0,11784925.49,2292807.961555,692212.2187629873
2025-01-29,9476056.51,347,272430.87,9203625.64,1811219.998449,560496.7308702412
2025-01-30,8708857.94,284,0.0,8708857.94,1619270.027156,520606.0186051455
2025-01-31,10798199.81,341,0.0,10798199.81,2005505.283569,637315.2168079322
2025-02-01,4843892.81,204,0.0,4843892.81,920053.892719,281503.77829668275
2025-02-02,611950.0,47,0.0,611950.0,128518.105,35116.547266681315
2025-02-03,6524722.0,242,0.0,6524722.0,1221351.8853,391047.511889958
2025-02-04,9026488.5,282,0.0,9026488.5,1583880.37335,537250.6044650867
2025-02-05,8822022.68,267,1544352.21,7277670.47,1445896.449882,508267.0237540395
2025-02-06,6068423.36,220,0.0,6068423.36,1105988.092264,345667.5893467817
2025-02-07,7005374.08,237,0.0,7005374.08,1297432.291892,395388.61314250424
2025-02-08,4120021.0,139,0.0,4120021.0,694848.5536,234618.31607874806
2025-02-09,389280.0,31,0.0,389280.0,77952.872,21643.669611526606
2025-02-10,8177383.35,256,0.0,8177383.35,1401646.881965,463156.1309738755
2025-02-11,6398295.97,256,251750.0,6146545.97,1245507.229603,360618.2381918954
2025-02-12,7445198.57,247,0.0,7445198.57,1378021.151143,421221.35165331356
2025-02-13,8109424.78,255,0.0,8109424.78,1370093.700522,460267.6198156261
2025-02-14,11562190.0,352,0.0,11562190.0,2029864.811,663119.4501441844
2025-02-15,6817849.74,238,0.0,6817849.74,1255046.729146,389475.0207251624
2025-02-16,1518759.0,72,0.0,1518759.0,277934.3241,87026.33156044642
2025-02-17,11553232.0,328,0.0,11553232.0,1924308.1499,664729.1744010429
2025-02-18,10278003.68,312,0.0,10278003.68,1873227.397032,586862.1539039474
2025-02-19,12045880.26,330,0.0,12045880.26,2001328.771674,698272.2282132931
2025-02-20,8961578.16,281,200000.0,8761578.16,1463794.153584,511972.8471332562
2025-02-21,10395660.16,333,200000.0,10195660.16,1849891.302584,593205.9750769051
2025-02-22,4355795.0,159,0.0,4355795.0,799312.3616,249460.06854307884
2025-02-23,444893.0,27,0.0,444893.0,86125.0007,24626.40394197658
2025-02-24,9502387.42,290,294160.0,9208227.42,1564348.765058,543207.0359698328
2025-02-25,9086121.0,294,0.0,9086121.0,1566737.5339,516580.78578625165
2025-02-26,10795899.55,306,1035027.92,9760871.63,1762597.444745,587949.296315001
2025-02-27,9156121.32,287,200000.0,8956121.32,1689198.834668,497177.10267048224
2025-02-28,13316811.6,438,0.0,13316811.6,2469679.29494,717383.7253264441
2025-03-01,5181007.0,221,0.0,5181007.0,1031704.1093,273999.9700941532
2025-03-02,1064449.04,63,0.0,1064449.04,216901.197096,57130.16478276287
2025-03-03,7572793.17,260,0.0,7572793.17,1433285.819763,407576.10124613385
2025-03-04,13120295.92,453,0.0,13120295.92,2497114.639108,705112.1656633618
2025-03-05,10133190.0,377,0.0,10133190.0,1872984.5639,545666.6223306049
2025-03-06,7989586.4,270,0.0,7989586.4,1450883.25016,431987.53902215854
2025-03-07,9392455.0,300,504302.75,8888152.25,1552361.2325,501988.7047616888
2025-03-08,4625461.0,182,0.0,4625461.0,856212.8438,250264.91237106
2025-03-09,607160.0,43,0.0,607160.0,123263.334,32427.529888994977
2025-03-10,10888600.0,331,0.0,10888600.0,1910782.7715,589485.3827915709
2025-03-11,8818564.92,273,0.0,8818564.92,1530263.746208,477309.74469996913
2025-03-12,10180351.0,284,0.0,10180351.0,1699753.1808,554594.987877193
2025-03-13,9876411.0,299,0.0,9876411.0,1655784.0096,531056.5203897136
2025-03-14,13579047.75,445,0.0,13579047.75,2572697.496625,735279.0548462542
2025-03-15,8000199.56,312,0.0,8000199.56,1500766.766544,433226.3678643499
2025-03-16,1580373.0,72,0.0,1580373.0,315257.1127,85355.85561856534
2025-03-17,11146019.63,365,0.0,11146019.63,2056245.130637,604911.5307400771
2025-03-18,11642653.74,329,0.0,11642653.74,1971890.145626,638720.4066983466
2025-03-19,9730149.25,293,0.0,9730149.25,1652482.724875,531844.158321725
2025-03-20,10361580.06,289,0.0,10361580.06,1759393.692694,565862.0096375557
2025-03-21,9560210.41,286,0.0,9560210.41,1614510.603959,524300.2620448833
2025-03-22,4060307.82,155,0.0,4060307.82,768694.616418,222755.33644131798
2025-03-23,821430.0,49,0.0,821430.0,182867.397,44001.6356244907
2025-03-24,9464818.61,308,0.0,9464818.61,1704444.085139,515668.2952957973
2025-03-25,9441317.52,286,200000.0,9241317.52,1632864.614348,513641.1768064797
2025-03-26,8759715.62,287,0.0,8759715.62,1524317.111588,479935.7300715208
2025-03-27,8299240.94,274,0.0,8299240.94,1494498.709106,453158.9541886141
2025-03-28,9439551.74,294,0.0,9439551.74,1599021.385576,512392.72959601955
2025-03-29,5031318.0,191,0.0,5031318.0,941994.3788,271799.9985311365
2025-03-30,1130258.0,56,0.0,1130258.0,235090.8642,61932.079963597505
2025-03-31,12540018.96,376,0.0,12540018.96,2262624.466104,683845.713616071
2025-04-01,8972503.88,310,0.0,8972503.88,1603169.125812,489682.97799329134
2025-04-02,8630463.66,267,250000.0,8380463.66,1530413.167234,470346.665224274
2025-04-03,9886831.77,280,272542.0,9614289.77,1703335.463223,548722.655694942
2025-04-04,9010318.01,297,716363.41,8293954.6,1518102.136749,492354.0778992672
2025-04-05,4323951.0,182,0.0,4323951.0,845349.2669,237756.5716560745
2025-04-06,917540.0,51,0.0,917540.0,234660.746,49045.80798136247
2025-04-07,8059341.0,298,0.0,8059341.0,1558644.7953,447357.944888508
2025-04-08,8004489.5,263,200000.0,7804489.5,1416597.94905,446241.9124967071
2025-04-09,8983741.41,259,0.0,8983741.41,1543794.032709,504708.301261376
2025-04-10,7810846.82,223,0.0,7810846.82,1365746.438918,443592.0037709424
2025-04-11,10636264.39,319,641022.4,9995241.99,1860844.674461,603413.8241424492
2025-04-12,4820127.0,159,0.0,4820127.0,841880.258,278973.13033140823
2025-04-13,741436.0,43,0.0,741436.0,168553.6764,41988.515951139765
2025-04-14,8850486.69,299,250000.0,8600486.69,1618624.624181,505944.13150458323
2025-04-15,8473958.73,285,0.0,8473958.73,1523240.548227,487135.9601624909
2025-04-16,8694781.67,317,0.0,8694781.67,1704431.26222,496964.2009805578
2025-04-17,1900244.15,103,0.0,1900244.15,382866.98721,109497.79919286563
2025-04-18,1230010.0,61,0.0,1230010.0,236194.649,70733.92635098312
2025-04-19,3900592.0,168,0.0,3900592.0,824032.9593,221606.2955513841
2025-04-20,990002.0,54,0.0,990002.0,195062.3498,56812.43724649708
2025-04-21,8098975.61,318,0.0,8098975.61,1516952.242445,460556.74336093746
2025-04-22,10128690.08,290,481410.08,9647280.0,1681819.011892,585563.4121425945
2025-04-23,11126267.36,308,415000.0,10711267.36,1765839.045732,638918.8884048885
2025-04-24,9891614.46,274,254000.0,9637614.46,1650955.633854,556570.9378759899
2025-04-25,8201563.89,266,263574.0,7937989.89,1417995.435611,465986.6368645087
2025-04-26,5629781.0,189,0.0,5629781.0,1041378.879,318990.1024427521
2025-04-27,543340.0,37,0.0,543340.0,132717.266,29887.233650837352
2025-04-28,9583536.39,286,0.0,9583536.39,1737807.314111,539393.015342749
2025-04-29,11790515.77,344,467000.0,11323515.77,2057390.808823,667461.1653033207
2025-04-30,11769877.65,341,635407.5,11134470.15,2035695.826335,656148.5359191442
2025-05-01,893259.0,55,0.0,893259.0,172212.7841,48664.05775351282
2025-05-02,6965598.0,245,0.0,6965598.0,1332646.3364,390334.14685816265
2025-05-03,4245153.0,167,0.0,4245153.0,790857.9866,236712.1753623948
2025-05-04,768610.0,50,0.0,768610.0,167202.989,42615.781549746986
2025-05-05,8674262.6,311,0.0,8674262.6,1583058.04634,487264.5756800084
2025-05-06,8893539.85,282,0.0,8893539.85,1547050.597865,499350.22253494296
2025-05-07,9765048.07,301,228095.0,9536953.07,1603488.998293,553244.6063907681
2025-05-08,7902508.85,245,0.0,7902508.85,1334072.367565,447057.86977637844
2025-05-09,6081000.37,198,0.0,6081000.37,1047753.509363,338552.6338564309
2025-05-10,3135017.0,135,0.0,3135017.0,597186.0883,173782.78182785277
2025-05-11,228600.0,10,0.0,228600.0,44054.14,12559.35566210213
2025-05-12,7854283.87,211,200000.0,7654283.87,1234539.021613,438493.3476523578
2025-05-13,8660222.22,294,0.0,8660222.22,1552490.853278,478087.70007672714
2025-05-14,9348875.97,302,260000.0,9088875.97,1714502.00922,518309.3379632192
2025-05-15,9773207.22,297,0.0,9773207.22,1670388.961378,542886.4672520376
2025-05-16,9229349.12,268,206625.42,9022723.7,1479579.681388,513604.9283361557
2025-05-17,4844817.0,151,0.0,4844817.0,850976.8348,268920.6217329369
2025-05-18,708925.0,46,0.0,708925.0,148194.3525,37575.31532553887
2025-05-19,8962883.3,271,0.0,8962883.3,1573408.64837,495382.03483116237
2025-05-20,10049598.5,272,0.0,10049598.5,1575675.43965,555325.6960258142
2025-05-21,10785360.0,274,450020.0,10335340.0,1775268.3407,602514.4636007369
2025-05-22,7525306.91,226,0.0,7525306.91,1239861.502709,420659.29358764266
2025-05-23,9378981.81,245,268549.0,9110432.81,1574843.172816,514916.9959682672
2025-05-24,3583042.0,140,0.0,3583042.0,609534.6215,199470.55327658658
2025-05-25,398030.0,29,0.0,398030.0,78975.597,21380.616977229267
2025-05-26,11324833.66,290,252990.0,11071843.66,1997084.967134,624976.573978974
2025-05-27,12510613.34,314,0.0,12510613.34,2064966.695516,687701.266252974
2025-05-28,12882273.93,346,419112.0,12463161.93,2240804.969307,700900.162214893
2025-05-29,12721807.4,325,252242.06,12469565.34,2221212.016421,669720.6177623149
2025-05-30,14473260.21,351,906592.3,13566667.91,2328225.546195,741378.4256552744
2025-05-31,6847790.0,220,0.0,6847790.0,1166621.3898,
2025-06-01,883770.0,51,0.0,883770.0,168985.823,48010.0157214701
2025-06-02,8930913.92,284,0.0,8930913.92,1541960.348408,486553.768923009
2025-06-03,8001764.84,262,0.0,8001764.84,1315630.077716,440038.03974424273
2025-06-04,9689970.19,273,556370.0,9133600.19,1553444.455881,529623.030411675
2025-06-05,7068821.0,252,0.0,7068821.0,1304452.6903,380825.49083416065
2025-06-06,5607805.52,199,0.0,5607805.52,947093.795548,304880.87725982245
2025-06-07,588120.0,56,0.0,588120.0,128298.088,31394.601183713075
2025-06-08,476615.0,32,0.0,476615.0,91772.4885,25898.65582406063
2025-06-09,5821649.38,217,0.0,5821649.38,1014694.172462,314552.3698200387
2025-06-10,7585731.0,239,0.0,7585731.0,1284478.0732,411490.52713520016
2025-06-11,7440431.5,224,302066.0,7138365.5,1254604.35465,402824.76013190683
2025-06-12,8745547.85,244,0.0,8745547.85,1416611.606865,477607.12902091636
2025-06-13,9479172.0,266,0.0,9479172.0,1521304.9285,517832.5366674422
2025-06-14,6389089.0,211,0.0,6389089.0,1049463.604,345973.1133839858
2025-06-15,1856790.0,58,0.0,1856790.0,318988.021,101266.35710417622
2025-06-16,9855187.94,325,0.0,9855187.94,1809591.619518,533189.7859794896
2025-06-17,9719160.4,330,220000.0,9499160.4,1656870.48636,526156.3268804734
2025-06-18,10838820.51,305,0.0,10838820.51,1776752.463849,593924.4140220251
2025-06-19,9443982.89,281,0.0,9443982.89,1594263.939961,515644.4100544746
2025-06-20,8737225.0,260,0.0,8737225.0,1473235.4031,476272.00813543744
2025-06-21,3914600.0,161,0.0,3914600.0,749190.9528,211057.28618698812
2025-06-22,1020465.0,59,0.0,1020465.0,219981.9285,54136.05423972449
2025-06-23,10041419.55,265,0.0,10041419.55,1701814.822145,552287.6292374585
2025-06-24,8248542.66,231,0.0,8248542.66,1395830.326334,452989.52436824585
2025-06-25,8237460.45,253,0.0,8237460.45,1390009.390505,451063.7338298844
2025-06-26,11881118.1,341,0.0,11881118.1,2026855.75849,649116.9908059983
2025-06-27,11987432.1,307,247157.22,11740274.88,1904366.66779,657162.8681763015
2025-06-28,6400936.0,211,0.0,6400936.0,1132091.3341,349656.1586790847
2025-06-29,858400.0,58,0.0,858400.0,185987.96,45432.88565107179
2025-06-30,17037579.52,440,221400.0,16816179.52,2962614.749428,931789.9308337143
2025-07-01,10946454.5,324,330571.19,10615883.31,1830925.16025,594031.6464767262
2025-07-02,8612400.1,259,0.0,8612400.1,1438150.27769,469633.6579888522
2025-07-03,8714885.0,263,0.0,8714885.0,1499479.9324,472885.70616064523
2025-07-04,8150184.0,251,0.0,8150184.0,1336983.5308,445447.5418777481
2025-07-05,3595075.0,147,0.0,3595075.0,616905.9335,195326.73680970594
2025-07-06,558050.0,42,0.0,558050.0,133730.145,29304.908451282157
2025-07-07,9261417.0,298,0.0,9261417.0,1567323.3306,506453.4864206187
2025-07-08,7788519.54,248,0.0,7788519.54,1347103.920646,425241.13335690973
2025-07-09,8027050.18,229,0.0,8027050.18,1356385.124582,437634.53563313617
2025-07-10,9369137.44,258,757533.0,8611604.44,1456077.734056,511986.4466087644
2025-07-11,7873661.0,229,0.0,7873661.0,1274359.0648,433454.40605739545
2025-07-12,4057678.0,135,0.0,4057678.0,698830.8482,220676.02792104855
2025-07-13,985950.0,53,0.0,985950.0,197913.755,53691.55375934142
2025-07-14,9992067.0,302,219900.0,9772167.0,1732462.8783,541534.711427628
2025-07-15,6929527.9,227,0.0,6929527.9,1148529.05841,379523.0485517311
2025-07-16,11972055.4,347,0.0,11972055.4,2138180.87906,652425.0608197583
2025-07-17,13078091.1,375,220079.1,12858012.0,2459076.7629,710847.5100349303
2025-07-18,10247257.0,338,0.0,10247257.0,1987233.1478,553371.9472023322
2025-07-19,8094004.0,289,0.0,8094004.0,1520166.4466,433987.2753043891
2025-07-20,1266594.0,63,0.0,1266594.0,257961.1106,67220.5993514191
2025-07-21,12529653.0,398,1253350.0,11276303.0,2268105.68,671922.6565525117
2025-07-22,12886745.85,346,470349.61,12416396.24,2203807.474665,704980.1341048565
2025-07-23,1778131.0,89,0.0,1778131.0,372519.6219,96297.53578475905
2025-07-24,11898360.0,359,0.0,11898360.0,2144123.0136,650829.7492167352
2025-07-25,5802216.06,118,1074300.0,4727916.06,922419.998794,314733.0841502823
2025-07-26,11212038.0,370,0.0,11212038.0,2156222.4012,611186.4393257718
2025-07-27,1981215.0,93,0.0,1981215.0,413349.7085,107857.65390563104
2025-07-28,1809290.0,76,0.0,1809290.0,355777.121,99267.91654117343
2025-07-29,1784750.0,86,0.0,1784750.0,376870.125,96867.43672820838
2025-07-30,16080192.37,519,452700.0,15627492.37,2985972.697093,880145.6088236172
2025-07-31,16839088.6,507,250000.0,16589088.6,2982696.77614,924656.9984699313
2025-08-01,13423952.83,368,681768.0,12742184.83,2231258.117567,736738.1297975713
2025-08-02,5785919.47,235,0.0,5785919.47,1079172.932103,315141.5627208469
2025-08-03,1156720.0,80,0.0,1156720.0,238689.428,62581.96916981521
2025-08-04,10949774.24,330,270000.0,10679774.24,1818183.264176,602319.458849947
2025-08-05,11516312.0,351,0.0,11516312.0,1960867.1792,629305.9201678133
2025-08-06,1779600.0,90,0.0,1779600.0,336228.1,96440.95618790347
2025-08-07,11034743.17,358,0.0,11034743.17,1945262.267433,601065.6418736436
2025-08-08,8829720.0,311,0.0,8829720.0,1569233.773,482340.9506766414
2025-08-09,4881963.14,195,0.0,4881963.14,903939.654986,267148.8850376261
2025-08-10,748570.0,55,0.0,748570.0,169946.893,39902.20204508742
2025-08-11,9884306.0,323,0.0,9884306.0,1705527.1675,546019.6029333395
2025-08-12,9303015.0,305,0.0,9303015.0,1629093.5215,514203.8574906624
2025-08-13,9841818.06,332,200000.0,9641818.06,1813449.713194,548767.244094809
2025-08-14,9922645.05,335,345704.05,9576941.0,1804110.575845,548277.2766292122
2025-08-15,11097952.0,367,0.0,11097952.0,1997967.0898,611673.0625896017
2025-08-16,4488331.0,199,0.0,4488331.0,903913.3541,247552.54534461757
2025-08-17,1406834.0,54,0.0,1406834.0,312146.8566,78920.90724482786
2025-08-18,10211588.5,331,0.0,10211588.5,1916451.40305,550274.7326459002
2025-08-19,9181161.0,293,0.0,9181161.0,1669687.5841,515327.5679537939
2025-08-20,10062457.0,280,0.0,10062457.0,1760976.7459,564334.7201882175
2025-08-21,9646276.0,287,0.0,9646276.0,1711031.6591,544462.2720776089
2025-08-22,9941245.27,303,200000.0,9741245.27,1679190.415523,548663.9133592967
2025-08-23,4475929.0,180,0.0,4475929.0,845744.062,248465.21437687543
2025-08-24,682220.0,47,0.0,682220.0,150111.378,36790.17128479867
2025-08-25,10137725.94,318,0.0,10137725.94,1822392.121756,558417.9583892915
2025-08-26,9566970.16,304,247800.0,9319170.16,1712614.960984,520743.58927194076
2025-08-27,14261607.0,363,0.0,14261607.0,2421791.3352,812545.0214326993
2025-08-28,15464865.65,357,1060000.0,14404865.65,2620706.292335,882200.3020413743
2025-08-29,20729568.1,498,1159595.0,19569973.1,3549543.15894,1116189.4451584076
2025-08-30,2508518.0,106,0.0,2508518.0,472793.3582,
2025-08-31,1285296.0,67,0.0,1285296.0,303499.2304,
2025-09-01,10302163.0,347,0.0,10302163.0,2012559.0569,592509.7542834106
2025-09-02,11547183.6,341,0.0,11547183.6,2047256.27854,671660.5709448324
2025-09-03,8925987.78,267,0.0,8925987.78,1602169.649322,523795.103211832
2025-09-04,8279416.0,254,0.0,8279416.0,1484154.5013,485110.09488235915
2025-09-05,10680115.16,315,0.0,10680115.16,1843215.964284,627277.7509207182
2025-09-06,3733784.0,161,0.0,3733784.0,716945.2866,217100.75642072674
2025-09-07,398180.0,33,0.0,398180.0,87330.222,20972.601677898445
2025-09-08,9069962.0,313,200000.0,8869962.0,1675068.9581,523689.2647910901
2025-09-09,10610048.0,285,0.0,10610048.0,1711132.1738,628230.6482357676
2025-09-10,14445499.0,388,415097.0,14030402.0,2722649.9199,845830.0659352451
2025-09-11,12214256.0,352,850000.0,11364256.0,2181402.8835,716417.5235248994
2025-09-12,10415661.0,303,200000.0,10215661.0,1825704.6794,611288.4643989477
2025-09-13,4860711.0,220,0.0,4860711.0,1032320.8203,280358.56000762415
2025-09-14,1225970.0,54,0.0,1225970.0,231506.053,69043.39147187334
2025-09-15,11140000.0,363,0.0,11140000.0,2097938.1502,640599.3395657539
2025-09-16,9378055.0,278,0.0,9378055.0,1684772.9603,545170.2961813615
2025-09-17,11785388.51,334,458017.51,11327371.0,2167356.271349,680242.6065892086
2025-09-18,11463450.7,327,200000.0,11263450.7,2018916.95983,652601.281137605
2025-09-19,11749077.0,316,400000.0,11349077.0,2090473.2277,678313.68111357
2025-09-20,4720543.0,180,0.0,4720543.0,933650.4327,271528.7164141282
2025-09-21,1231957.0,54,0.0,1231957.0,232712.7843,69110.21392344509
2025-09-22,12621201.19,343,0.0,12621201.19,2254580.257431,722049.3561953107
2025-09-23,11361734.5,300,200000.0,11161734.5,1977873.0681,655532.0878722891
2025-09-24,11516530.9,255,1503551.0,10012979.9,1823029.91451,664256.3197782189
2025-09-25,9521248.09,269,0.0,9521248.09,1879477.712791,548609.5805092279
2025-09-26,15772543.44,413,907790.0,14864753.44,2811935.060156,920056.2366266324
2025-09-27,9060699.0,247,212293.0,8848406.0,1575314.3668,529298.3597259626
2025-09-28,1461989.0,63,0.0,1461989.0,277849.9911,84843.62649646093
2025-09-29,16509177.0,407,904198.0,15604979.0,2865700.7888,993979.2928236382
2025-09-30,17087054.0,417,2306936.0,14780118.0,2676137.2514,1049510.8064155716
2025-10-01,11562388.0,325,719534.0,10842854.0,1953042.0033,687840.3596416237
2025-10-02,10417625.7,314,503380.0,9914245.7,1929973.29463,621426.0321235225
2025-10-03,10646573.0,310,209242.0,10437331.0,1842460.8804,636495.4532438205
2025-10-04,5914715.0,244,0.0,5914715.0,1143117.0765,351163.9241935477
2025-10-05,1287543.0,55,0.0,1287543.0,239831.7607,75772.6968252209
2025-10-06,10208404.48,318,444563.0,9763841.48,1756931.627352,607544.8885264159
2025-10-07,12842111.0,299,2038221.0,10803890.0,1974785.9803,764692.626919579
2025-10-08,1727300.0,71,0.0,1727300.0,294194.22,104660.61492093382
2025-10-09,10732264.95,259,2236390.95,8495874.0,1654055.2402,631931.1586994642
2025-10-10,11653378.0,265,1172264.0,10481114.0,1761226.2708,712625.4936681454
2025-10-11,5518240.0,178,242466.0,5275774.0,966202.2998,329575.3425511209
2025-10-12,668255.0,46,0.0,668255.0,139265.0845,39368.33541412263
2025-10-13,10544548.0,303,439865.0,10104683.0,1680235.8261,632192.4059298842
2025-10-14,13941883.63,375,720002.0,13221881.63,2510535.007837,847772.5644638089
2025-10-15,17117224.08,390,464217.0,16653007.08,2788987.120892,1053221.955904867
2025-10-16,14719707.0,354,412184.0,14307523.0,2449500.0566,904729.925646174
2025-10-17,15892489.62,360,466783.0,15425706.62,2460448.645038,981368.5855190342
2025-10-18,8914786.0,231,0.0,8914786.0,1440637.6313,548724.1409542653
2025-10-19,1136710.0,68,0.0,1136710.0,229364.829,66901.36520391058
2025-10-20,14494159.0,316,370025.0,14124134.0,2175776.3233,895070.0688323774
2025-10-21,14497739.43,335,686226.0,13811513.43,2364697.294287,890530.3590141272
2025-10-22,13702585.41,294,530830.0,13171755.41,2188948.632959,840621.7013715073
2025-10-23,13985040.28,299,686702.0,13298338.28,2122364.470872,862705.5707598763
2025-10-24,10129261.0,248,208480.0,9920781.0,1670827.9197,622104.6463817176
2025-10-25,5511120.0,170,270489.0,5240631.0,981074.818,332999.55088723695
2025-10-26,683589.0,41,0.0,683589.0,132753.3361,40540.472728357185
2025-10-27,18029267.48,366,1368774.0,16660493.48,2733703.021852,1109163.7298958378
2025-10-28,8406306.0,263,0.0,8406306.0,1735654.6566,496448.43149102275
2025-10-29,11281838.0,317,0.0,11281838.0,2035798.5561,681100.2365904377
2025-10-30,14942433.0,392,756800.0,14185633.0,2645724.7867,899858.8797439421
2025-10-31,13972162.59,388,224747.0,13747415.59,2515981.166441,850082.5015753348
2025-11-01,1272547.0,66,0.0,1272547.0,282195.4653,74751.4020754628
2025-11-02,752949.0,48,0.0,752949.0,181576.4201,42565.62340828151
2025-11-03,8593954.0,349,0.0,8593954.0,1780405.3402,503529.0207539986
2025-11-04,9300517.0,251,224649.0,9075868.0,1594044.006,558168.8524958416
2025-11-05,8526535.0,294,200000.0,8326535.0,1613584.7797,504785.0325720654
2025-11-06,9294897.05,261,0.0,9294897.05,1689825.803295,563552.9290326583
2025-11-07,9763969.0,239,1474847.0,8289122.0,1569492.8671,578997.8834945832
2025-11-08,4252412.0,157,0.0,4252412.0,770253.8908,256558.00854569153
2025-11-09,571680.0,42,0.0,571680.0,112373.302,33486.43436601067
2025-11-10,8618056.33,271,0.0,8618056.33,1582830.327167,506387.64253610425
2025-11-11,8904740.14,239,208704.0,8696036.14,1483278.199486,518308.3453132205
2025-11-12,11377764.0,277,200000.0,11177764.0,1963833.5415,666730.3849714781
2025-11-13,8288465.52,207,749202.0,7539263.52,1372722.286648,483803.30782582983
2025-11-14,11848764.0,346,0.0,11848764.0,2190173.1792,694183.4996483343
2025-11-15,6537230.0,212,0.0,6537230.0,1250993.1543,381551.174111309
2025-11-16,1020869.0,51,0.0,1020869.0,189175.7531,59149.41390979577
2025-11-17,11260151.61,289,505839.0,10754312.61,1875283.768839,652101.6283723917
2025-11-18,12828416.0,305,0.0,12828416.0,2230774.7745,749424.4641058679
2025-11-19,10742183.0,268,200000.0,10542183.0,1734271.2478,624834.961576271
2025-11-20,11382302.9,296,452626.0,10929676.9,2033068.13741,655305.4462223882
2025-11-21,13577018.71,307,468150.0,13108868.71,2228070.305379,783402.5877582147
2025-11-22,5105594.0,144,444201.0,4661393.0,909015.3044,275589.0175639562
2025-11-23,762730.0,35,0.0,762730.0,158681.327,43286.57286029092
2025-11-24,13976528.0,313,1185130.0,12791398.0,2237325.5403,774673.37013644
2025-11-25,13435912.0,275,1176979.0,12258933.0,2116185.4708,736761.4989657361
2025-11-26,10884494.0,268,259700.0,10624794.0,1951669.1635,560313.4273314507
2025-11-27,16322402.0,389,1345528.0,14976874.0,2701919.3593,864798.122732823
2025-11-28,13857772.0,411,270425.0,13587347.0,2748904.3242,754942.6246863534
2025-11-29,7092140.0,266,421035.0,6671105.0,1431902.201,
2025-11-30,1405144.0,82,0.0,1405144.0,327210.0756,
2025-12-01,10004378.0,357,204270.0,9800108.0,2000443.9817,553040.905255876
2025-12-02,9855538.0,308,0.0,9855538.0,1843310.8078,552296.4608915898
2025-12-03,9899378.8,318,229350.0,9670028.8,1942532.95142,548245.5791759469
2025-12-04,10692847.0,313,0.0,10692847.0,1979577.6772,599776.651377613
2025-12-05,9381135.0,286,426989.0,8954146.0,1691783.8797,528126.4153436007
2025-12-06,4465793.0,176,0.0,4465793.0,916851.7837,250475.87518666266
2025-12-07,491540.0,38,0.0,491540.0,120542.766,26842.382964714867
2025-12-08,1015882.0,56,0.0,1015882.0,206991.3938,55716.97294049115
2025-12-09,1383750.0,83,0.0,1383750.0,323564.275,73753.65573093244
2025-12-10,8561844.0,292,0.0,8561844.0,1636370.4941,484494.0227106639
2025-12-11,8829795.0,261,458600.0,8371195.0,1579683.6018,479151.27012420644
2025-12-12,13512974.0,375,242000.0,13270974.0,2497393.5076,755849.1807374994
2025-12-13,6794109.0,212,0.0,6794109.0,1338719.2028,380027.1692738318
2025-12-14,754802.0,48,0.0,754802.0,174578.6798,40030.96078151888
2025-12-15,9860072.0,321,200000.0,9660072.0,1963895.9709,544342.5786810153
2025-12-16,10342176.43,303,220000.0,10122176.43,1902895.400357,563971.8669052036
2025-12-17,11454358.0,302,452032.0,11002326.0,2016142.0536,633452.7852119408
2025-12-18,11961759.0,280,206673.0,11755086.0,1938137.7877,688114.4942767775
2025-12-19,10411210.33,266,1110146.0,9301064.33,1624171.509917,582335.1491697791
2025-12-20,5345365.0,172,0.0,5345365.0,1001479.3028,284470.99934802897
2025-12-21,667450.0,50,0.0,667450.0,155210.755,35378.7020021978
2025-12-22,11492023.0,301,221135.0,11270888.0,1860811.4505,645952.5074257993
2025-12-23,10453744.97,297,659093.0,9794651.97,1792748.677753,573814.3628265379
2025-12-24,6010138.0,145,1215776.0,4794362.0,936755.5664,320669.9961749579
2025-12-25,1187945.0,43,0.0,1187945.0,251825.6555,66744.87043785701
2025-12-26,10080400.0,290,207479.0,9872921.0,1899825.2124,528121.0815936025
2025-12-27,5682120.0,190,227000.0,5455120.0,1145155.8333,300610.5036795348
2025-12-28,1379243.0,73,0.0,1379243.0,298279.8457,76305.5279310077
2025-12-29,10382542.0,314,280494.0,10102048.0,2025828.3542,545136.1053229452
2025-12-30,17570724.0,448,1488085.0,16082639.0,3154156.182,886654.9779346209
2025-12-31,8455411.0,255,462251.0,7993160.0,1524582.6193,461827.5580244316
2026-01-01,680570.0,37,0.0,680570.0,157670.493,37664.04020590932
2026-01-02,6822551.0,245,279500.0,6543051.0,1335746.8507,377170.03942075174
2026-01-03,3392773.0,145,0.0,3392773.0,720314.0825,190090.27800039342
2026-01-04,902680.0,56,0.0,902680.0,209952.582,49922.21414803174
2026-01-05,6998798.0,267,0.0,6998798.0,1379655.4693,392436.3551030632
2026-01-06,10005588.0,288,672600.0,9332988.0,1789419.9699,559329.9680755286
2026-01-07,8619151.0,272,460432.0,8158719.0,1664830.3161,483520.5112009042
2026-01-08,8404438.0,276,214643.0,8189795.0,1593978.2072,473240.83697143826
2026-01-09,9273063.97,259,432117.0,8840946.97,1601838.412153,519412.7435840601
2026-01-10,4580528.0,172,238196.0,4342332.0,875598.3076,260718.49571555728
2026-01-11,974310.0,59,0.0,974310.0,243324.082,53560.71383808841
2026-01-12,9389564.0,290,202328.0,9187236.0,1797943.5329,531131.3815658588
2026-01-13,12480317.46,504,214673.0,12265644.46,2829102.571854,682524.5712339139
2026-01-14,11299107.0,437,0.0,11299107.0,2341668.0067,622716.5569130256
2026-01-15,12009466.55,441,0.0,12009466.55,2547978.501695,653934.1771263296
2026-01-16,11983514.0,337,871900.0,11111614.0,2257927.4945,655218.54956246
2026-01-17,5711048.0,227,0.0,5711048.0,1199628.6104,310547.0728495198
2026-01-18,1089340.0,66,0.0,1089340.0,262280.116,58600.75245476446
2026-01-19,11483602.0,415,448700.0,11034902.0,2402380.1629,629538.7984039884
2026-01-20,12187426.0,402,0.0,12187426.0,2355636.6424,669323.9218503176
2026-01-21,12281326.0,350,965569.0,11315757.0,2210757.0039,646330.7997647162
2026-01-22,12346151.01,333,493408.0,11852743.01,2340664.854049,657639.3661011663
2026-01-23,13972036.0,361,1280575.0,12691461.0,2467911.6372,703057.7603242298
2026-01-24,4908915.0,213,0.0,4908915.0,969005.2131,255298.31325362893
2026-01-25,849640.0,55,0.0,849640.0,209616.406,45333.867736156964
2026-01-26,14266872.0,385,439992.0,13826880.0,2676422.7635,739233.2601179212
2026-01-27,15281259.0,482,0.0,15281259.0,2925375.856,811300.1860276634
2026-01-28,14087183.61,428,422300.0,13664883.61,2629107.954589,744395.7332289907
2026-01-29,18874101.0,448,0.0,18874101.0,3422271.8811,985882.9351477515
2026-01-30,21099198.16,514,725587.0,20373611.16,3911366.891634,1113027.8401543857
2026-01-31,9452390.0,293,211309.0,9241081.0,1837492.3518,
2026-02-01,1098160.0,62,0.0,1098160.0,250613.484,57484.21129165233
2026-02-02,8965607.0,347,0.0,8965607.0,1780163.0372,464041.2507332761
2026-02-03,8851152.0,284,280000.0,8571152.0,1596099.7459,465162.51420344494
2026-02-04,10264083.0,300,481238.0,9782845.0,1805264.9511,537434.5128184203
2026-02-05,12006608.0,308,835817.0,11170791.0,1953615.8306,646723.0686865606
2026-02-06,12049653.0,323,450000.0,11599653.0,1966203.4089,639401.1340305826
2026-02-07,4824355.0,213,0.0,4824355.0,958721.3136,252700.61772103852
2026-02-08,1040220.0,62,0.0,1040220.0,253569.528,51712.42690541845
2026-02-09,11120011.0,343,711658.0,10408353.0,1880982.1105,583948.4941351282
2026-02-10,8374143.95,293,533920.0,7840223.95,1485385.330455,443670.8050912265
2026-02-11,10016783.3,306,564170.0,9452613.3,1777093.74637,534450.3666242559
2026-02-12,11549839.07,341,421515.0,11128324.07,1826334.809643,611020.4171854566
2026-02-13,19035177.43,622,1125295.0,17909882.43,3596577.739357,1006074.7734819631
2026-02-14,7792356.0,294,220000.0,7572356.0,1566959.0005,412874.44292292924
2026-02-15,1529913.0,107,0.0,1529913.0,420160.2787,76885.67953959391
2026-02-16,16378975.32,524,209654.0,16169321.32,2935158.984868,857623.0730660312
2026-02-17,12793724.0,418,887039.0,11906685.0,2363282.6555,657612.8657033229
2026-02-18,13639041.78,444,476187.0,13162854.78,2417942.5956,704531.3183616267
2026-02-19,11950685.54,380,0.0,11950685.54,2085843.781846,615320.265692901
2026-02-20,17884305.46,473,1323370.0,16560935.46,2800165.673754,940255.339850228
2026-02-21,9569908.0,294,1498243.0,8071665.0,1494893.6618,494701.35162575817
2026-02-22,1165858.0,80,0.0,1165858.0,266966.9842,59322.62683985147
2026-02-23,15373949.0,421,935713.0,14438236.0,2472356.8272,808315.4252251512
2026-02-24,18557805.0,452,1675238.0,16882567.0,2764465.9313,952680.543991836
2026-02-25,16069667.0,398,1471750.0,14597917.0,2341994.5915,849509.7263888643
2026-02-26,15230127.66,403,642567.0,14587560.66,2417110.069734,814980.4564441785
2026-02-27,19254540.36,513,476039.0,18778501.36,3133927.528764,1032627.1994559579
2026-02-28,9248371.0,334,200000.0,9048371.0,1781613.7785,
2026-03-01,2186341.0,100,0.0,2186341.0,484493.9259,115495.84087738747
2026-03-02,11146452.0,385,541621.0,10604831.0,2025709.3273,587855.9814138262
2026-03-03,13580465.16,430,0.0,13580465.16,2370948.022184,727615.1349203228
2026-03-04,13906591.0,430,680232.0,13226359.0,2392861.242,748438.1268931037
2026-03-05,11611573.0,328,480000.0,11131573.0,1973233.0305,629548.2339438569
2026-03-06,12799233.0,357,736717.0,12062516.0,2111701.225,699005.7299401257
2026-03-07,6168715.0,222,0.0,6168715.0,1133554.7868,335401.6530706639
2026-03-08,681200.0,55,0.0,681200.0,146381.18,35483.24164658578
2026-03-09,12232954.0,326,258306.0,11974648.0,2001134.4861,681751.8537716742
2026-03-10,14055309.0,370,681403.0,13373906.0,2196806.1571,782465.87115416
2026-03-11,13021979.59,367,900532.0,12121447.59,2163208.122141,723736.7877695854
2026-03-12,25299721.1,541,1151045.0,24148676.1,3489663.25339,1424570.9861321554
2026-03-13,23177593.0,486,0.0,23177593.0,3150024.2472,1310298.0923699741
2026-03-14,10655263.0,316,714289.0,9940974.0,1730867.6181,595942.0839666879
2026-03-15,1431470.0,87,0.0,1431470.0,325083.603,77289.2534845124
2026-03-16,19739205.0,483,1711424.0,18027781.0,2937823.2951,1117165.697774599
2026-03-17,16844828.0,383,1343538.0,15501290.0,2472489.6603,958033.3462142466
2026-03-18,12931454.0,347,287400.0,12644054.0,1958560.3655,732034.9124699833
2026-03-19,11292858.0,344,213000.0,11079858.0,1834388.7685,634097.1420374017
2026-03-20,12746545.0,355,600000.0,12146545.0,1883953.1795,736448.3440243861
2026-03-21,6104695.0,228,200000.0,5904695.0,1039884.2304,345206.0641755247
2026-03-22,1331961.0,71,0.0,1331961.0,244962.9779,74271.98310829398
2026-03-23,12062584.0,381,205000.0,11857584.0,1985209.2147,700666.2386155992
2026-03-24,12440961.0,347,668160.0,11772801.0,1928869.2065,714313.2529131292
2026-03-25,12946413.0,319,700000.0,12246413.0,1829855.9247,742750.7669245944
2026-03-26,18170101.0,345,4740761.0,13429340.0,2274937.9779,983190.0413257963
2026-03-27,12212319.0,358,625520.0,11586799.0,2239347.7237,707808.9757085057
2026-03-28,8107618.0,273,0.0,8107618.0,1555048.9605,462864.8500804554
2026-03-29,1546980.0,83,0.0,1546980.0,352203.802,86543.97129220935
2026-03-30,14156977.0,452,580000.0,13576977.0,2553427.4439,805238.5810997771
2026-03-31,15995290.77,510,232500.0,15762790.77,2897402.379423,919964.6619345803
2026-04-01,11829774.34,429,380000.0,11449774.34,2210691.719066,671757.4105714777
2026-04-02,1720978.0,107,0.0,1720978.0,384468.2072,94351.4716840585
2026-04-03,817730.0,70,0.0,817730.0,200215.508,44642.00498268562
2026-04-04,4566809.0,228,0.0,4566809.0,963421.0981,258223.45127054452
2026-04-05,1733655.0,88,0.0,1733655.0,349428.4595,95544.22951267728
2026-04-06,9315366.2,353,0.0,9315366.2,1782234.57688,529035.5225608858
2026-04-07,12291723.0,390,237500.0,12054223.0,2122783.0236,706522.1512945424
2026-04-08,10410325.0,371,227700.0,10182625.0,1840310.2403,599242.2700730173
2026-04-09,12918380.0,345,1648244.0,11270136.0,2027419.4284,750483.846219765
2026-04-10,14986513.04,396,1667892.0,13318621.04,2332660.315896,872848.7757247642
2026-04-11,7134060.0,255,200000.0,6934060.0,1236233.416,412967.7605445407
2026-04-12,779478.0,45,0.0,779478.0,166276.4822,43270.532988144914
2026-04-13,10538713.0,338,661300.0,9877413.0,1819627.7853,599489.0263754462
2026-04-14,14382102.2,424,954602.0,13427500.2,2613228.79028,834291.192387735
2026-04-15,17027252.0,485,750170.0,16277082.0,3128765.1863,1023128.8063915351
2026-04-16,21480612.05,471,1920090.0,19560522.05,3404315.618145,1322371.8955889589
2026-04-17,24452331.0,522,2102095.0,22350236.0,3728787.7687,1482311.8899866838
2026-04-18,11146057.0,312,890828.0,10255229.0,1786883.5493,676261.5751446317
2026-04-19,2492419.0,89,0.0,2492419.0,423033.779,154029.99355433625
2026-04-20,25143498.0,542,1673789.0,23469709.0,3732769.4994,1548238.7567074127
2026-04-21,27714941.0,582,1949857.0,25765084.0,3883193.4355,1704099.0071398064
2026-04-22,20056034.0,482,1395387.0,18660647.0,3095710.1668,1191725.5676883732
2026-04-23,17072681.23,404,1198939.23,15873742.0,2538819.139927,1022504.322783209
2026-04-24,15406828.0,352,987021.0,14419807.0,2346845.3126,920292.3655390027
2026-04-25,5027887.0,175,0.0,5027887.0,910496.1563,291474.9729470293
2026-04-26,3053961.0,172,0.0,3053961.0,710953.9818,177528.5083626615
2026-04-27,15282529.0,440,739780.0,14542749.0,2701010.6404,902225.3502540175
2026-04-28,16478812.0,464,1118106.0,15360706.0,3069529.0461,960737.9020922102
2026-04-29,15716570.95,395,922269.0,14794301.95,2806281.141455,930519.345349291
2026-04-30,18550056.44,478,1920050.5,16630005.94,3142475.711156,1089653.2957458717
2026-05-01,1434893.0,94,0.0,1434893.0,352947.0607,79983.44183647308
2026-05-02,5671364.0,248,229000.0,5442364.0,1153026.4651,336509.19195683143
2026-05-03,1156623.0,75,0.0,1156623.0,271109.4527,67047.63938727613
2026-05-04,9962399.0,356,445800.0,9516599.0,1994629.6351,596459.0211073615
2026-05-05,12752123.0,423,453909.0,12298214.0,2379603.6254,766405.286895161
2026-05-06,10816451.0,323,200000.0,10616451.0,1898785.6484,645993.4125746773
2026-05-07,11073787.0,353,498000.0,10575787.0,1986477.3802,659620.8590438215
2026-05-08,11332949.0,325,456956.0,10875993.0,1896046.5164,673354.5224368764
2026-05-09,4672582.0,183,492313.0,4180269.0,901919.0355,277094.688538468
2026-05-10,876830.0,56,0.0,876830.0,206876.317,49208.86559559934
2026-05-11,8944459.88,297,463800.0,8480659.88,1584179.747712,509963.8797983841
2026-05-12,11283130.0,296,1196799.0,10086331.0,1848855.0766,654663.7860454362
2026-05-13,20565355.0,445,1151297.0,19414058.0,3075257.7487,1200263.2463847753
2026-05-14,20433736.0,469,1981566.0,18452170.0,3220662.2881,1180066.894635995
2026-05-15,20991749.0,473,1705998.0,19285751.0,3301329.7345,1188448.706930953
2026-05-16,9956085.0,263,426246.0,9529839.0,1671190.2405,563527.0457063072
2026-05-17,1082397.0,63,0.0,1082397.0,232222.4795,60206.74129918416
2026-05-18,13985817.0,391,665943.0,13319874.0,2444805.2046,786106.9866703845
2026-05-19,16372879.0,430,1326146.0,15046733.0,2760965.0831,898498.9032263283
2026-05-20,14890563.0,401,462851.0,14427712.0,2514885.6518,830667.646805802
2026-05-21,17850323.0,397,2271305.0,15579018.0,2696192.7997,1002273.7244952313
2026-05-22,17496099.3,380,2183873.0,15312226.3,2653561.09667,972310.995425261
2026-05-23,8236426.0,220,530000.0,7706426.0,1330141.9235,460132.4619928495
2026-05-24,743550.0,53,0.0,743550.0,160899.612,39759.59391772263
2026-05-25,15218850.0,404,689410.0,14529440.0,2469344.6378,830749.7451997589
2026-05-26,17481039.0,396,1429664.0,16051375.0,2862220.0542,969069.0544936279
2026-05-27,17440142.0,399,473184.0,16966958.0,2701239.0946,904288.7291353081
2026-05-28,19122778.31,398,1451812.0,17670966.31,2949295.644819,947016.5902068827
2026-05-29,28528969.5,505,4931995.5,23596974.0,4314137.56225,1514224.6234131914
2026-05-30,11134630.0,332,654569.0,10480061.0,1826931.1587,
2026-05-31,2702596.0,109,0.0,2702596.0,503781.7384,
2026-06-01,12139425.2,356,416866.0,11722559.2,2142255.16168,660700.7665836512
2026-06-02,13386521.0,356,876401.0,12510120.0,2191160.1438,730793.0116892813
2026-06-03,10268194.01,310,460975.0,9807219.01,1726701.268599,565900.8286020855
2026-06-04,12091266.02,309,1151251.49,10940014.53,1925456.731598,667271.4491506539
2026-06-05,16626287.0,418,900000.0,15726287.0,2571620.8598,951046.9933963611
2026-06-06,6411518.0,212,0.0,6411518.0,1074015.74,371983.62212192523
2026-06-07,1417850.0,70,0.0,1417850.0,316889.86,81306.15483034462
2026-06-08,11587077.0,368,763723.0,10823354.0,1967585.3775,623333.8778654468
2026-06-09,9174228.0,289,407193.0,8767035.0,1518543.622,504808.36212110147
2026-06-10,12429111.0,324,1254029.0,11175082.0,1955435.4186,656181.0744392907
2026-06-11,15401069.0,381,1121440.0,14279629.0,2475337.0028,831037.8424217199
2026-06-12,19584938.0,467,1340152.0,18244786.0,2932710.7801,1051519.132153224
2026-06-13,10045695.0,293,0.0,10045695.0,1678490.1271,551619.356139589
2026-06-14,1638522.0,92,0.0,1638522.0,346405.4358,89732.66993544089
2026-06-15,18056446.0,471,2709446.0,15347000.0,2811148.729,986386.9879580532
2026-06-16,17689777.0,416,1897585.0,15792192.0,2668077.9853,928250.1452206776
2026-06-17,13427386.0,343,1648058.0,11779328.0,2029832.6601,681717.2885396659
2026-06-18,13159185.0,330,1361459.0,11797726.0,2013452.7144,714993.2516127612
2026-06-19,14281486.0,344,695756.0,13585730.0,2091284.401,757789.1421124543
2026-06-20,6360691.3,241,0.0,6360691.3,1047436.03377,357031.9771946814
2026-06-21,803938.0,64,0.0,803938.0,172220.1162,43631.06056181417
2026-06-22,13191795.7,362,893034.0,12298761.7,2040435.43473,697666.2230018883
2026-06-23,13833105.47,297,933076.0,12900029.47,2016059.762553,682831.7319126732
2026-06-24,13632700.0,308,952572.0,12680128.0,2005159.9798,616446.0029830724
2026-06-25,13550640.0,296,1738284.0,11812356.0,1965886.4647,605048.1372163921
2026-06-26,12442068.2,315,226100.0,12215968.2,1946796.74808,465981.2813070712
2026-06-27,10537496.0,321,980200.0,9557296.0,1894859.993,454663.34558517975
2026-06-28,1857648.0,112,0.0,1857648.0,458029.1556,99289.85338367482
2026-06-29,3609756.0,173,0.0,3609756.0,803541.8286,198947.3963594573
2026-06-30,29091283.39,669,2759949.0,26331334.39,4695226.276461,1167569.876655275
2026-07-01,18007167.0,429,1202956.0,16804211.0,2991868.5839,1009822.0406910841
2026-07-02,18219474.34,500,465040.0,17754434.34,3198671.991666,1014251.7878446691
2026-07-03,18950782.0,480,864169.0,18086613.0,3044078.1411,1053472.5520615424
2026-07-04,8790861.0,291,669071.0,8121790.0,1636347.6677,485322.8218076256
2026-07-05,1324178.0,90,0.0,1324178.0,316860.5724,70782.18979988295
2026-07-06,17261436.62,476,1161692.0,16099744.62,3022525.779938,947976.4298077077
2026-07-07,15259642.75,400,1404523.0,13855119.75,2548532.313225,842744.8848304882
2026-07-08,16899540.0,411,1601610.0,15297930.0,2707067.5826,932703.2249177729
2026-07-09,15616992.0,348,947044.0,14669948.0,2389530.142,873811.1443275977
2026-07-10,15801376.0,382,1043163.0,14758213.0,2471241.4902,880403.7416123061
2026-07-11,7609031.0,230,1122608.0,6486423.0,1313158.5158,425626.12072869786
2026-07-12,837107.0,58,0.0,837107.0,185804.8443,45505.81986823437
2026-07-13,15914099.0,397,1082451.0,14831648.0,2597022.1706,884283.6037670404
2026-07-14,23366056.0,565,2243647.0,21122409.0,3893436.917,1294194.4184803313
2026-07-15,22240147.66,524,2043092.0,20197055.66,3634572.378834,1250339.0894293333
2026-07-16,18173291.42,501,1365656.0,16807635.42,3227732.660958,1012667.9266646891
2026-07-17,17458196.0,464,745552.0,16712644.0,3036976.6828,974454.0735168514
2026-07-18,9947008.0,271,0.0,9947008.0,1786916.6808,557098.6262626211
2026-07-19,1794094.0,98,0.0,1794094.0,434867.3916,96884.7698082135
2026-07-20,18687882.0,475,600454.0,18087428.0,3256030.451,1068937.0021903873
2026-07-21,17162009.57,450,1343895.0,15818114.57,3007997.432393,985320.1142944242
2026-07-22,16724771.36,420,256000.0,16468771.36,3016482.115464,957960.9461072739
2026-07-23,3051802.0,144,0.0,3051802.0,653136.1908,171175.79664437866
2026-07-24,23131469.0,579,1669967.0,21461502.0,3950456.6541,1326845.8971298868
2026-07-25,10730459.0,296,2845536.0,7884923.0,1762780.0745,596472.2472324261
2026-07-26,1685983.0,99,0.0,1685983.0,424948.3392,93777.50951599964
2026-07-27,20000971.0,546,1360486.0,18640485.0,3499756.4489,1149443.979343002
2026-07-28,1520859.0,118,0.0,1520859.0,401983.865,81065.1215899082
2026-07-29,1404245.0,103,0.0,1404245.0,359325.8512,77033.23634947739
2026-07-30,20274531.0,545,3545941.0,16728590.0,3588547.421,1138245.170734365
2026-07-31,21600387.84,585,1791103.0,19809284.84,3901105.550916,1245772.747447225
2026-08-01,8909197.0,311,0.0,8909197.0,1739912.0423,512436.0525540572
2026-08-02,2507594.0,162,0.0,2507594.0,634348.8476,144230.90776511497
2026-08-03,14043674.0,463,0.0,14043674.0,2705606.6428,807759.0907369144
2026-08-04,17443581.38,459,837682.0,16605899.38,3097671.816762,1003313.7649524021
2026-08-05,22193543.84,545,921965.0,21271578.84,3799405.979116,1276520.4313649172
2026-08-06,2480470.0,149,0.0,2480470.0,547631.1957,142670.7990943249
2026-08-07,25794184.01,650,446400.0,25347784.01,4437957.224049,1483620.783437314
2026-08-08,11859765.0,386,447992.0,11411773.0,2151650.2173,682145.7827028367
2026-08-09,1561004.0,115,0.0,1561004.0,418353.4096,89785.27781809002
2026-08-10,24135943.41,619,1636615.2,22499328.21,3996401.787279,1388242.6851363264
2026-08-11,22843094.0,560,1089400.0,21753694.0,3628803.319,1313881.0285013646
2026-08-12,22416712.74,550,1793859.74,20622853.0,3685614.140426,1289356.58148808
2026-08-13,22418254.79,588,708806.0,21709448.79,3631705.275921,1289445.2765764063
2026-08-14,22221612.12,731,681980.0,21539632.12,3955150.194788,1278134.8527998868
2026-08-15,11860555.0,607,0.0,11860555.0,2551120.7107,682191.2216443614
2026-08-16,4147701.0,274,0.0,4147701.0,1015781.8449,238566.00405339745
2026-08-17,24109605.0,785,1163937.0,22945668.0,4447228.8836,1386727.7617542364
2026-08-18,20341157.0,694,1866614.0,18474543.0,3976778.6303,1169975.4980681557
2026-08-19,21497622.12,662,472297.0,21025325.12,3845320.575488,1236492.6511863614
2026-08-20,17969897.0,622,856538.0,17113359.0,3325354.4785,1033586.2012573067
2026-08-21,20717238.08,649,2007528.0,18709710.08,3727986.685492,1191606.7970590151
2026-08-22,9067700.0,396,201760.0,8865940.0,1859518.585,521552.7722357496
2026-08-23,1966424.0,165,0.0,1966424.0,496393.5276,113104.08246754002
2026-08-24,14529285.0,535,499469.0,14029816.0,2840504.428,835690.2930570367
2026-08-25,16639660.53,556,606416.5,16033244.03,3086026.666897,957074.1288842028
2026-08-26,40000.0,2,0.0,40000.0,10546.0,2300.7059

data_dictionary

# Diccionario de datos — SaldosPlaneamiento

Este documento describe cada columna de los cinco archivos CSV generados a partir del modelo `SaldosPlaneamiento` en Power BI Desktop, mediante `powerbi-modeling-mcp` en modo de solo lectura.

Convenciones generales: moneda PEN, importes en soles, tasas en decimal, fechas en `YYYY-MM-DD`, periodos en texto `YYYYMM`. Un campo vacío representa `null` (dato desconocido o no aplicable), salvo en `big`/`small` de `daily_disbursements.csv`, donde un valor vacío en el origen se convirtió a `0` únicamente cuando se comprobó ausencia real de operación (no cuando el dato era desconocido).

---

## daily_disbursements.csv

| Columna | Fuente | Campo o medida | Agregación/transformación | Unidad | Signo esperado | Regla de nulos |
|---|---|---|---|---|---|---|
| fecha | BD_Desembolsos / DimCalendario | FECDESEMBOLSO | Fecha calendario diaria, `FORMAT(fecha,"YYYY-MM-DD")` | fecha ISO | n/a | requerido, sin fechas faltantes (603/603) |
| monto | BD_Desembolsos | MTODESEMBOLSADOSOL | `SUM` por fecha (≡ medida `01.VentasR`) | soles | positivo | `0` si el día no tuvo operaciones (ausencia comprobada) |
| nro_creditos | BD_Desembolsos | Key | `DISTINCTCOUNT` por fecha (≡ medida `04. Nro_Creditos`) | conteo entero | positivo | `0` si no hubo operaciones |
| big | BD_Desembolsos | MTODESEMBOLSADOSOL filtrado `CLASIFICACION="BIG TICKET"` | `SUM` condicional por fecha (≡ medida `03. Big_Ticket`) | soles | positivo | `0` únicamente cuando se comprobó ausencia de Big Ticket ese día |
| small | BD_Desembolsos | MTODESEMBOLSADOSOL filtrado `CLASIFICACION="SMALL TICKET"` | `SUM` condicional por fecha (≡ medida `07. Small_Ticket`) | soles | positivo | `0` si no hubo Small Ticket (no observado en los datos) |
| num_tasa_des | BD_Desembolsos | MTODESEMBOLSADOSOL × TASAINTERES | `SUMX` por fecha. Numerador de la medida `02. TDesembolsoR`. TASAINTERES ya está en decimal, sin escala adicional | soles×decimal | positivo | `0` si no hubo operaciones |
| num_ftp | BD_Desembolsos | MTODESEMBOLSADOSOL × TASA_FTP | `SUMX` por fecha. Numerador de la medida `07. Tasa_FTP_Posi` (signo positivo original) | soles×decimal | positivo | `0` si no hubo operaciones; **`null` (vacío) en 9 fechas donde `TASA_FTP` está completamente nula en el origen: 2025-05-31, 2025-08-30, 2025-08-31, 2025-11-29, 2025-11-30, 2026-01-31, 2026-02-28, 2026-05-30, 2026-05-31** |

**Validación:** `monto = big + small` en las 603 filas, diferencia máxima 3.7×10⁻⁹ soles.

---

## monthly_stock.csv

| Columna | Fuente | Campo o medida | Agregación/transformación | Unidad | Signo esperado | Regla de nulos |
|---|---|---|---|---|---|---|
| periodo | BD_Stock_Cartera | FECHA_ANALISIS | `FORMAT(fecha,"YYYYMM")` | texto YYYYMM | n/a | requerido |
| nuevos | BD_Stock_Cartera | SALDO filtrado `TIPOCLIENTE="Nuevos"` | `SUM` condicional (≡ medida `13. Nuevos`, sin el `/1000` de presentación) | soles | positivo | `0` si el periodo no tuvo la categoría (no observado) |
| amortizacion | BD_Stock_Cartera | SALDO filtrado `TIPOCLIENTE="Amortizacion"` | `SUM` condicional (≡ medida `12. Amortizacion`, sin `/1000`) | soles | **negativo (signo original conservado)** | `0` si no existiera la categoría (no observado) |
| fuga | BD_Stock_Cartera | SALDO filtrado `TIPOCLIENTE="Fuga"` | `SUM` condicional (≡ medida `11. Fuga`, sin `/1000`) | soles | **negativo (signo original conservado)** | `0` si no existiera la categoría (no observado) |
| saldo_final | BD_Stock_Cartera | SALDO filtrado `TIPOCLIENTE="Stock Final"` | `SUM` condicional, **soles crudos, sin dividir entre 1000** (el `/1000` de la medida `01 Saldo_Fin` es solo presentación visual) | soles | positivo | `0` si no existiera la categoría (no observado) |
| num_tasa_cartera | BD_Stock_Cartera | SALDO_X_TASA filtrado `TIPOCLIENTE="Stock Final"` | `SUM(SALDO_X_TASA) / 100` — **normalizado desde puntos porcentuales a decimal** antes de formar el numerador | soles×decimal | positivo | `0` si no existiera la categoría |
| den_tasa_cartera | BD_Stock_Cartera | SALDO filtrado `TIPOCLIENTE="Stock Final"` | `SUM` condicional (idéntico a `saldo_final`) | soles | positivo | `0` si no existiera la categoría |

**Fórmulas de validación:**
- `saldo_final actual = saldo_final anterior + nuevos + amortizacion + fuga` (con `amortizacion` y `fuga` en su signo negativo original) — verificado en las 19 transiciones consecutivas, diferencia máxima 4.8×10⁻⁷ soles.
- `num_tasa_cartera / den_tasa_cartera` reproduce exactamente la medida `05. Tasa_Cartera` en decimal (verificado en 202501, 202607, 202608).

---

## monthly_pnl.csv

Cobertura real: **202601–202607 únicamente** (`BD_FemALL` no contiene 2025 ni agosto 2026).

| Columna | Fuente | Campo o medida | Agregación/transformación | Unidad | Signo esperado | Regla de nulos |
|---|---|---|---|---|---|---|
| periodo | BD_FemALL | AS_OF_DATE | `FORMAT(fecha,"YYYYMM")` | texto YYYYMM | n/a | requerido |
| dias_mes | DimCalendario (vía fórmula del propio modelo) | — | `DAY(EOMONTH(AS_OF_DATE,0))` — fórmula literal usada internamente por las medidas `42. PNL Tasa Implicita` y `46. PNL Tasa FTP` | días | positivo | requerido |
| saldo_inicial | **`monthly_stock.csv[saldo_final]`** (archivo autoritativo de la Fase 2, no BD_FemALL) | saldo_final | Desplazamiento de un periodo mensual: `saldo_inicial[periodo] = saldo_final de monthly_stock.csv[periodo anterior]`. **No se usó la medida `78. PNL Mes Ant Saldo FdP`** (ver advertencia) | soles | positivo | `null` únicamente si no existe el periodo anterior |
| saldo_final | BD_FemALL | CUR_BOOK_BAL_SOLES | `SUM` (≡ medida `22. PNL Saldo FdP`) | soles | positivo | requerido |
| saldo_promedio | BD_FemALL | AVG_BOOK_BAL_SOLES | `SUM` (≡ medida `26. PNL Saldo Prom`). **Es una columna real de origen, no un promedio simple entre saldo inicial y final** | soles | positivo | requerido |
| ingreso_financiero | BD_FemALL | INTEREST_INC_EXP_SOLES | `SUM` (≡ medida `30. PNL Ingreso Financiero`) | soles | positivo | requerido |
| costo_fondos | BD_FemALL | TRANSFER_CHARGE_CREDIT_SOLES | `SUM` (≡ medida `34. PNL Costo de Fondo`). Almacenado positivo en el origen | soles | positivo | requerido |
| rfb | — | — | `ingreso_financiero - costo_fondos` (≡ medida `38. PNL RFB` = `[30.]-[34.]`, es una **resta**, no una suma) | soles | puede ser negativo | requerido |

**Justificación de `saldo_inicial`:** la medida `78. PNL Mes Ant Saldo FdP` usa `DATEADD(DimCalendario[Date],-1,MONTH)`, que hace un desplazamiento naive por número de día. Falla (devuelve vacío) en transiciones donde el mes actual tiene menos días que el necesario para alcanzar el día de fin de mes anterior (202602, 202604, 202606 fallaron; 202603, 202605, 202607 funcionaron por coincidencia de calendario). No se modificó la medida. Se validó que `22. PNL Saldo FdP` coincide con `saldo_final` de `monthly_stock.csv` en los 7 periodos (diferencia máxima 8.1×10⁻⁶ soles), lo que habilitó usar esa serie como fuente confiable de `saldo_inicial`.

---

## monthly_budget.csv

Formato tidy (`periodo, metrica, valor`). Cobertura: **202601–202612** (presupuesto anual completo; incluye meses posteriores al último real, 202608).

| Columna | Descripción |
|---|---|
| periodo | Texto `YYYYMM`, de `DB_Desembolsos_PPTO[CODMES]` |
| metrica | Nombre literal de la métrica encontrada en el origen (`Stock`, `Sprom`, `IF`, `FTP`, `Nuevos`) |
| valor | Ver detalle por métrica abajo. Agregado (`SUM`) sobre `SEGMENTO` y `Situacion` para obtener una fila única por `periodo + metrica` |

**Detalle por métrica:**

| Métrica | Campo fuente | Unidad origen | Transformación | Unidad final | Naturaleza |
|---|---|---|---|---|---|
| Stock | DB_Desembolsos_PPTO[SFdP] filtrado `Metrica="Stock"` | miles de soles | `×1000` | soles | Saldo de cartera presupuestado |
| Sprom | DB_Desembolsos_PPTO[Sprom] filtrado `Metrica="Sprom"` | miles de soles | `×1000` | soles | Saldo promedio presupuestado |
| IF | DB_Desembolsos_PPTO[IF] filtrado `Metrica="IF"` | miles de soles | `×1000` | soles | Ingreso financiero presupuestado |
| FTP | DB_Desembolsos_PPTO[FTP] filtrado `Metrica="FTP"` | miles de soles | `×1000` | soles | Costo de fondos presupuestado (confirmado por las medidas `50/54/58/62. PNL PPTO`) |
| Nuevos | DB_Desembolsos_PPTO[MTODESEMBOLSADOSOL] filtrado `Metrica="Nuevos"` | **soles directos** | `×1` | soles | Desembolsos presupuestados |

**Excluido deliberadamente:** la columna `FTP` y `TASAINTERES` de las filas con `Metrica="Nuevos"` contienen **tasas** (decimal, no montos) y no se incorporaron a este archivo para no mezclar significados distintos bajo el mismo nombre de columna.

---

## base_mensual.csv

Cobertura: **202501–202608** (20 filas), construido exclusivamente a partir de `daily_disbursements.csv` (agregado a nivel mensual) y `monthly_stock.csv` (unido por `periodo`), sin nuevas consultas a Power BI.

| Columna | Fuente | Agregación/transformación | Unidad | Signo esperado | Regla de nulos |
|---|---|---|---|---|---|
| periodo | daily_disbursements.csv[fecha] | año+mes de `fecha`, `YYYYMM` | texto YYYYMM | n/a | requerido |
| desembolsos | daily_disbursements.csv[monto] | `SUM` mensual | soles | positivo | requerido |
| nro_creditos | daily_disbursements.csv[nro_creditos] | `SUM` mensual | conteo entero | positivo | requerido |
| big_ticket | daily_disbursements.csv[big] | `SUM` mensual | soles | positivo | requerido |
| small_ticket | daily_disbursements.csv[small] | `SUM` mensual | soles | positivo | requerido |
| num_tasa_des | daily_disbursements.csv[num_tasa_des] | `SUM` mensual | soles×decimal | positivo | requerido |
| num_ftp | daily_disbursements.csv[num_ftp] | `SUM` mensual, **solo si todos los días del mes tienen el dato informado** | soles×decimal | positivo | `null` en los 6 meses con FTP incompleto (ver abajo); no se sumó parcialmente ni se imputó |
| nuevos | monthly_stock.csv[nuevos] | unión directa por periodo | soles | negativo/positivo según fuente | igual a monthly_stock.csv |
| amortizacion | monthly_stock.csv[amortizacion] | unión directa por periodo | soles | **negativo (conservado)** | igual a monthly_stock.csv |
| fuga | monthly_stock.csv[fuga] | unión directa por periodo | soles | **negativo (conservado)** | igual a monthly_stock.csv |
| saldo_final | monthly_stock.csv[saldo_final] | unión directa por periodo | soles | positivo | igual a monthly_stock.csv |
| num_tasa_cartera | monthly_stock.csv[num_tasa_cartera] | unión directa por periodo | soles×decimal | positivo | igual a monthly_stock.csv |
| den_tasa_cartera | monthly_stock.csv[den_tasa_cartera] | unión directa por periodo | soles | positivo | igual a monthly_stock.csv |
| tasa_des | — | `num_tasa_des / desembolsos` | decimal | positivo | `null` si `desembolsos = 0` |
| ftp_original | — | `num_ftp / desembolsos` (signo positivo original) | decimal | positivo | `null` si `desembolsos = 0` o si el mes tiene FTP incompleto |
| ftp_dax | — | `-1 × ftp_original` (≡ medida `07. Tasa_FTP`) | decimal | negativo | `null` si `ftp_original` es `null` |
| spread | — | `tasa_des + ftp_dax` (≡ medida `08. Spread` = `[02.]+[07.]`) | decimal | puede ser negativo | `null` si `ftp_dax` es `null` |
| tasa_cartera | — | `num_tasa_cartera / den_tasa_cartera` (≡ medida `05. Tasa_Cartera`) | decimal | positivo | `null` si `den_tasa_cartera = 0` |

**Aclaraciones:**
- `big_ticket + small_ticket = desembolsos` (verificado, diferencia máxima 6.0×10⁻⁸ soles).
- `saldo_final actual = saldo_final anterior + nuevos + amortizacion + fuga` (heredado de `monthly_stock.csv`, ya validado).
- `nuevos`, `amortizacion`, `fuga` y `saldo_final` coinciden **exactamente** con `monthly_stock.csv` (0 discrepancias en las 20 filas).
- Los **seis meses con FTP mensual incompleto** (`202505`, `202508`, `202511`, `202601`, `202602`, `202605`) tienen `num_ftp`, `ftp_original`, `ftp_dax` y `spread` en `null`. El resto de columnas de esos meses se calculó normalmente, ya que no dependen de `TASA_FTP`.
- **Diferencia no explicada:** en `202503`, `desembolsos = 244,038,535.06` vs `nuevos = 243,781,610.06` (diferencia = S/ 256,925.00). Esta diferencia entre fuentes distintas (`BD_Desembolsos` vs `BD_Stock_Cartera`) no tiene una causa confirmada; no se ajustó ni se infirió explicación.
- **Diferencia explicada por corte:** en `202608`, `desembolsos = 383,715,475.02` vs `nuevos = 383,675,475.02` (diferencia = S/ 40,000.00), que corresponde exactamente al desembolso registrado el 2026-08-26 (posterior al corte de stock del 2026-08-25).

model_metadata

{
  "schema_version": "1.0",
  "model": {
    "name": "SaldosPlaneamiento",
    "catalog": "789c834a-fdb6-4aaf-8025-4d482abada34",
    "dataset_id": null,
    "dataset_id_limitation": "El servidor powerbi-modeling-mcp conecta contra una instancia local de Power BI Desktop (Analysis Services Workspace), que no expone un dataset_id de Power BI Service distinto del catalog/databaseName local. No se infirió ni se fabricó un valor."
  },
  "extraction": {
    "timestamp_iso": "2026-09-03T14:44:09+00:00",
    "start_date": "2025-01-01",
    "last_refresh": null,
    "last_refresh_limitation": "No se obtuvo de un metadato confiable expuesto por el MCP para un modelo local de Power BI Desktop. No se infirió a partir de la fecha máxima de datos. Se deja null.",
    "max_daily_date": "2026-08-26",
    "last_closed_month_confirmed": "202607",
    "partial_month": "202608",
    "access_mode": "read-only",
    "mcp_configuration": "powerbi-modeling-mcp configurado con --readonly, sin --skipconfirmation, confirmado manualmente por el usuario antes de iniciar la extracción. No se ejecutó ninguna operación de escritura sobre el modelo, medidas, tablas, relaciones, consultas, parámetros ni metadatos en ningún momento del proceso.",
    "model_object_counts": {
      "tables": 15,
      "columns": 91,
      "measures": 157,
      "relationships": 6
    }
  },
  "units": {
    "currency": "PEN",
    "amounts": "soles",
    "rates": "decimal",
    "dates": "YYYY-MM-DD",
    "periods": "YYYYMM",
    "nro_creditos": "conteo entero"
  },
  "source_coverage": {
    "BD_Desembolsos": {
      "type": "real",
      "min": "2025-01-01",
      "max": "2026-08-26",
      "granularity": "diaria"
    },
    "BD_Stock_Cartera": {
      "type": "real",
      "min": "2025-01-31",
      "max": "2026-08-25",
      "granularity": "mensual (snapshots de fin de mes, excepto el último corte parcial)"
    },
    "BD_FemALL": {
      "type": "real",
      "min": "202601",
      "max": "202607",
      "granularity": "mensual",
      "note": "No contiene información de 2025 ni de agosto 2026."
    },
    "DB_Desembolsos_PPTO": {
      "type": "presupuesto",
      "min": "202601",
      "max": "202612",
      "granularity": "mensual",
      "note": "Incluye meses presupuestados posteriores al último mes real disponible (202608)."
    },
    "DimCalendario": {
      "type": "calendario",
      "min": "2025-01-01",
      "max": "2026-12-31",
      "note": "La fecha máxima de la tabla calendario (2026-12-31) es el límite de la tabla de fechas del modelo, no representa disponibilidad real de datos en ninguna tabla de hechos."
    }
  },
  "csv_files": {
    "daily_disbursements.csv": {
      "rows": 603,
      "size_bytes": 45227,
      "sha256": "a8572d565562dfc2b511e023a3353b1b601e0a979e3ce7b7f26e7e6a2dd6c024",
      "date_min": "2025-01-01",
      "date_max": "2026-08-26",
      "source_tables": ["BD_Desembolsos"]
    },
    "monthly_stock.csv": {
      "rows": 20,
      "size_bytes": 2175,
      "sha256": "4b7d23aee22c4eec6f354445c5d61694b6415b0445ccd471336827233e116058",
      "period_min": "202501",
      "period_max": "202608",
      "source_tables": ["BD_Stock_Cartera"]
    },
    "monthly_pnl.csv": {
      "rows": 7,
      "size_bytes": 847,
      "sha256": "47c8993843399f5e0843b8a287f95a7b5edae5b692f32c9b5fb5abedd5302e3d",
      "period_min": "202601",
      "period_max": "202607",
      "source_tables": ["BD_FemALL", "monthly_stock.csv (saldo_inicial derivado)"]
    },
    "monthly_budget.csv": {
      "rows": 60,
      "size_bytes": 1830,
      "sha256": "4eb724e8a9bbc6513c634057b5df86506c9de3db5bc89ec216e7f4e0fc0f73c5",
      "period_min": "202601",
      "period_max": "202612",
      "source_tables": ["DB_Desembolsos_PPTO"]
    },
    "base_mensual.csv": {
      "rows": 20,
      "size_bytes": 4423,
      "sha256": "c432981dda9fff2b76a7ef779ec65e8ceeaf47d7cdbc9cafad7b9ce4cdf06edf",
      "period_min": "202501",
      "period_max": "202608",
      "source_tables": ["daily_disbursements.csv", "monthly_stock.csv"],
      "note": "Construido únicamente a partir de los dos CSV autoritativos de la Fase 2, sin nuevas consultas a Power BI."
    }
  },
  "objects_used": {
    "tables": [
      "BD_Desembolsos",
      "BD_Stock_Cartera",
      "BD_FemALL",
      "DB_Desembolsos_PPTO",
      "DimCalendario"
    ],
    "columns": [
      "BD_Desembolsos[FECDESEMBOLSO]",
      "BD_Desembolsos[MTODESEMBOLSADOSOL]",
      "BD_Desembolsos[Key]",
      "BD_Desembolsos[CLASIFICACION]",
      "BD_Desembolsos[TASAINTERES]",
      "BD_Desembolsos[TASA_FTP]",
      "BD_Stock_Cartera[FECHA_ANALISIS]",
      "BD_Stock_Cartera[TIPOCLIENTE]",
      "BD_Stock_Cartera[SALDO]",
      "BD_Stock_Cartera[SALDO_X_TASA]",
      "BD_FemALL[AS_OF_DATE]",
      "BD_FemALL[CUR_BOOK_BAL_SOLES]",
      "BD_FemALL[AVG_BOOK_BAL_SOLES]",
      "BD_FemALL[INTEREST_INC_EXP_SOLES]",
      "BD_FemALL[TRANSFER_CHARGE_CREDIT_SOLES]",
      "DB_Desembolsos_PPTO[CODMES]",
      "DB_Desembolsos_PPTO[Metrica]",
      "DB_Desembolsos_PPTO[Situacion]",
      "DB_Desembolsos_PPTO[SEGMENTO]",
      "DB_Desembolsos_PPTO[SFdP]",
      "DB_Desembolsos_PPTO[Sprom]",
      "DB_Desembolsos_PPTO[IF]",
      "DB_Desembolsos_PPTO[FTP]",
      "DB_Desembolsos_PPTO[MTODESEMBOLSADOSOL]",
      "DimCalendario[Date]"
    ],
    "measures_referenced_for_validation": [
      "01.VentasR",
      "02. TDesembolsoR",
      "03. Big_Ticket",
      "04. Nro_Creditos",
      "07. Small_Ticket",
      "07. Tasa_FTP",
      "07. Tasa_FTP_Posi",
      "08. Spread",
      "01 Saldo_Fin",
      "02. Saldo_Inicial",
      "05. Tasa_Cartera",
      "06. Tasa_Cartera_Inicial",
      "11. Fuga",
      "12. Amortizacion",
      "13. Nuevos",
      "22. PNL Saldo FdP",
      "26. PNL Saldo Prom",
      "30. PNL Ingreso Financiero",
      "34. PNL Costo de Fondo",
      "38. PNL RFB",
      "42. PNL Tasa Implicita",
      "46. PNL Tasa FTP",
      "78. PNL Mes Ant Saldo FdP",
      "01. VentasP",
      "02. TDesembolsoP",
      "03. Tasa_FTP_P",
      "03. Tasa_FTP_P_Posi",
      "04. Spread_P",
      "08 Stock_PPTO",
      "09 Brecha_Stock_MM",
      "50. PNL PPTO Saldo FdP",
      "54. PNL PPTO Saldo Prom",
      "58. PNL PPTO Ingreso Financiero",
      "62. PNL PPTO Costo de Fondo",
      "66. PNL PPTO RFB"
    ]
  },
  "validations_performed": [
    "monto = big + small en daily_disbursements.csv (603 filas, diferencia maxima 3.7e-9)",
    "desembolsos = big_ticket + small_ticket en base_mensual.csv (20 filas, diferencia maxima 6.0e-8)",
    "saldo_final actual = saldo_final anterior + nuevos + amortizacion + fuga en monthly_stock.csv (19 transiciones, diferencia maxima 4.8e-7)",
    "rfb = ingreso_financiero - costo_fondos en monthly_pnl.csv (7 filas, diferencia maxima 3.7e-9)",
    "saldo_inicial de monthly_pnl.csv coincide exactamente con saldo_final del periodo anterior de monthly_stock.csv (7 filas)",
    "continuidad diaria sin fechas faltantes en daily_disbursements.csv (603/603)",
    "clave unica periodo en monthly_stock.csv, monthly_pnl.csv y base_mensual.csv",
    "clave unica periodo+metrica en monthly_budget.csv (60/60)",
    "ausencia de NaN e Infinity en los cinco CSV",
    "reproduccion exacta de la formula de 05. Tasa_Cartera usando (SUM(SALDO_X_TASA)/100)/SUM(SALDO) en 202501, 202607 y 202608",
    "reproduccion exacta de la formula de 02. TDesembolsoR usando SUMX(monto*tasa)/monto",
    "verificacion cruzada: 22. PNL Saldo FdP coincide con saldo_final de monthly_stock.csv en los 7 periodos de BD_FemALL (diferencia maxima 8.1e-6)",
    "diferencia de S/ 40,000 en agosto 2026 explicada exactamente por el desembolso del 2026-08-26",
    "verificacion de fallo sistematico de la medida 78 en 3 de 6 transiciones de mes (202602, 202604, 202606)"
  ],
  "quality_warnings": [
    "BD_Desembolsos cubre 2025-01-01 a 2026-08-26.",
    "BD_Stock_Cartera cubre 2025-01-31 a 2026-08-25.",
    "BD_FemALL cubre unicamente 202601-202607.",
    "DB_Desembolsos_PPTO cubre 202601-202612, incluyendo meses presupuestados posteriores al ultimo mes real.",
    "Ultimo mes cerrado confirmado: 202607.",
    "Mes parcial: 202608.",
    "Agosto 2026 tiene corte diario al 26 y corte de stock al 25; no se fuerza reconciliacion entre fuentes con cortes distintos.",
    "Diferencia agosto 2026 entre desembolsos (base_mensual.csv) y nuevos (monthly_stock.csv): S/ 40,000.00, explicada exactamente por el desembolso registrado el 2026-08-26 (fecha posterior al corte de stock del 2026-08-25).",
    "Diferencia marzo 2025 entre desembolsos (244038535.06) y nuevos (243781610.06): S/ 256,925.00. Esta diferencia entre fuentes NO tiene una explicacion confirmada. No se ajustaron valores ni se fabrico una causa.",
    "num_ftp es desconocido (no cero) en nueve fechas de daily_disbursements.csv porque BD_Desembolsos[TASA_FTP] esta completamente nula para todas las transacciones de esas fechas: 2025-05-31, 2025-08-30, 2025-08-31, 2025-11-29, 2025-11-30, 2026-01-31, 2026-02-28, 2026-05-30, 2026-05-31.",
    "Seis meses con FTP mensual incompleto en base_mensual.csv: 202505, 202508, 202511, 202601, 202602, 202605. En ellos num_ftp, ftp_original, ftp_dax y spread son null (no se sumo parcialmente, no se imputo, no se convirtio a cero).",
    "amortizacion y fuga conservan el signo negativo original de BD_Stock_Cartera[SALDO]; no se invirtio el signo.",
    "saldo_final se extrajo en soles crudos desde BD_Stock_Cartera[SALDO], sin dividir entre 1000; la division /1000 de la medida 01 Saldo_Fin es unicamente una convencion de presentacion visual, confirmada por el usuario y validada por orden de magnitud.",
    "SALDO_X_TASA esta expresado en puntos porcentuales; se normalizo dividiendo entre 100 antes de formar el numerador de tasa de cartera (num_tasa_cartera), para que num_tasa_cartera/den_tasa_cartera reproduzca la tasa decimal exacta de la medida 05. Tasa_Cartera.",
    "La medida 78. PNL Mes Ant Saldo FdP usa DATEADD sobre fechas de fin de mes y devuelve vacio en transiciones donde el mes actual tiene menos dias que el mes anterior (202602, 202604, 202606 fallaron; 202603, 202605, 202607 funcionaron por coincidencia de calendario). No se modifico la medida. Para la exportacion, saldo_inicial se derivo de la serie mensual validada de monthly_stock.csv (saldo_final del periodo anterior), con maxima diferencia de 8.1e-6 soles respecto al saldo_final real de BD_FemALL en los 7 periodos comparados.",
    "Stock, Sprom, IF y FTP presupuestados (DB_Desembolsos_PPTO) fueron convertidos de miles de soles a soles mediante x1000, confirmado por las medidas 50/54/58/62 PNL PPTO. Nuevos ya estaba en soles directos y utilizo factor x1.",
    "La tabla DimCalendario llega hasta 2026-12-31, pero esa fecha es solo el limite de la tabla de fechas del modelo; no representa disponibilidad real de datos en ninguna tabla de hechos consultada."
  ]
}

monthly_budget.csv

periodo,metrica,valor
202601,FTP,16842537.737117
202601,IF,41694784.737977
202601,Nuevos,254372011.546175
202601,Sprom,3193486155.751568
202601,Stock,3206378706.938335
202602,FTP,15165421.309762
202602,IF,37572742.462913
202602,Nuevos,245464635.294902
202602,Sprom,3199521174.149631
202602,Stock,3209942918.204899
202603,FTP,16785126.145149
202603,IF,42142074.540216
202603,Nuevos,307746898.771169
202603,Sprom,3218384938.492667
202603,Stock,3245474112.708634
202604,FTP,16356016.947268
202604,IF,41485642.612456
202604,Nuevos,293918463.513819
202604,Sprom,3259570658.582815
202604,Stock,3293182858.335033
202605,FTP,17092882.18996
202605,IF,43787660.666541
202605,Nuevos,303056790.845651
202605,Sprom,3314164007.694657
202605,Stock,3355434251.133068
202606,FTP,16685748.220031
202606,IF,43262928.468127
202606,Nuevos,312904452.183372
202606,Sprom,3361131393.948951
202606,Stock,3387794260.687891
202607,FTP,17284067.842762
202607,IF,45277255.38064
202607,Nuevos,298609170.158453
202607,Sprom,3385761622.499615
202607,Stock,3405290427.949039
202608,FTP,17342937.724525
202608,IF,45957194.917023
202608,Nuevos,308617169.28767
202608,Sprom,3413977610.68557
202608,Stock,3444175484.775984
202609,FTP,16926351.022641
202609,IF,45222656.844638
202609,Nuevos,322768464.519722
202609,Sprom,3461279952.944522
202609,Stock,3500255619.778176
202610,FTP,17694331.422103
202610,IF,47874751.549215
202610,Nuevos,320399250.740044
202610,Sprom,3517215124.922487
202610,Stock,3556691571.15476
202611,FTP,17255033.048094
202611,IF,47064861.784743
202611,Nuevos,316159534.595197
202611,Sprom,3558179966.924444
202611,Stock,3582745801.374166
202612,FTP,17868625.119319
202612,IF,49458044.757763
202612,Nuevos,303180703.875514
202612,Sprom,3578315541.264174
202612,Stock,3597067291.941468

monthly_pnl.csv
periodo,dias_mes,saldo_inicial,saldo_final,saldo_promedio,ingreso_financiero,costo_fondos,rfb
202601,31,3181009956.31632,3217904700.494234,3183537641.67817,41981887.10244,16734205.8903,25247681.21214
202602,28,3217904700.49424,3280334558.816752,3235569883.527417,38630337.08896,15167054.55687,23463282.53209
202603,31,3280334558.81675,3321188657.916161,3298380198.409504,43276291.49,16919393.777,26356897.713
202604,30,3321188657.91616,3370567708.582956,3328038127.688824,41880802.65392,16440734.61336,25440068.04056
202605,31,3370567708.58295,3433027864.898368,3379158198.013706,43914939.38023,17212284.18744,26702655.19279
202606,30,3433027864.89836,3517310751.998703,3466118327.558802,43231629.28845,16958106.7109,26273522.57755
202607,31,3517310751.9987,3649397014.082602,3577027661.846461,46027815.81249,17955998.86906,28071816.94343


monthly_stock.csv

periodo,nuevos,amortizacion,fuga,saldo_final,num_tasa_cartera,den_tasa_cartera
202501,199533977.3,-44275416.59358,-180234372.34848,3007235102.03558,557982837.377474,3007235102.03558
202502,207333658.99,-62191288.18385,-159245361.81566,2993132111.02607,550380379.5176227,2993132111.02607
202503,243781610.06,-73237441.14609,-142941906.37702,3020734373.56296,552172763.1730793,3020734373.56296
202504,211602091.89,-76245737.95208,-137481331.28488,3018609396.216,549129167.6423134,3018609396.216
202505,229416058.2,-81218706.29036,-131511478.2845,3035295269.84114,548488503.2357737,3035295269.84114
202506,216788521.32,-65688082.72354,-170951580.88202,3015444127.55558,541122994.0316076,3015444127.55558
202507,244121738.04,-67427536.89469,-165953375.77668,3026184952.92421,540804371.7639475,3026184952.92421
202508,254207603.58,-67120995.98978,-151430725.40588,3061840835.10855,544754056.9708455,3061840835.10855
202509,283089584.87,-52169623.40745,-204123155.3805,3088637641.1906,549052479.7943841,3088637641.1906
202510,315081647.65,-52785990.41835,-194226202.871,3156707095.55125,556786215.4363247,3156707095.55125
202511,251558137.26,-65590099.80333,-165234056.57,3177441076.43792,558738266.1410943,3177441076.43792
202512,238380447.53,-67199459.98388,-167612107.66772,3181009956.31632,560088386.6093869,3181009956.31632
202601,285706907.76,-70283577.24033,-178528586.34175,3217904700.49424,570136798.3906511,3217904700.49424
202602,305635019.87,-53224631.46405,-189980530.08344,3280334558.81675,577494994.3464406,3280334558.81675
202603,360585649.62,-78877168.05569,-240854382.4649,3321188657.91616,579948127.8966308,3321188657.91616
202604,369528076.45,-86415252.48475,-233733773.29846,3370567708.58295,587274230.9117165,3370567708.58295
202605,364211574.99,-92451356.46112,-209300062.21347,3433027864.89836,595840510.500368,3433027864.89836
202606,347727103.29,-60708210.95404,-202736005.23562,3517310751.9987,604712913.3137249,3517310751.9987
202607,419445849.56,-69174075.7466,-218185511.7295,3649397014.0826,625724845.2758462,3649397014.0826
202608,383675475.02,-54183310.86871,-185546022.7668,3793343155.46709,651586746.4315145,3793343155.46709




queries_used.

/* ============================================================
   ARCHIVO: queries_used.dax
   Modelo: SaldosPlaneamiento
   Proposito: registro literal de todas las consultas DAX ejecutadas
   contra el modelo (via powerbi-modeling-mcp / dax_query_operations)
   durante las Fases 0 a 4A del proceso de auditoria y exportacion.

   NOTA DE ALCANCE: este archivo incluye unicamente consultas DAX
   REALMENTE EJECUTADAS mediante la operacion "Execute" del MCP.
   No incluye las llamadas de inspeccion de metadatos de medidas
   (measure_operations:Get), que no son consultas DAX sino lecturas
   de la definicion almacenada de una medida existente; esas
   expresiones se citan igualmente en model_metadata.json y
   data_dictionary.md como referencia, identificadas como tales.
   No incluye resultados de las consultas. No incluye rutas privadas,
   credenciales, tokens ni contenido del PBIX.
   Las consultas que fallaron se incluyen igualmente, marcadas como
   FALLIDA junto con el error literal recibido, seguidas de la
   version corregida cuando existio.
   Las transformaciones realizadas fuera de DAX (agregaciones
   mensuales sobre daily_disbursements.csv, uniones con
   monthly_stock.csv, conversion de unidades, redondeo, escritura de
   CSV/JSON) se hicieron en Python sobre archivos ya extraidos y se
   identifican como tales en las secciones correspondientes; NO son
   consultas DAX y no se presentan como tales.
   ============================================================ */


/* ============================================================
   FASE 1 — Inspeccion general del modelo
   Proposito: fechas minimas/maximas por tabla, valores distintos
   de columnas categoricas para confirmar nombres reales de fuentes.
   Archivo relacionado: mapeo (sin archivo de salida en esta fase)
   ============================================================ */

EVALUATE ROW(
 "Desemb_Min", MIN(BD_Desembolsos[FECDESEMBOLSO]),
 "Desemb_Max", MAX(BD_Desembolsos[FECDESEMBOLSO]),
 "Stock_Min", MIN(BD_Stock_Cartera[FECHA_ANALISIS]),
 "Stock_Max", MAX(BD_Stock_Cartera[FECHA_ANALISIS]),
 "Cal_Min", MIN(DimCalendario[Date]),
 "Cal_Max", MAX(DimCalendario[Date]),
 "PPTO_CODMES_Min", MIN(DB_Desembolsos_PPTO[CODMES]),
 "PPTO_CODMES_Max", MAX(DB_Desembolsos_PPTO[CODMES])
)

EVALUATE DISTINCT(SELECTCOLUMNS(BD_Stock_Cartera, "TIPOCLIENTE", BD_Stock_Cartera[TIPOCLIENTE]))

EVALUATE DISTINCT(SELECTCOLUMNS(BD_Desembolsos, "CLASIFICACION", BD_Desembolsos[CLASIFICACION]))

EVALUATE DISTINCT(SELECTCOLUMNS(DB_Desembolsos_PPTO, "Metrica", DB_Desembolsos_PPTO[Metrica], "Situacion", DB_Desembolsos_PPTO[Situacion]))


/* ============================================================
   FASE 1B — Validacion de tasa de cartera
   Proposito: confirmar la escala correcta (division /100) del
   numerador de tasa de cartera, comparando contra la medida real
   05. Tasa_Cartera en tres periodos.
   Archivo relacionado: monthly_stock.csv (num_tasa_cartera)
   ============================================================ */

EVALUATE
SUMMARIZECOLUMNS(
 "Periodo", "202501",
 "SumSaldoXTasa", CALCULATE(SUM(BD_Stock_Cartera[SALDO_X_TASA]), BD_Stock_Cartera[TIPOCLIENTE]="Stock Final", BD_Stock_Cartera[FECHA_ANALISIS]=DATE(2025,1,31)),
 "SumSaldo", CALCULATE(SUM(BD_Stock_Cartera[SALDO]), BD_Stock_Cartera[TIPOCLIENTE]="Stock Final", BD_Stock_Cartera[FECHA_ANALISIS]=DATE(2025,1,31)),
 "MedidaTasaCartera", CALCULATE([05. Tasa_Cartera], BD_Stock_Cartera[FECHA_ANALISIS]=DATE(2025,1,31))
)

EVALUATE
UNION(
SUMMARIZECOLUMNS(
 "Periodo", "202607",
 "SumSaldoXTasa", CALCULATE(SUM(BD_Stock_Cartera[SALDO_X_TASA]), BD_Stock_Cartera[TIPOCLIENTE]="Stock Final", BD_Stock_Cartera[FECHA_ANALISIS]=DATE(2026,7,31)),
 "SumSaldo", CALCULATE(SUM(BD_Stock_Cartera[SALDO]), BD_Stock_Cartera[TIPOCLIENTE]="Stock Final", BD_Stock_Cartera[FECHA_ANALISIS]=DATE(2026,7,31)),
 "MedidaTasaCartera", CALCULATE([05. Tasa_Cartera], BD_Stock_Cartera[FECHA_ANALISIS]=DATE(2026,7,31))
),
SUMMARIZECOLUMNS(
 "Periodo", "202608",
 "SumSaldoXTasa", CALCULATE(SUM(BD_Stock_Cartera[SALDO_X_TASA]), BD_Stock_Cartera[TIPOCLIENTE]="Stock Final", BD_Stock_Cartera[FECHA_ANALISIS]=DATE(2026,8,25)),
 "SumSaldo", CALCULATE(SUM(BD_Stock_Cartera[SALDO]), BD_Stock_Cartera[TIPOCLIENTE]="Stock Final", BD_Stock_Cartera[FECHA_ANALISIS]=DATE(2026,8,25)),
 "MedidaTasaCartera", CALCULATE([05. Tasa_Cartera], BD_Stock_Cartera[FECHA_ANALISIS]=DATE(2026,8,25))
)
)


/* ============================================================
   FASE 1B — Validacion de tasa de desembolso
   Proposito: confirmar que TASAINTERES ya esta en decimal (sin
   division adicional) reproduciendo la medida 02. TDesembolsoR.
   Archivo relacionado: daily_disbursements.csv (num_tasa_des)
   ============================================================ */

EVALUATE
UNION(
SUMMARIZECOLUMNS(
 "Periodo","202501",
 "Numerador", CALCULATE(SUMX(BD_Desembolsos, BD_Desembolsos[MTODESEMBOLSADOSOL]*BD_Desembolsos[TASAINTERES]), YEAR(BD_Desembolsos[FECDESEMBOLSO])=2025, MONTH(BD_Desembolsos[FECDESEMBOLSO])=1),
 "Monto", CALCULATE(SUM(BD_Desembolsos[MTODESEMBOLSADOSOL]), YEAR(BD_Desembolsos[FECDESEMBOLSO])=2025, MONTH(BD_Desembolsos[FECDESEMBOLSO])=1),
 "MedidaTDesembolsoR", CALCULATE([02. TDesembolsoR], YEAR(BD_Desembolsos[FECDESEMBOLSO])=2025, MONTH(BD_Desembolsos[FECDESEMBOLSO])=1)
),
SUMMARIZECOLUMNS(
 "Periodo","202607",
 "Numerador", CALCULATE(SUMX(BD_Desembolsos, BD_Desembolsos[MTODESEMBOLSADOSOL]*BD_Desembolsos[TASAINTERES]), YEAR(BD_Desembolsos[FECDESEMBOLSO])=2026, MONTH(BD_Desembolsos[FECDESEMBOLSO])=7),
 "Monto", CALCULATE(SUM(BD_Desembolsos[MTODESEMBOLSADOSOL]), YEAR(BD_Desembolsos[FECDESEMBOLSO])=2026, MONTH(BD_Desembolsos[FECDESEMBOLSO])=7),
 "MedidaTDesembolsoR", CALCULATE([02. TDesembolsoR], YEAR(BD_Desembolsos[FECDESEMBOLSO])=2026, MONTH(BD_Desembolsos[FECDESEMBOLSO])=7)
),
SUMMARIZECOLUMNS(
 "Periodo","202608",
 "Numerador", CALCULATE(SUMX(BD_Desembolsos, BD_Desembolsos[MTODESEMBOLSADOSOL]*BD_Desembolsos[TASAINTERES]), YEAR(BD_Desembolsos[FECDESEMBOLSO])=2026, MONTH(BD_Desembolsos[FECDESEMBOLSO])=8),
 "Monto", CALCULATE(SUM(BD_Desembolsos[MTODESEMBOLSADOSOL]), YEAR(BD_Desembolsos[FECDESEMBOLSO])=2026, MONTH(BD_Desembolsos[FECDESEMBOLSO])=8),
 "MedidaTDesembolsoR", CALCULATE([02. TDesembolsoR], YEAR(BD_Desembolsos[FECDESEMBOLSO])=2026, MONTH(BD_Desembolsos[FECDESEMBOLSO])=8)
)
)


/* ============================================================
   FASE 1B — Validacion de signos y cierres
   Proposito: (a) confirmar que Amortizacion y Fuga estan
   almacenados como valores negativos y que la reconciliacion del
   stock mensual cierra exacto; (b) confirmar granularidad mensual
   de BD_Stock_Cartera y cual es el ultimo mes cerrado real.
   Archivo relacionado: monthly_stock.csv
   ============================================================ */

EVALUATE
UNION(
SUMMARIZECOLUMNS("Periodo","202501","StockFinal",CALCULATE(SUM(BD_Stock_Cartera[SALDO]),BD_Stock_Cartera[TIPOCLIENTE]="Stock Final",BD_Stock_Cartera[FECHA_ANALISIS]=DATE(2025,1,31)),"Nuevos",CALCULATE(SUM(BD_Stock_Cartera[SALDO]),BD_Stock_Cartera[TIPOCLIENTE]="Nuevos",BD_Stock_Cartera[FECHA_ANALISIS]=DATE(2025,1,31)),"Amortizacion",CALCULATE(SUM(BD_Stock_Cartera[SALDO]),BD_Stock_Cartera[TIPOCLIENTE]="Amortizacion",BD_Stock_Cartera[FECHA_ANALISIS]=DATE(2025,1,31)),"Fuga",CALCULATE(SUM(BD_Stock_Cartera[SALDO]),BD_Stock_Cartera[TIPOCLIENTE]="Fuga",BD_Stock_Cartera[FECHA_ANALISIS]=DATE(2025,1,31))),
SUMMARIZECOLUMNS("Periodo","202606","StockFinal",CALCULATE(SUM(BD_Stock_Cartera[SALDO]),BD_Stock_Cartera[TIPOCLIENTE]="Stock Final",BD_Stock_Cartera[FECHA_ANALISIS]=DATE(2026,6,30)),"Nuevos",CALCULATE(SUM(BD_Stock_Cartera[SALDO]),BD_Stock_Cartera[TIPOCLIENTE]="Nuevos",BD_Stock_Cartera[FECHA_ANALISIS]=DATE(2026,6,30)),"Amortizacion",CALCULATE(SUM(BD_Stock_Cartera[SALDO]),BD_Stock_Cartera[TIPOCLIENTE]="Amortizacion",BD_Stock_Cartera[FECHA_ANALISIS]=DATE(2026,6,30)),"Fuga",CALCULATE(SUM(BD_Stock_Cartera[SALDO]),BD_Stock_Cartera[TIPOCLIENTE]="Fuga",BD_Stock_Cartera[FECHA_ANALISIS]=DATE(2026,6,30))),
SUMMARIZECOLUMNS("Periodo","202607","StockFinal",CALCULATE(SUM(BD_Stock_Cartera[SALDO]),BD_Stock_Cartera[TIPOCLIENTE]="Stock Final",BD_Stock_Cartera[FECHA_ANALISIS]=DATE(2026,7,31)),"Nuevos",CALCULATE(SUM(BD_Stock_Cartera[SALDO]),BD_Stock_Cartera[TIPOCLIENTE]="Nuevos",BD_Stock_Cartera[FECHA_ANALISIS]=DATE(2026,7,31)),"Amortizacion",CALCULATE(SUM(BD_Stock_Cartera[SALDO]),BD_Stock_Cartera[TIPOCLIENTE]="Amortizacion",BD_Stock_Cartera[FECHA_ANALISIS]=DATE(2026,7,31)),"Fuga",CALCULATE(SUM(BD_Stock_Cartera[SALDO]),BD_Stock_Cartera[TIPOCLIENTE]="Fuga",BD_Stock_Cartera[FECHA_ANALISIS]=DATE(2026,7,31))),
SUMMARIZECOLUMNS("Periodo","202608","StockFinal",CALCULATE(SUM(BD_Stock_Cartera[SALDO]),BD_Stock_Cartera[TIPOCLIENTE]="Stock Final",BD_Stock_Cartera[FECHA_ANALISIS]=DATE(2026,8,25)),"Nuevos",CALCULATE(SUM(BD_Stock_Cartera[SALDO]),BD_Stock_Cartera[TIPOCLIENTE]="Nuevos",BD_Stock_Cartera[FECHA_ANALISIS]=DATE(2026,8,25)),"Amortizacion",CALCULATE(SUM(BD_Stock_Cartera[SALDO]),BD_Stock_Cartera[TIPOCLIENTE]="Amortizacion",BD_Stock_Cartera[FECHA_ANALISIS]=DATE(2026,8,25)),"Fuga",CALCULATE(SUM(BD_Stock_Cartera[SALDO]),BD_Stock_Cartera[TIPOCLIENTE]="Fuga",BD_Stock_Cartera[FECHA_ANALISIS]=DATE(2026,8,25)))
)

EVALUATE ADDCOLUMNS(VALUES(BD_Stock_Cartera[FECHA_ANALISIS]), "Periodo", FORMAT(BD_Stock_Cartera[FECHA_ANALISIS],"YYYYMM")) ORDER BY BD_Stock_Cartera[FECHA_ANALISIS]

EVALUATE ROW(
 "MaxDate_Jul2026", CALCULATE(MAX(BD_Desembolsos[FECDESEMBOLSO]), YEAR(BD_Desembolsos[FECDESEMBOLSO])=2026, MONTH(BD_Desembolsos[FECDESEMBOLSO])=7),
 "DistinctDays_Jul2026", CALCULATE(DISTINCTCOUNT(BD_Desembolsos[FECDESEMBOLSO]), YEAR(BD_Desembolsos[FECDESEMBOLSO])=2026, MONTH(BD_Desembolsos[FECDESEMBOLSO])=7),
 "MaxDate_Aug2026", CALCULATE(MAX(BD_Desembolsos[FECDESEMBOLSO]), YEAR(BD_Desembolsos[FECDESEMBOLSO])=2026, MONTH(BD_Desembolsos[FECDESEMBOLSO])=8)
)


/* ============================================================
   FASE 2 — daily_disbursements.csv
   Proposito: extraccion completa de los 603 registros diarios.
   Se incluyen dos intentos fallidos previos por incompatibilidad
   de contexto de fila dentro de CALCULATE, antes de la version
   corregida con VAR (context transition explicito).
   Archivo relacionado: daily_disbursements.csv
   ============================================================ */

/* Intento 1 - FALLIDO
   Error: "Column 'Date' cannot be found or may not be used in this expression." */
EVALUATE
ADDCOLUMNS(
    CALENDAR(DATE(2025,1,1), DATE(2026,8,26)),
    "monto", CALCULATE(SUM(BD_Desembolsos[MTODESEMBOLSADOSOL]), BD_Desembolsos[FECDESEMBOLSO]=[Date]),
    "nro_creditos", CALCULATE(DISTINCTCOUNT(BD_Desembolsos[Key]), BD_Desembolsos[FECDESEMBOLSO]=[Date]),
    "big", CALCULATE(SUM(BD_Desembolsos[MTODESEMBOLSADOSOL]), BD_Desembolsos[FECDESEMBOLSO]=[Date], BD_Desembolsos[CLASIFICACION]="BIG TICKET"),
    "small", CALCULATE(SUM(BD_Desembolsos[MTODESEMBOLSADOSOL]), BD_Desembolsos[FECDESEMBOLSO]=[Date], BD_Desembolsos[CLASIFICACION]="SMALL TICKET"),
    "num_tasa_des", CALCULATE(SUMX(BD_Desembolsos, BD_Desembolsos[MTODESEMBOLSADOSOL]*BD_Desembolsos[TASAINTERES]), BD_Desembolsos[FECDESEMBOLSO]=[Date]),
    "num_ftp", CALCULATE(SUMX(BD_Desembolsos, BD_Desembolsos[MTODESEMBOLSADOSOL]*BD_Desembolsos[TASA_FTP]), BD_Desembolsos[FECDESEMBOLSO]=[Date])
)

/* Intento 2 - FALLIDO
   Error: "Column 'CalDate' cannot be found or may not be used in this expression." */
EVALUATE
VAR CalRaw = CALENDAR(DATE(2025,1,1), DATE(2026,8,26))
VAR Cal = SELECTCOLUMNS(CalRaw, "CalDate", [Date])
RETURN
TOPN(5, ADDCOLUMNS(
    Cal,
    "monto", CALCULATE(SUM(BD_Desembolsos[MTODESEMBOLSADOSOL]), BD_Desembolsos[FECDESEMBOLSO]=[CalDate])
))

/* Intento 3 - EXITOSO (prueba con 5 filas antes de la extraccion completa) */
EVALUATE
VAR CalRaw = CALENDAR(DATE(2025,1,1), DATE(2026,8,26))
VAR Cal = SELECTCOLUMNS(CalRaw, "CalDate", [Date])
RETURN
TOPN(5, ADDCOLUMNS(
    Cal,
    "monto", VAR d = [CalDate] RETURN CALCULATE(SUM(BD_Desembolsos[MTODESEMBOLSADOSOL]), BD_Desembolsos[FECDESEMBOLSO]=d)
))

/* Extraccion final - EXITOSA (603 filas) */
EVALUATE
VAR CalRaw = CALENDAR(DATE(2025,1,1), DATE(2026,8,26))
VAR Cal = SELECTCOLUMNS(CalRaw, "CalDate", [Date])
RETURN
SELECTCOLUMNS(
 ADDCOLUMNS(
    Cal,
    "monto", VAR d = [CalDate] RETURN CALCULATE(SUM(BD_Desembolsos[MTODESEMBOLSADOSOL]), BD_Desembolsos[FECDESEMBOLSO]=d),
    "nro_creditos", VAR d2 = [CalDate] RETURN CALCULATE(DISTINCTCOUNT(BD_Desembolsos[Key]), BD_Desembolsos[FECDESEMBOLSO]=d2),
    "big", VAR d3 = [CalDate] RETURN CALCULATE(SUM(BD_Desembolsos[MTODESEMBOLSADOSOL]), BD_Desembolsos[FECDESEMBOLSO]=d3, BD_Desembolsos[CLASIFICACION]="BIG TICKET"),
    "small", VAR d4 = [CalDate] RETURN CALCULATE(SUM(BD_Desembolsos[MTODESEMBOLSADOSOL]), BD_Desembolsos[FECDESEMBOLSO]=d4, BD_Desembolsos[CLASIFICACION]="SMALL TICKET"),
    "num_tasa_des", VAR d5 = [CalDate] RETURN CALCULATE(SUMX(BD_Desembolsos, BD_Desembolsos[MTODESEMBOLSADOSOL]*BD_Desembolsos[TASAINTERES]), BD_Desembolsos[FECDESEMBOLSO]=d5),
    "num_ftp", VAR d6 = [CalDate] RETURN CALCULATE(SUMX(BD_Desembolsos, BD_Desembolsos[MTODESEMBOLSADOSOL]*BD_Desembolsos[TASA_FTP]), BD_Desembolsos[FECDESEMBOLSO]=d6),
    "fecha_txt", FORMAT([CalDate], "YYYY-MM-DD")
 ),
 "fecha", [fecha_txt], "monto",[monto], "nro_creditos",[nro_creditos], "big",[big], "small",[small], "num_tasa_des",[num_tasa_des], "num_ftp",[num_ftp]
)


/* ============================================================
   FASE 2 — monthly_stock.csv
   Proposito: extraccion completa de los 20 registros mensuales,
   incluyendo conteo de filas por categoria de TIPOCLIENTE para
   confirmar que ningun periodo tuviera una categoria faltante.
   Archivo relacionado: monthly_stock.csv
   ============================================================ */

EVALUATE
VAR Fechas = VALUES(BD_Stock_Cartera[FECHA_ANALISIS])
RETURN
SELECTCOLUMNS(
 ADDCOLUMNS(
   Fechas,
   "periodo_txt", FORMAT([FECHA_ANALISIS], "YYYYMM"),
   "stockfinal", VAR d=[FECHA_ANALISIS] RETURN CALCULATE(SUM(BD_Stock_Cartera[SALDO]), BD_Stock_Cartera[TIPOCLIENTE]="Stock Final", BD_Stock_Cartera[FECHA_ANALISIS]=d),
   "nuevos", VAR d2=[FECHA_ANALISIS] RETURN CALCULATE(SUM(BD_Stock_Cartera[SALDO]), BD_Stock_Cartera[TIPOCLIENTE]="Nuevos", BD_Stock_Cartera[FECHA_ANALISIS]=d2),
   "amortizacion", VAR d3=[FECHA_ANALISIS] RETURN CALCULATE(SUM(BD_Stock_Cartera[SALDO]), BD_Stock_Cartera[TIPOCLIENTE]="Amortizacion", BD_Stock_Cartera[FECHA_ANALISIS]=d3),
   "fuga", VAR d4=[FECHA_ANALISIS] RETURN CALCULATE(SUM(BD_Stock_Cartera[SALDO]), BD_Stock_Cartera[TIPOCLIENTE]="Fuga", BD_Stock_Cartera[FECHA_ANALISIS]=d4),
   "num_tasa_cartera_raw", VAR d5=[FECHA_ANALISIS] RETURN CALCULATE(SUM(BD_Stock_Cartera[SALDO_X_TASA]), BD_Stock_Cartera[TIPOCLIENTE]="Stock Final", BD_Stock_Cartera[FECHA_ANALISIS]=d5),
   "cnt_stockfinal", VAR d6=[FECHA_ANALISIS] RETURN CALCULATE(COUNTROWS(BD_Stock_Cartera), BD_Stock_Cartera[TIPOCLIENTE]="Stock Final", BD_Stock_Cartera[FECHA_ANALISIS]=d6),
   "cnt_nuevos", VAR d7=[FECHA_ANALISIS] RETURN CALCULATE(COUNTROWS(BD_Stock_Cartera), BD_Stock_Cartera[TIPOCLIENTE]="Nuevos", BD_Stock_Cartera[FECHA_ANALISIS]=d7),
   "cnt_amortizacion", VAR d8=[FECHA_ANALISIS] RETURN CALCULATE(COUNTROWS(BD_Stock_Cartera), BD_Stock_Cartera[TIPOCLIENTE]="Amortizacion", BD_Stock_Cartera[FECHA_ANALISIS]=d8),
   "cnt_fuga", VAR d9=[FECHA_ANALISIS] RETURN CALCULATE(COUNTROWS(BD_Stock_Cartera), BD_Stock_Cartera[TIPOCLIENTE]="Fuga", BD_Stock_Cartera[FECHA_ANALISIS]=d9)
 ),
 "periodo",[periodo_txt],"stockfinal",[stockfinal],"nuevos",[nuevos],"amortizacion",[amortizacion],"fuga",[fuga],"num_tasa_cartera_raw",[num_tasa_cartera_raw],"cnt_sf",[cnt_stockfinal],"cnt_nv",[cnt_nuevos],"cnt_am",[cnt_amortizacion],"cnt_fg",[cnt_fuga]
)
ORDER BY [periodo]


/* ============================================================
   FASE 2 — Validacion de agosto 2026
   Proposito: confirmar que la diferencia de S/ 40,000 entre
   desembolsos acumulados de agosto y Nuevos del stock corresponde
   exactamente al desembolso del 2026-08-26 (posterior al corte de
   stock del 2026-08-25).
   Archivo relacionado: daily_disbursements.csv / monthly_stock.csv
   ============================================================ */

EVALUATE ROW(
 "Monto_20260826", CALCULATE(SUM(BD_Desembolsos[MTODESEMBOLSADOSOL]), BD_Desembolsos[FECDESEMBOLSO]=DATE(2026,8,26))
)


/* ============================================================
   FASE 3A — Diagnostico de la medida 78
   Proposito: (a) confirmar cobertura real de BD_FemALL;
   (b) diagnosticar por que 78. PNL Mes Ant Saldo FdP no reproduce
   el saldo del mes anterior en todas las transiciones.
   Archivo relacionado: monthly_pnl.csv (saldo_inicial)
   ============================================================ */

EVALUATE ROW(
 "Max_AS_OF_DATE", MAX(BD_FemALL[AS_OF_DATE]),
 "Min_AS_OF_DATE", MIN(BD_FemALL[AS_OF_DATE]),
 "DistinctDates", DISTINCTCOUNT(BD_FemALL[AS_OF_DATE])
)

EVALUATE ADDCOLUMNS(VALUES(BD_FemALL[AS_OF_DATE]), "Periodo", FORMAT(BD_FemALL[AS_OF_DATE],"YYYYMM")) ORDER BY BD_FemALL[AS_OF_DATE]

EVALUATE DISTINCT(SELECTCOLUMNS(BD_FemALL, "SITUACION", BD_FemALL[SITUACION]))

/* Intento con filtro sobre BD_FemALL[AS_OF_DATE]: produjo un resultado
   incorrecto para SaldoInicial_Medida78 en 202607 (devolvio el saldo
   del mismo mes, no del mes anterior). Se conserva como evidencia del
   diagnostico; el filtro correcto usa DimCalendario[Date] (ver abajo). */
EVALUATE
UNION(
SUMMARIZECOLUMNS("Periodo","202606",
 "SaldoFdP", CALCULATE([22. PNL Saldo FdP], BD_FemALL[AS_OF_DATE]=DATE(2026,6,30)),
 "SaldoProm", CALCULATE([26. PNL Saldo Prom], BD_FemALL[AS_OF_DATE]=DATE(2026,6,30)),
 "IF", CALCULATE([30. PNL Ingreso Financiero], BD_FemALL[AS_OF_DATE]=DATE(2026,6,30)),
 "CostoFondo", CALCULATE([34. PNL Costo de Fondo], BD_FemALL[AS_OF_DATE]=DATE(2026,6,30)),
 "RFB", CALCULATE([38. PNL RFB], BD_FemALL[AS_OF_DATE]=DATE(2026,6,30)),
 "SaldoInicial_MesAnt", CALCULATE([78. PNL Mes Ant Saldo FdP], BD_FemALL[AS_OF_DATE]=DATE(2026,6,30))
),
SUMMARIZECOLUMNS("Periodo","202607",
 "SaldoFdP", CALCULATE([22. PNL Saldo FdP], BD_FemALL[AS_OF_DATE]=DATE(2026,7,31)),
 "SaldoProm", CALCULATE([26. PNL Saldo Prom], BD_FemALL[AS_OF_DATE]=DATE(2026,7,31)),
 "IF", CALCULATE([30. PNL Ingreso Financiero], BD_FemALL[AS_OF_DATE]=DATE(2026,7,31)),
 "CostoFondo", CALCULATE([34. PNL Costo de Fondo], BD_FemALL[AS_OF_DATE]=DATE(2026,7,31)),
 "RFB", CALCULATE([38. PNL RFB], BD_FemALL[AS_OF_DATE]=DATE(2026,7,31)),
 "SaldoInicial_MesAnt", CALCULATE([78. PNL Mes Ant Saldo FdP], BD_FemALL[AS_OF_DATE]=DATE(2026,7,31))
)
)

/* Intento de aislar el comportamiento de DATEADD - INCONCLUSO
   (la conexion MCP se desconecto inmediatamente despues; ver FASE 3B) */
EVALUATE
CALCULATETABLE(
    VALUES(DimCalendario[Date]),
    DATEADD(DimCalendario[Date], -1, MONTH),
    DimCalendario[Date] = DATE(2026,6,30)
)


/* ============================================================
   FASE 3A/3B — Validacion de saldos PnL
   Proposito: reconectar tras la desconexion del MCP y confirmar,
   con el filtro correcto sobre DimCalendario[Date], el patron de
   fallo de la medida 78 en las transiciones de mes con distinta
   duracion (202602, 202604 y 202606 fallan; 202603, 202605 y 202607
   funcionan por coincidencia de calendario).
   Archivo relacionado: monthly_pnl.csv (saldo_inicial)
   ============================================================ */

EVALUATE ROW("MCP_OK", 1)

EVALUATE
UNION(
SUMMARIZECOLUMNS("Periodo","202606",
 "SaldoFdP_MesActual", CALCULATE([22. PNL Saldo FdP], DimCalendario[Date]=DATE(2026,6,30)),
 "SaldoInicial_Medida78", CALCULATE([78. PNL Mes Ant Saldo FdP], DimCalendario[Date]=DATE(2026,6,30))
),
SUMMARIZECOLUMNS("Periodo","202607",
 "SaldoFdP_MesActual", CALCULATE([22. PNL Saldo FdP], DimCalendario[Date]=DATE(2026,7,31)),
 "SaldoInicial_Medida78", CALCULATE([78. PNL Mes Ant Saldo FdP], DimCalendario[Date]=DATE(2026,7,31))
)
)

/* Intento - FALLIDO
   Error: "Column 'Date' cannot be found or may not be used in this expression." */
EVALUATE
SELECTCOLUMNS(
 VALUES(DimCalendario[Date]),
 "Fecha", [Date],
 "SaldoFdP", CALCULATE([22. PNL Saldo FdP], DimCalendario[Date]=[Date]),
 "SaldoInicial_Medida78", CALCULATE([78. PNL Mes Ant Saldo FdP], DimCalendario[Date]=[Date])
)

/* Version corregida - EXITOSA. Barrido completo enero-julio 2026
   para documentar el patron exacto de fallo/exito de la medida 78. */
EVALUATE
FILTER(
SELECTCOLUMNS(
 VALUES(DimCalendario[Date]),
 "Fecha", [Date],
 "SaldoFdP", VAR d=[Date] RETURN CALCULATE([22. PNL Saldo FdP], DimCalendario[Date]=d),
 "SaldoInicial_Medida78", VAR d2=[Date] RETURN CALCULATE([78. PNL Mes Ant Saldo FdP], DimCalendario[Date]=d2)
),
[Fecha] >= DATE(2026,1,1) && [Fecha]<=DATE(2026,7,31)
)
ORDER BY [Fecha]

/* Verificacion de la logica dual de la columna FTP en DB_Desembolsos_PPTO
   (tasa cuando Metrica="Nuevos", monto cuando Metrica="FTP") */
EVALUATE ROW(
 "Metrica_blank_MTO", CALCULATE(SUM(DB_Desembolsos_PPTO[MTODESEMBOLSADOSOL]), ISBLANK(DB_Desembolsos_PPTO[Metrica])),
 "Metrica_nonblank_MTO", CALCULATE(SUM(DB_Desembolsos_PPTO[MTODESEMBOLSADOSOL]), NOT ISBLANK(DB_Desembolsos_PPTO[Metrica])),
 "Rows_Metrica_Nuevos", CALCULATE(COUNTROWS(DB_Desembolsos_PPTO), DB_Desembolsos_PPTO[Metrica]="Nuevos"),
 "SFdP_where_Nuevos", CALCULATE(SUM(DB_Desembolsos_PPTO[SFdP]), DB_Desembolsos_PPTO[Metrica]="Nuevos"),
 "Sprom_where_Nuevos", CALCULATE(SUM(DB_Desembolsos_PPTO[Sprom]), DB_Desembolsos_PPTO[Metrica]="Nuevos"),
 "IF_where_Nuevos", CALCULATE(SUM(DB_Desembolsos_PPTO[IF]), DB_Desembolsos_PPTO[Metrica]="Nuevos"),
 "FTP_where_Nuevos", CALCULATE(SUM(DB_Desembolsos_PPTO[FTP]), DB_Desembolsos_PPTO[Metrica]="Nuevos"),
 "MTO_where_Nuevos", CALCULATE(SUM(DB_Desembolsos_PPTO[MTODESEMBOLSADOSOL]), DB_Desembolsos_PPTO[Metrica]="Nuevos")
)

EVALUATE
CALCULATETABLE(
 SUMMARIZECOLUMNS(
  DB_Desembolsos_PPTO[Situacion],
  "MTO", SUM(DB_Desembolsos_PPTO[MTODESEMBOLSADOSOL]),
  "FTP_rate_sum", SUM(DB_Desembolsos_PPTO[FTP]),
  "Filas", COUNTROWS(DB_Desembolsos_PPTO)
 ),
 DB_Desembolsos_PPTO[Metrica]="Nuevos"
)

EVALUATE
CALCULATETABLE(
 SUMMARIZECOLUMNS(
  DB_Desembolsos_PPTO[SEGMENTO],
  DB_Desembolsos_PPTO[CODMES],
  "MTO", SUM(DB_Desembolsos_PPTO[MTODESEMBOLSADOSOL])
 ),
 DB_Desembolsos_PPTO[Metrica]="Nuevos"
)
ORDER BY DB_Desembolsos_PPTO[CODMES]

/* Intento - FALLIDO
   Error: "Function 'CONTAINSROW' does not support comparing values of type Integer with values of type Text." */
EVALUATE
CALCULATETABLE(
 SUMMARIZECOLUMNS(
  DB_Desembolsos_PPTO[CODMES],
  DB_Desembolsos_PPTO[Metrica],
  "ValorOriginal_SFdP", SUM(DB_Desembolsos_PPTO[SFdP]),
  "ValorOriginal_Sprom", SUM(DB_Desembolsos_PPTO[Sprom]),
  "ValorOriginal_IF", SUM(DB_Desembolsos_PPTO[IF]),
  "ValorOriginal_FTP", SUM(DB_Desembolsos_PPTO[FTP]),
  "ValorOriginal_MTO", SUM(DB_Desembolsos_PPTO[MTODESEMBOLSADOSOL])
 ),
 DB_Desembolsos_PPTO[CODMES] IN {202601, 202608}
)
ORDER BY DB_Desembolsos_PPTO[CODMES], DB_Desembolsos_PPTO[Metrica]

/* Version corregida (CODMES es texto) - EXITOSA. Muestra 202601/202608. */
EVALUATE
CALCULATETABLE(
 SUMMARIZECOLUMNS(
  DB_Desembolsos_PPTO[CODMES],
  DB_Desembolsos_PPTO[Metrica],
  "ValorOriginal_SFdP", SUM(DB_Desembolsos_PPTO[SFdP]),
  "ValorOriginal_Sprom", SUM(DB_Desembolsos_PPTO[Sprom]),
  "ValorOriginal_IF", SUM(DB_Desembolsos_PPTO[IF]),
  "ValorOriginal_FTP", SUM(DB_Desembolsos_PPTO[FTP]),
  "ValorOriginal_MTO", SUM(DB_Desembolsos_PPTO[MTODESEMBOLSADOSOL])
 ),
 DB_Desembolsos_PPTO[CODMES] IN {"202601", "202608"}
)
ORDER BY DB_Desembolsos_PPTO[CODMES], DB_Desembolsos_PPTO[Metrica]


/* ============================================================
   FASE 4A — monthly_pnl.csv
   Proposito: extraccion final de los 7 registros mensuales de PnL
   real desde BD_FemALL (dias_mes, saldo_final, saldo_promedio,
   ingreso_financiero, costo_fondos). saldo_inicial e rfb se
   calcularon fuera de DAX (ver nota abajo).
   Archivo relacionado: monthly_pnl.csv
   ============================================================ */

EVALUATE
SELECTCOLUMNS(
 VALUES(BD_FemALL[AS_OF_DATE]),
 "periodo", FORMAT([AS_OF_DATE], "YYYYMM"),
 "dias_mes", DAY(EOMONTH([AS_OF_DATE],0)),
 "saldo_final", VAR d=[AS_OF_DATE] RETURN CALCULATE(SUM(BD_FemALL[CUR_BOOK_BAL_SOLES]), BD_FemALL[AS_OF_DATE]=d),
 "saldo_promedio", VAR d2=[AS_OF_DATE] RETURN CALCULATE(SUM(BD_FemALL[AVG_BOOK_BAL_SOLES]), BD_FemALL[AS_OF_DATE]=d2),
 "ingreso_financiero", VAR d3=[AS_OF_DATE] RETURN CALCULATE(SUM(BD_FemALL[INTEREST_INC_EXP_SOLES]), BD_FemALL[AS_OF_DATE]=d3),
 "costo_fondos", VAR d4=[AS_OF_DATE] RETURN CALCULATE(SUM(BD_FemALL[TRANSFER_CHARGE_CREDIT_SOLES]), BD_FemALL[AS_OF_DATE]=d4)
)
ORDER BY [periodo]

/* NOTA (no es DAX): saldo_inicial se obtuvo leyendo directamente
   monthly_stock.csv[saldo_final] del periodo anterior (archivo
   autoritativo de la Fase 2, sin nueva consulta a Power BI), segun
   la correspondencia aprobada en la Fase 3B. rfb se calculo en
   Python como ingreso_financiero - costo_fondos. Ambas operaciones
   se hicieron fuera del modelo, sobre datos ya extraidos. */


/* ============================================================
   FASE 4A — monthly_budget.csv
   Proposito: extraccion final de los 12 periodos x 5 metricas
   (60 filas) desde DB_Desembolsos_PPTO, agregando sobre SEGMENTO
   y Situacion para colapsar a periodo+metrica.
   Archivo relacionado: monthly_budget.csv
   ============================================================ */

EVALUATE
SUMMARIZECOLUMNS(
 DB_Desembolsos_PPTO[CODMES],
 DB_Desembolsos_PPTO[Metrica],
 "valor_SFdP", SUM(DB_Desembolsos_PPTO[SFdP]),
 "valor_Sprom", SUM(DB_Desembolsos_PPTO[Sprom]),
 "valor_IF", SUM(DB_Desembolsos_PPTO[IF]),
 "valor_FTP", SUM(DB_Desembolsos_PPTO[FTP]),
 "valor_MTO", SUM(DB_Desembolsos_PPTO[MTODESEMBOLSADOSOL])
)
ORDER BY DB_Desembolsos_PPTO[CODMES], DB_Desembolsos_PPTO[Metrica]

/* NOTA (no es DAX): la multiplicacion por 1000 (Stock/Sprom/IF/FTP)
   y por 1 (Nuevos) para obtener la columna final "valor" en soles
   se aplico en Python sobre el resultado de esta consulta, fuera
   del modelo. */


/* ============================================================
   FASE 4A — base_mensual.csv
   Proposito: este archivo NO requirio consultas DAX nuevas. Se
   construyo integramente en Python a partir de los dos CSV
   autoritativos de la Fase 2 (daily_disbursements.csv agregado a
   nivel mensual, unido con monthly_stock.csv por periodo), segun
   instruccion explicita de no volver a consultar Power BI.
   ============================================================ */


