me sale que el limite de filas:
Excel has limited columns/rows.  Columns and rows beyond Excel limitations have been omitted.

TE PASO LOS DATOS SOLO DE UN MES POR QUE SON MUCHOS Y NO ME CABE LOS DATOS:
MES	CIF_KEY	NRO_CREDITO	MONTO_DESEMBOLSADO	MONTO_X_TASA_DESEMBOLSO
202501	0000106120	0001419325	30600.000000	1193094.0000000000000000
202501	0000119081	0001423715	27500.000000	247225.0000000000000000
202501	0000119321	0001423185	110000.000000	1208900.0000000000000000
202501	0000119446	0001420630	32000.000000	607680.0000000000000000
202501	0000190249	0001423047	2900.000000	79721.0000000000000000
202501	0000211425	0001421263	5000.000000	64950.0000000000000000
202501	0000264432	0001425854	21300.000000	638787.0000000000000000
202501	0000276170	0001418856	100000.000000	1449000.0000000000000000
202501	0000321471	0001424411	35200.000000	721248.0000000000000000
202501	0000406322	0001423662	47000.000000	1198030.0000000000000000
202501	0000442749	0001421720	6000.000000	170940.0000000000000000
202501	0000529842	0001426009	8000.000000	183920.0000000000000000
202501	0000792317	0001427003	57716.000000	778588.8400000000000000
202501	0000811810	0001423737	40000.000000	659600.0000000000000000
202501	0000877001	0001422660	16500.000000	247335.0000000000000000
202501	0001046416	0001424689	31577.000000	599647.2300000000000000
202501	0001052836	0001428122	6190.000000	98978.1000000000000000
202501	0001086768	0001427301	90577.000000	1674768.7300000000000000
202501	0001111905	0001424768	14000.000000	167860.0000000000000000
202501	0001114776	0001423723	74300.000000	1114500.0000000000000000
202501	0001120781	0001423118	13200.000000	171468.0000000000000000
202501	0001125699	0001427293	80000.000000	1479200.0000000000000000
202501	0001156025	0001419690	4800.000000	88752.0000000000000000
202501	0001258805	0001422995	23054.000000	345579.4600000000000000
202501	0001264290	0001423173	10000.000000	214900.0000000000000000
202501	0001403591	0001419347	28760.000000	848132.4000000000000000
202501	0001469139	0001422272	55210.000000	938017.9000000000000000
202501	0001477686	0001421175	3145.000000	94318.5500000000000000
202501	0001521285	0001422217	35185.000000	439460.6500000000000000
202501	0001602465	0001421439	64000.000000	831360.0000000000000000
202501	0001612563	0001426378	25000.000000	587250.0000000000000000
202501	0001762194	0001425213	34153.000000	511953.4700000000000000
202501	0001793512	0001427952	66700.000000	1500083.0000000000000000
202501	0001958560	0001420819	10000.000000	154900.0000000000000000
202501	0001997907	0001425829	5100.000000	78999.0000000000000000
202501	0002029205	0001421437	102900.000000	1233771.0000000000000000
202501	0002048486	0001426603	15000.000000	367350.0000000000000000
202501	0002053395	0001422004	7000.000000	185430.0000000000000000
202501	0002177996	0001427685	40000.000000	779600.0000000000000000
202501	0002249977	0001423654	90000.000000	809100.0000000000000000
202501	0002268308	0001421321	1500.000000	36735.0000000000000000
202501	0002308781	0001425558	53000.000000	820970.0000000000000000
202501	0002552875	0001422205	4950.000000	178150.5000000000000000
202501	0002643765	0001423612	29650.000000	325853.5000000000000000
202501	0002649002	0001422975	56500.000000	1129435.0000000000000000
202501	0002685600	0001424089	100000.000000	899000.0000000000000000
202501	0002798528	0001421121	20000.000000	599800.0000000000000000
202501	0002817435	0001419366	70000.000000	874300.0000000000000000
202501	0002831832	0001426452	110000.000000	2200000.0000000000000000
202501	0002843191	0001423927	70215.000000	2000425.3500000000000000
202501	0003011566	0001427819	37400.000000	429726.0000000000000000
202501	0003193935	0001419849	9000.000000	188910.0000000000000000
202501	0003271467	0001419438	16000.000000	351840.0000000000000000
202501	0003283223	0001418842	15300.000000	512397.0000000000000000
202501	0003377934	0001420589	70000.000000	1084300.0000000000000000
202501	0003400090	0001426804	20000.000000	469800.0000000000000000
202501	0003493160	0001425789	28100.000000	941069.0000000000000000
202501	0003524733	0001421561	90800.000000	898920.0000000000000000
202501	0003579794	0001426546	78100.000000	936419.0000000000000000
202501	0003598471	0001420319	52600.000000	998874.0000000000000000
202501	0003662251	0001419584	25000.000000	612250.0000000000000000
202501	0003699030	0001422706	102200.000000	2349578.0000000000000000
202501	0003701935	0001419478	2000.000000	66980.0000000000000000
202501	0003752987	0001420560	7600.000000	129124.0000000000000000
202501	0003815586	0001420040	1500.000000	36735.0000000000000000
202501	0003821899	0001420162	5400.000000	161946.0000000000000000
202501	0003880994	0001421111	8002.000000	227976.9800000000000000
202501	0003982543	0001419248	17470.000000	209465.3000000000000000
202501	0003989597	0001428039	11400.000000	301986.0000000000000000
202501	0003991734	0001421271	15000.000000	232350.0000000000000000
202501	0004048054	0001426042	25280.000000	657027.2000000000000000
202501	0004048708	0001424085	35000.000000	787150.0000000000000000
202501	0004197216	0001420932	65000.000000	1228500.0000000000000000
202501	0004319208	0001420375	26090.000000	625899.1000000000000000
202501	0004323549	0001426995	100000.000000	999000.0000000000000000
202501	0004331724	0001425417	30000.000000	614700.0000000000000000
202501	0004360376	0001428066	25645.000000	448531.0500000000000000
202501	0004379939	0001423702	20000.000000	179800.0000000000000000
202501	0004444428	0001421262	9000.000000	292410.0000000000000000
202501	0004461851	0001421778	2000.000000	30980.0000000000000000
202501	0004462412	0001423779	120000.000000	1378800.0000000000000000
202501	0004465209	0001425897	70000.000000	1189300.0000000000000000
202501	0004493029	0001421144	23490.000000	493055.1000000000000000
202501	0004498531	0001422871	15200.000000	364648.0000000000000000
202501	0004503769	0001427436	7000.000000	87430.0000000000000000
202501	0004506085	0001427637	80000.000000	919200.0000000000000000
202501	0004508156	0001428017	25332.000000	417724.6800000000000000
202501	0004513495	0001425833	5000.000000	144950.0000000000000000
202501	0004520169	0001419707	60000.000000	479400.0000000000000000
202501	0004639100	0001421245	5700.000000	170943.0000000000000000
202501	0004656054	0001419405	24100.000000	592860.0000000000000000
202501	0004673711	0001421276	24000.000000	695760.0000000000000000
202501	0004728788	0001425293	25000.000000	512250.0000000000000000
202501	0004734570	0001420921	28100.000000	814619.0000000000000000
202501	0004736500	0001426323	92000.000000	1931080.0000000000000000
202501	0004750147	0001420673	100000.000000	1149000.0000000000000000
202501	0005001193	0001419762	5900.000000	171041.0000000000000000
202501	0005020631	0001418977	7000.000000	220430.0000000000000000
202501	0005064514	0001421647	23779.000000	296999.7100000000000000
202501	0005088679	0001424341	9100.000000	168259.0000000000000000
202501	0005108022	0001424779	10600.000000	206594.0000000000000000
202501	0005136031	0001425202	8400.000000	230916.0000000000000000
202501	0005188206	0001420867	13800.000000	268962.0000000000000000
202501	0005232277	0001419617	8750.000000	135537.5000000000000000
202501	0005234216	0001419277	117900.000000	1354671.0000000000000000
202501	0005310438	0001423819	23400.000000	608166.0000000000000000
202501	0005341276	0001419726	36800.000000	735632.0000000000000000
202501	0005356381	0001424330	13000.000000	350870.0000000000000000
202501	0005443502	0001425378	35100.000000	701649.0000000000000000
202501	0005444096	0001423331	100000.000000	999000.0000000000000000
202501	0005468194	0001424652	100000.000000	1399000.0000000000000000
202501	0005490982	0001424130	92100.000000	1012179.0000000000000000
202501	0005513148	0001425728	96000.000000	1631040.0000000000000000
202501	0005587647	0001427489	27000.000000	269730.0000000000000000
202501	0005619606	0001423549	12077.000000	289727.2300000000000000
202501	0005698543	0001425495	23577.000000	435938.7300000000000000
202501	0005706932	0001423708	12418.000000	136473.8200000000000000
202501	0005766829	0001421845	74455.000000	892715.4500000000000000
202501	0005834478	0001422081	24300.000000	607257.0000000000000000
202501	0005840335	0001422158	19000.000000	408310.0000000000000000
202501	0005919121	0001421457	133000.000000	1461670.0000000000000000
202501	0005965587	0001422959	104213.000000	1145300.8700000000000000
202501	0005982889	0001427802	110000.000000	1428900.0000000000000000
202501	0005987896	0001419246	67251.000000	2622116.4900000000000000
202501	0006042915	0001420928	100000.000000	999000.0000000000000000
202501	0006053268	0001420150	30000.000000	869700.0000000000000000
202501	0006054894	0001427742	50000.000000	965000.0000000000000000
202501	0006066310	0001426343	14000.000000	181860.0000000000000000
202501	0006097240	0001421748	150000.000000	1935000.0000000000000000
202501	0006125504	0001427608	60000.000000	1349400.0000000000000000
202501	0006161756	0001420006	7500.000000	232425.0000000000000000
202501	0006167605	0001420558	7500.000000	217425.0000000000000000
202501	0006235014	0001423075	17600.000000	492624.0000000000000000
202501	0006248264	0001426934	22500.000000	461025.0000000000000000
202501	0006273338	0001424262	30000.000000	329700.0000000000000000
202501	0006297337	0001426455	82000.000000	1024180.0000000000000000
202501	0006309397	0001427076	20000.000000	449800.0000000000000000
202501	0006381420	0001425831	33200.000000	945868.0000000000000000
202501	0006385686	0001420913	110000.000000	1428900.0000000000000000
202501	0006440622	0001420750	26100.000000	691389.0000000000000000
202501	0006444707	0001427329	100000.000000	1299000.0000000000000000
202501	0006481568	0001422798	15400.000000	384846.0000000000000000
202501	0006563043	0001419420	5145.000000	180023.5500000000000000
202501	0006579064	0001426957	57800.000000	808622.0000000000000000
202501	0006587737	0001424005	100000.000000	1799000.0000000000000000
202501	0006588396	0001418887	24600.000000	639354.0000000000000000
202501	0006632889	0001426514	21600.000000	604584.0000000000000000
202501	0006648299	0001427625	135000.000000	2496150.0000000000000000
202501	0006675953	0001425520	9000.000000	377910.0000000000000000
202501	0006692024	0001427102	19154.000000	306272.4600000000000000
202501	0006754865	0001419627	4900.000000	107751.0000000000000000
202501	0006762207	0001428030	60100.000000	720599.0000000000000000
202501	0006849228	0001426865	52900.000000	1163271.0000000000000000
202501	0006872147	0001421574	3000.000000	77970.0000000000000000
202501	0006904403	0001420730	66620.000000	865393.8000000000000000
202501	0006913404	0001420920	60577.000000	817183.7300000000000000
202501	0006918304	0001419540	16054.000000	465405.4600000000000000
202501	0006938047	0001423497	24000.000000	815760.0000000000000000
202501	0006962997	0001423550	17400.000000	356526.0000000000000000
202501	0006998967	0001422162	73000.000000	1203770.0000000000000000
202501	0007002629	0001422920	75881.000000	1213337.1900000000000000
202501	0007007164	0001424513	5000.000000	69950.0000000000000000
202501	0007109101	0001420193	40077.000000	1141793.7300000000000000
202501	0007153448	0001425985	19100.000000	368630.0000000000000000
202501	0007366180	0001419400	16700.000000	308783.0000000000000000
202501	0007544828	0001419297	13710.000000	390597.9000000000000000
202501	0007557127	0001418973	9862.860000	137981.4114000000000000
202501	0007562762	0001423240	6500.000000	146185.0000000000000000
202501	0007623044	0001427126	11000.000000	285890.0000000000000000
202501	0007639255	0001423194	55000.000000	906950.0000000000000000
202501	0007712060	0001418828	23500.000000	681265.0000000000000000
202501	0007720915	0001423207	21910.000000	613260.9000000000000000
202501	0007723083	0001419678	20176.000000	312526.2400000000000000
202501	0007734882	0001424272	9000.000000	143910.0000000000000000
202501	0007805120	0001421656	15590.000000	280464.1000000000000000
202501	0007815517	0001427486	14000.000000	391860.0000000000000000
202501	0007824238	0001420803	26500.000000	463485.0000000000000000
202501	0007864994	0001424731	6300.000000	220437.0000000000000000
202501	0007881360	0001420235	9370.000000	337226.3000000000000000
202501	0007883598	0001426298	10900.000000	288741.0000000000000000
202501	0007930167	0001427331	11300.000000	169387.0000000000000000
202501	0007962640	0001419555	3980.000000	139260.2000000000000000
202501	0008000366	0001419828	4740.000000	146892.6000000000000000
202501	0008013625	0001425404	73000.000000	765770.0000000000000000
202501	0008016586	0001421851	6000.000000	86940.0000000000000000
202501	0008045858	0001427470	15000.000000	277350.0000000000000000
202501	0008047458	0001421409	88000.000000	2155120.0000000000000000
202501	0008065294	0001419312	100000.000000	1699000.0000000000000000
202501	0008088676	0001421709	100000.000000	999000.0000000000000000
202501	0008111270	0001419692	25000.000000	612250.0000000000000000
202501	0008137549	0001419271	25577.000000	741477.2300000000000000
202501	0008137978	0001426515	18000.000000	503820.0000000000000000
202501	0008144685	0001420677	87400.000000	1179026.0000000000000000
202501	0008147225	0001421355	14910.000000	216045.9000000000000000
202501	0008150856	0001425282	100000.000000	1199000.0000000000000000
202501	0008151524	0001424419	15000.000000	352350.0000000000000000
202501	0008151796	0001421191	10000.000000	289900.0000000000000000
202501	0008152300	0001422134	24310.000000	522421.9000000000000000
202501	0008152508	0001427026	16377.000000	581219.7300000000000000
202501	0008154502	0001425701	56800.000000	851432.0000000000000000
202501	0008155227	0001421754	37600.000000	1071224.0000000000000000
202501	0008155661	0001422067	20752.000000	362952.4800000000000000
202501	0008155971	0001421931	10000.000000	189900.0000000000000000
202501	0008157644	0001419855	3000.000000	73470.0000000000000000
202501	0008160117	0001421841	49900.000000	473551.0000000000000000
202501	0008166198	0001426815	8000.000000	191920.0000000000000000
202501	0008166976	0001426712	44000.000000	417560.0000000000000000
202501	0008167354	0001426754	5900.000000	173991.0000000000000000
202501	0008169996	0001418970	7000.000000	97930.0000000000000000
202501	0008170553	0001424368	18000.000000	494820.0000000000000000
202501	0008173326	0001427000	30000.000000	389700.0000000000000000
202501	0008174532	0001428100	32000.000000	511680.0000000000000000
202501	0008174820	0001425862	331258.000000	3640525.4200000000000000
202501	0008176726	0001419763	13000.000000	389870.0000000000000000
202501	0008177342	0001427347	5000.000000	69950.0000000000000000
202501	0008179843	0001427544	17000.000000	314330.0000000000000000
202501	0008183326	0001427054	21800.000000	533882.0000000000000000
202501	0008185149	0001425623	35100.000000	613899.0000000000000000
202501	0008185173	0001427367	21500.000000	1386535.0000000000000000
202501	0008185417	0001423869	19190.000000	450773.1000000000000000
202501	0008189251	0001425597	149999.000000	1498490.0100000000000000
202501	0008191092	0001425199	90577.000000	904864.2300000000000000
202501	0008192150	0001422328	18565.000000	333984.3500000000000000
202501	0008194590	0001426581	175319.000000	1663777.3100000000000000
202501	0008197408	0001423196	4250.000000	104082.5000000000000000
202501	0008199140	0001420812	40454.000000	646859.4600000000000000
202501	0008200583	0001426218	42500.000000	1189575.0000000000000000
202501	0008201025	0001427860	78200.000000	1923720.0000000000000000
202501	0008201666	0001419020	50000.000000	1149500.0000000000000000
202501	0008203520	0001427364	3030.000000	128744.7000000000000000
202501	0008205622	0001420741	10800.000000	340092.0000000000000000
202501	0008206282	0001422197	100000.000000	1349000.0000000000000000
202501	0008209140	0001422795	17000.000000	611830.0000000000000000
202501	0008209603	0001423558	99427.000000	993275.7300000000000000
202501	0008211677	0001423445	7185.000000	193923.1500000000000000
202501	0008215925	0001425841	25440.000000	521265.6000000000000000
202501	0008226886	0001424736	52100.000000	520479.0000000000000000
202501	0008227256	0001422367	33600.000000	436464.0000000000000000
202501	0008228682	0001425524	109000.000000	1088910.0000000000000000
202501	0008229117	0001426417	100900.000000	1210800.0000000000000000
202501	0008230902	0001424259	82100.000000	1066479.0000000000000000
202501	0008234221	0001424814	54954.000000	603944.4600000000000000
202501	0008236579	0001418868	93700.000000	1685663.0000000000000000
202501	0008239175	0001423643	7500.000000	202425.0000000000000000
202501	0008239559	0001421855	10000.000000	179900.0000000000000000
202501	0008244233	0001426047	20000.000000	529800.0000000000000000
202501	0008245639	0001422854	23900.000000	441911.0000000000000000
202501	0008250514	0001423989	110000.000000	1318900.0000000000000000
202501	0008250918	0001418934	17520.000000	534360.0000000000000000
202501	0008251713	0001419240	10454.000000	229883.4600000000000000
202501	0008253493	0001427676	35000.000000	559650.0000000000000000
202501	0008256065	0001419374	20280.000000	391404.0000000000000000
202501	0008256421	0001428077	19800.000000	534402.0000000000000000
202501	0008257149	0001426082	20369.000000	529390.3100000000000000
202501	0008263372	0001421949	110000.000000	1428900.0000000000000000
202501	0008264515	0001421422	53700.000000	482763.0000000000000000
202501	0008264548	0001426834	22000.000000	527780.0000000000000000
202501	0008267340	0001423719	61000.000000	1097390.0000000000000000
202501	0008268458	0001425957	100000.000000	1699000.0000000000000000
202501	0008269566	0001421602	10369.000000	367995.8100000000000000
202501	0008272968	0001427149	47500.000000	1163275.0000000000000000
202501	0008273163	0001424539	20000.000000	259800.0000000000000000
202501	0008274148	0001427432	54782.070000	519881.8443000000000000
202501	0008275501	0001427629	101500.000000	1115485.0000000000000000
202501	0008275969	0001427077	24454.000000	574424.4600000000000000
202501	0008276684	0001423893	3000.000000	73470.0000000000000000
202501	0008278330	0001419101	4100.000000	153709.0000000000000000
202501	0008280799	0001419298	74000.000000	1035260.0000000000000000
202501	0008282675	0001426822	16100.000000	345989.0000000000000000
202501	0008283054	0001425373	26800.000000	522332.0000000000000000
202501	0008283103	0001425550	56000.000000	615440.0000000000000000
202501	0008286257	0001421143	9200.000000	275908.0000000000000000
202501	0008286502	0001426327	89945.000000	988495.5500000000000000
202501	0008287551	0001423861	37310.000000	577931.9000000000000000
202501	0008291507	0001422260	30000.000000	704700.0000000000000000
202501	0008291743	0001420752	6500.000000	113685.0000000000000000
202501	0008292121	0001426848	20000.000000	479800.0000000000000000
202501	0008294338	0001422744	18300.000000	548817.0000000000000000
202501	0008298978	0001421618	35000.000000	752150.0000000000000000
202501	0008299836	0001419613	34700.000000	832453.0000000000000000
202501	0008301039	0001424358	100000.000000	999000.0000000000000000
202501	0008303915	0001426426	12500.000000	349875.0000000000000000
202501	0008305894	0001419434	35000.000000	1137150.0000000000000000
202501	0008306168	0001419793	61600.000000	1046584.0000000000000000
202501	0008308964	0001424555	60000.000000	749400.0000000000000000
202501	0008311673	0001426835	22400.000000	638176.0000000000000000
202501	0008312383	0001422864	9000.000000	251910.0000000000000000
202501	0008314799	0001420811	120577.000000	1325141.2300000000000000
202501	0008315828	0001422910	17500.000000	708575.0000000000000000
202501	0008316171	0001427085	31171.000000	560766.2900000000000000
202501	0008317683	0001419563	40000.000000	699600.0000000000000000
202501	0008317990	0001422834	106300.000000	1168237.0000000000000000
202501	0008318227	0001419866	4200.000000	134358.0000000000000000
202501	0008325104	0001419067	15000.000000	374850.0000000000000000
202501	0008326496	0001422867	80577.000000	1288426.2300000000000000
202501	0008330304	0001421701	33711.000000	640171.8900000000000000
202501	0008332371	0001427112	1500.000000	30735.0000000000000000
202501	0008334220	0001426536	5645.000000	149536.0500000000000000
202501	0008335837	0001423400	6100.000000	164639.0000000000000000
202501	0008336627	0001420480	35000.000000	752150.0000000000000000
202501	0008337372	0001420383	20200.000000	444198.0000000000000000
202501	0008340976	0001426693	60000.000000	809400.0000000000000000
202501	0008341326	0001421973	35000.000000	664650.0000000000000000
202501	0008344724	0001422953	4000.000000	119960.0000000000000000
202501	0008345305	0001427678	6000.000000	146940.0000000000000000
202501	0008345305	0001427681	37800.000000	831222.0000000000000000
202501	0008349249	0001418893	58800.000000	999012.0000000000000000
202501	0008351419	0001422467	24000.000000	395760.0000000000000000
202501	0008351862	0001421201	19600.000000	480004.0000000000000000
202501	0008353589	0001419754	90000.000000	1124100.0000000000000000
202501	0008354888	0001422942	12000.000000	443880.0000000000000000
202501	0008355783	0001427426	50000.000000	1399500.0000000000000000
202501	0008356722	0001420591	22000.000000	428780.0000000000000000
202501	0008358807	0001426333	6900.000000	172431.0000000000000000
202501	0008361113	0001425386	22290.000000	378707.1000000000000000
202501	0008369375	0001423769	7000.000000	255430.0000000000000000
202501	0008369510	0001422064	16500.000000	405900.0000000000000000
202501	0008371084	0001419766	53500.000000	962465.0000000000000000
202501	0008372515	0001423938	7000.000000	188930.0000000000000000
202501	0008377500	0001427841	13000.000000	337870.0000000000000000
202501	0008378812	0001424932	73577.000000	882188.2300000000000000
202501	0008378886	0001420061	17454.000000	322724.4600000000000000
202501	0008379282	0001423373	8000.000000	175920.0000000000000000
202501	0008380248	0001425315	15000.000000	284850.0000000000000000
202501	0008382950	0001421947	13700.000000	219063.0000000000000000
202501	0008384864	0001423440	11600.000000	313084.0000000000000000
202501	0008385411	0001419172	38250.000000	611617.5000000000000000
202501	0008386658	0001426321	3000.000000	73470.0000000000000000
202501	0008388922	0001427061	20940.000000	544230.6000000000000000
202501	0008390057	0001425950	20400.000000	622200.0000000000000000
202501	0008391067	0001424386	83300.000000	1456917.0000000000000000
202501	0008393758	0001424735	53100.000000	902169.0000000000000000
202501	0008397525	0001426650	96000.000000	911040.0000000000000000
202501	0008398170	0001425236	51500.000000	926485.0000000000000000
202501	0008400910	0001420858	100200.000000	900798.0000000000000000
202501	0008401647	0001420904	49880.000000	672881.2000000000000000
202501	0008403003	0001424834	32800.000000	672072.0000000000000000
202501	0008409472	0001419226	22745.000000	340947.5500000000000000
202501	0008409877	0001423560	37100.000000	1223929.0000000000000000
202501	0008410387	0001418975	70000.000000	1609300.0000000000000000
202501	0008413604	0001421093	51400.000000	873286.0000000000000000
202501	0008413614	0001420734	22000.000000	351780.0000000000000000
202501	0008415534	0001426867	69977.000000	1118932.2300000000000000
202501	0008416202	0001425422	34200.000000	888858.0000000000000000
202501	0008417617	0001427651	3000.000000	64470.0000000000000000
202501	0008418069	0001419845	10800.000000	167292.0000000000000000
202501	0008419652	0001424913	88300.000000	1367767.0000000000000000
202501	0008420946	0001423884	50000.000000	999500.0000000000000000
202501	0008424155	0001427369	10300.000000	253380.0000000000000000
202501	0008430476	0001427612	6000.000000	83940.0000000000000000
202501	0008432036	0001426254	8000.000000	275920.0000000000000000
202501	0008436836	0001422913	49900.000000	1271951.0000000000000000
202501	0008437322	0001425796	27300.000000	532077.0000000000000000
202501	0008439632	0001424306	22700.000000	465123.0000000000000000
202501	0008442556	0001418984	35850.000000	881910.0000000000000000
202501	0008443242	0001420236	110000.000000	1428900.0000000000000000
202501	0008444214	0001422735	15010.000000	472664.9000000000000000
202501	0008446470	0001424640	80000.000000	959200.0000000000000000
202501	0008446598	0001423195	15000.000000	289500.0000000000000000
202501	0008446733	0001427383	10000.000000	214900.0000000000000000
202501	0008447387	0001421551	6550.000000	153859.5000000000000000
202501	0008447427	0001427746	31080.000000	636829.2000000000000000
202501	0008449679	0001423015	25000.000000	637250.0000000000000000
202501	0008451713	0001425358	9450.000000	349555.5000000000000000
202501	0008452217	0001421434	53600.000000	1178664.0000000000000000
202501	0008454040	0001422951	50000.000000	549500.0000000000000000
202501	0008456371	0001420082	100000.000000	2299000.0000000000000000
202501	0008458077	0001420662	10000.000000	289900.0000000000000000
202501	0008458889	0001421832	6050.000000	229839.5000000000000000
202501	0008461775	0001421463	44891.000000	785143.5900000000000000
202501	0008463251	0001420015	12000.000000	359880.0000000000000000
202501	0008466062	0001424115	34000.000000	628660.0000000000000000
202501	0008466713	0001421768	8450.000000	130890.5000000000000000
202501	0008469396	0001423538	9200.000000	303508.0000000000000000
202501	0008469867	0001424231	15020.000000	367839.8000000000000000
202501	0008470603	0001421606	2000.000000	33980.0000000000000000
202501	0008471398	0001424121	76500.000000	1071000.0000000000000000
202501	0008472011	0001421655	70000.000000	874300.0000000000000000
202501	0008472640	0001422848	92200.000000	1382078.0000000000000000
202501	0008474484	0001424497	11300.000000	440587.0000000000000000
202501	0008475743	0001419551	7000.000000	202930.0000000000000000
202501	0008476407	0001423188	97900.000000	1173821.0000000000000000
202501	0008478306	0001418900	3100.000000	89869.0000000000000000
202501	0008481899	0001424391	51200.000000	716288.0000000000000000
202501	0008482690	0001427252	57200.000000	1143428.0000000000000000
202501	0008484192	0001428062	21000.000000	608790.0000000000000000
202501	0008484639	0001420261	10000.000000	259900.0000000000000000
202501	0008486396	0001423144	63300.000000	1557180.0000000000000000
202501	0008487546	0001426620	12400.000000	285076.0000000000000000
202501	0008488920	0001428045	2200.000000	35178.0000000000000000
202501	0008489687	0001425627	96064.000000	1055743.3600000000000000
202501	0008493060	0001423896	7000.000000	199430.0000000000000000
202501	0008496590	0001419586	63000.000000	1290870.0000000000000000
202501	0008498036	0001420897	68000.000000	679320.0000000000000000
202501	0008498268	0001420779	7300.000000	160527.0000000000000000
202501	0008498624	0001427173	37065.040000	407715.4400000000000000
202501	0008499632	0001426085	14500.000000	333355.0000000000000000
202501	0008500248	0001422024	14400.000000	417456.0000000000000000
202501	0008500851	0001424575	17200.000000	386828.0000000000000000
202501	0008502608	0001421117	9900.000000	282051.0000000000000000
202501	0008503779	0001423852	11540.000000	283884.0000000000000000
202501	0008602756	0001422331	27200.000000	706928.0000000000000000
202501	0008602974	0001426951	100000.000000	999000.0000000000000000
202501	0008604160	0001426725	71000.000000	673790.0000000000000000
202501	0008604479	0001419002	18800.000000	404012.0000000000000000
202501	0008605799	0001425517	5000.000000	107450.0000000000000000
202501	0008606391	0001426271	6100.000000	161589.0000000000000000
202501	0008607067	0001420671	7145.000000	307163.5500000000000000
202501	0008607411	0001422914	83700.000000	1003563.0000000000000000
202501	0008609488	0001423321	9000.000000	310410.0000000000000000
202501	0008610170	0001421174	25000.000000	712250.0000000000000000
202501	0008701193	0001420915	15000.000000	254850.0000000000000000
202501	0008704022	0001424442	58700.000000	1232113.0000000000000000
202501	0008707867	0001422957	10000.000000	129900.0000000000000000
202501	0008711105	0001421157	53300.000000	745667.0000000000000000
202501	0008713680	0001426641	71000.000000	851290.0000000000000000
202501	0008715937	0001418888	14300.000000	428857.0000000000000000
202501	0008718279	0001425838	12000.000000	227880.0000000000000000
202501	0008718833	0001423717	28013.000000	307862.8700000000000000
202501	0008721765	0001419083	44577.000000	1515172.2300000000000000
202501	0008723582	0001427894	96000.000000	863040.0000000000000000
202501	0008726120	0001421869	25000.000000	287250.0000000000000000
202501	0008726502	0001425979	121500.000000	1578285.0000000000000000
202501	0008726611	0001423925	25252.000000	845689.4800000000000000
202501	0008726773	0001423577	10145.000000	243378.5500000000000000
202501	0008726981	0001427628	75000.000000	861750.0000000000000000
202501	0008728361	0001426648	12700.000000	387350.0000000000000000
202501	0008728523	0001427180	35000.000000	454650.0000000000000000
202501	0008728523	0001427196	35000.000000	454650.0000000000000000
202501	0008729614	0001427626	53000.000000	714970.0000000000000000
202501	0008731228	0001420532	44000.000000	1407560.0000000000000000
202501	0008736910	0001420120	45500.000000	1137045.0000000000000000
202501	0008737629	0001426376	78100.000000	702119.0000000000000000
202501	0008737710	0001425562	28800.000000	950112.0000000000000000
202501	0008737970	0001419878	6800.000000	156332.0000000000000000
202501	0008738611	0001424654	18500.000000	406815.0000000000000000
202501	0008738846	0001425774	115000.000000	1608850.0000000000000000
202501	0008739169	0001425243	10000.000000	224900.0000000000000000
202501	0008739591	0001420646	10000.500000	359917.9950000000000000
202501	0008739886	0001424399	123400.000000	1973166.0000000000000000
202501	0008740428	0001423038	109300.000000	1638407.0000000000000000
202501	0008740585	0001427464	7690.000000	203708.1000000000000000
202501	0008740690	0001423644	6000.000000	146940.0000000000000000
202501	0008741213	0001423111	7300.000000	270027.0000000000000000
202501	0008741674	0001424055	3000.000000	71970.0000000000000000
202501	0008741997	0001418880	80577.000000	1369003.2300000000000000
202501	0008742958	0001424547	7700.000000	254023.0000000000000000
202501	0008744143	0001418852	3701.200000	62883.3880000000000000
202501	0008745175	0001423857	16577.000000	323085.7300000000000000
202501	0008745932	0001419144	12252.000000	300051.4800000000000000
202501	0008746563	0001420927	109200.000000	1964508.0000000000000000
202501	0008747293	0001418915	3000.000000	80970.0000000000000000
202501	0008749087	0001421689	3000.000000	79470.0000000000000000
202501	0008750603	0001420342	100000.000000	999000.0000000000000000
202501	0008750612	0001426322	79500.000000	1589205.0000000000000000
202501	0008753003	0001422161	130000.000000	2338700.0000000000000000
202501	0008753731	0001427421	14900.000000	223351.0000000000000000
202501	0008755530	0001420774	25500.000000	407745.0000000000000000
202501	0008755882	0001424133	2590.000000	63429.1000000000000000
202501	0008757278	0001418847	33200.000000	613868.0000000000000000
202501	0008757595	0001424359	13100.000000	242219.0000000000000000
202501	0008757682	0001427314	18400.000000	478216.0000000000000000
202501	0008758462	0001422669	62300.000000	1369977.0000000000000000
202501	0008761609	0001423237	4500.000000	125955.0000000000000000
202501	0008765295	0001420914	80000.000000	959200.0000000000000000
202501	0008766971	0001424643	11000.000000	296890.0000000000000000
202501	0008767773	0001425259	55700.000000	1391943.0000000000000000
202501	0008771110	0001423456	30000.000000	779700.0000000000000000
202501	0008772507	0001425702	5000.250000	117455.8725000000000000
202501	0008776384	0001420681	10656.000000	372853.4400000000000000
202501	0008777049	0001419677	7300.000000	153227.0000000000000000
202501	0008777151	0001426095	24000.000000	599760.0000000000000000
202501	0008780862	0001425984	20000.000000	269800.0000000000000000
202501	0008783692	0001427458	100000.000000	1849000.0000000000000000
202501	0008783760	0001421361	10000.000000	364900.0000000000000000
202501	0008783766	0001422632	15000.000000	374850.0000000000000000
202501	0008785651	0001418949	8000.000000	195920.0000000000000000
202501	0008786533	0001427341	66700.000000	1466733.0000000000000000
202501	0008788154	0001425665	39542.000000	454337.5800000000000000
202501	0008789298	0001419695	5000.000000	122450.0000000000000000
202501	0008792249	0001426763	5145.000000	100276.0500000000000000
202501	0008792459	0001427815	124000.000000	1238760.0000000000000000
202501	0008792478	0001425361	161400.000000	1935186.0000000000000000
202501	0008793400	0001424472	110000.000000	1100000.0000000000000000
202501	0008795021	0001425834	48800.000000	609512.0000000000000000
202501	0008795911	0001423621	21200.000000	328388.0000000000000000
202501	0008801038	0001423878	22000.000000	428780.0000000000000000
202501	0008805473	0001421188	5000.000000	137450.0000000000000000
202501	0008814012	0001427406	45200.000000	880948.0000000000000000
202501	0008814024	0001423097	68000.000000	917320.0000000000000000
202501	0008815912	0001422432	137100.000000	1369629.0000000000000000
202501	0008816628	0001425926	131000.000000	1308690.0000000000000000
202501	0008816648	0001420056	11500.000000	304635.0000000000000000
202501	0008819931	0001423489	15145.000000	514778.5500000000000000
202501	0008829351	0001423221	4800.000000	71952.0000000000000000
202501	0008832807	0001418831	19669.000000	483857.4000000000000000
202501	0008833131	0001425183	4000.000000	123960.0000000000000000
202501	0008833963	0001426906	6000.000000	230940.0000000000000000
202501	0008834759	0001426631	8100.000000	199260.0000000000000000
202501	0008836658	0001426611	8800.000000	197912.0000000000000000
202501	0008837429	0001422635	15700.000000	360943.0000000000000000
202501	0008840086	0001419214	38000.000000	550620.0000000000000000
202501	0008841614	0001426655	74986.000000	1049054.1400000000000000
202501	0008842044	0001420111	49100.000000	1177909.0000000000000000
202501	0008843118	0001425362	77500.000000	1006725.0000000000000000
202501	0008844536	0001422108	10000.000000	259900.0000000000000000
202501	0008848892	0001418963	17960.000000	269220.4000000000000000
202501	0008848954	0001423947	45000.000000	719550.0000000000000000
202501	0008853275	0001424571	151100.000000	1358389.0000000000000000
202501	0008854115	0001419934	13800.000000	448362.0000000000000000
202501	0008856474	0001426591	76609.000000	727019.4100000000000000
202501	0008860306	0001426981	58700.000000	1290813.0000000000000000
202501	0008860695	0001420360	12340.000000	345396.6000000000000000
202501	0008861556	0001422712	32000.000000	783680.0000000000000000
202501	0008863275	0001426380	13000.000000	298870.0000000000000000
202501	0008864349	0001425605	4700.000000	126853.0000000000000000
202501	0008869426	0001422482	20000.000000	429800.0000000000000000
202501	0008869904	0001427315	25369.000000	304174.3100000000000000
202501	0008870315	0001425705	17000.000000	390830.0000000000000000
202501	0008870794	0001425949	45700.000000	1096343.0000000000000000
202501	0008880423	0001418905	112308.000000	1290418.9200000000000000
202501	0008880726	0001421342	44000.000000	725560.0000000000000000
202501	0008881489	0001425535	25000.000000	399750.0000000000000000
202501	0008883760	0001422926	30369.000000	515969.3100000000000000
202501	0008885354	0001423831	74145.000000	814853.5500000000000000
202501	0008886970	0001423003	3870.000000	189591.3000000000000000
202501	0008887975	0001425593	70000.000000	839300.0000000000000000
202501	0008888510	0001424369	88000.000000	1803120.0000000000000000
202501	0008889225	0001421346	30000.000000	359700.0000000000000000
202501	0008889335	0001425655	46500.000000	697035.0000000000000000
202501	0008889810	0001427088	40000.000000	899600.0000000000000000
202501	0008890770	0001423105	21677.000000	520031.2300000000000000
202501	0008891674	0001420675	6000.000000	89940.0000000000000000
202501	0008892058	0001423070	70000.000000	839300.0000000000000000
202501	0008893320	0001419935	100000.000000	1199000.0000000000000000
202501	0008895297	0001423870	6660.000000	203063.4000000000000000
202501	0008895347	0001422961	8000.000000	99920.0000000000000000
202501	0008896378	0001423304	1000.000000	20990.0000000000000000
202501	0008898301	0001421205	38700.000000	1605663.0000000000000000
202501	0008899911	0001421395	89000.000000	1289610.0000000000000000
202501	0008900688	0001422825	18900.000000	472311.0000000000000000
202501	0008904789	0001424788	76000.000000	835240.0000000000000000
202501	0008905118	0001423911	9000.000000	161910.0000000000000000
202501	0008906539	0001420806	180000.000000	1800000.0000000000000000
202501	0008907478	0001425401	23600.000000	507164.0000000000000000
202501	0008909760	0001421472	18000.000000	251820.0000000000000000
202501	0008911580	0001423233	35100.000000	719199.0000000000000000
202501	0008913126	0001427182	130000.000000	2013700.0000000000000000
202501	0008915017	0001423856	59700.000000	1312803.0000000000000000
202501	0008916058	0001421193	39500.000000	730355.0000000000000000
202501	0008919799	0001427555	57357.000000	515639.4300000000000000
202501	0008920719	0001427221	56300.000000	1575837.0000000000000000
202501	0008921163	0001426973	8385.000000	217926.1500000000000000
202501	0008921239	0001427563	34409.000000	309336.9100000000000000
202501	0008925224	0001427574	73124.000000	913318.7600000000000000
202501	0008928385	0001422935	48000.000000	1055520.0000000000000000
202501	0008929209	0001419514	3000.000000	35970.0000000000000000
202501	0008929831	0001420757	35700.000000	570843.0000000000000000
202501	0008930196	0001424243	125400.000000	1252746.0000000000000000
202501	0008930595	0001423175	8700.000000	408813.0000000000000000
202501	0008932059	0001421961	1000.000000	17990.0000000000000000
202501	0008933018	0001424239	46900.000000	656131.0000000000000000
202501	0008933517	0001420758	30600.000000	626994.0000000000000000
202501	0008935268	0001419235	8000.000000	107920.0000000000000000
202501	0008936470	0001427258	69800.000000	1185902.0000000000000000
202501	0008938703	0001427320	9300.000000	246357.0000000000000000
202501	0008938916	0001420154	10145.000000	172363.5500000000000000
202501	0008939135	0001423365	15000.000000	404850.0000000000000000
202501	0008939363	0001423726	97570.000000	1267434.3000000000000000
202501	0008939586	0001424392	132736.000000	1657872.6400000000000000
202501	0008939723	0001427051	30500.000000	807945.0000000000000000
202501	0008940202	0001424063	60000.000000	779400.0000000000000000
202501	0008940248	0001420019	16277.000000	439316.2300000000000000
202501	0008940268	0001422452	5000.000000	152450.0000000000000000
202501	0008941947	0001419267	10000.000000	309900.0000000000000000
202501	0008942444	0001421575	17400.000000	356526.0000000000000000
202501	0008945859	0001421895	6000.000000	158940.0000000000000000
202501	0008947929	0001426252	25200.000000	528948.0000000000000000
202501	0008949566	0001424163	138477.000000	1868054.7300000000000000
202501	0008949853	0001426980	35500.000000	514395.0000000000000000
202501	0008951300	0001423991	15530.000000	302679.7000000000000000
202501	0008953021	0001421566	48077.000000	816828.2300000000000000
202501	0008953395	0001419780	38790.000000	503882.1000000000000000
202501	0008954044	0001423673	110000.000000	1373900.0000000000000000
202501	0008955113	0001426113	96709.000000	917768.4100000000000000
202501	0008955244	0001425212	89100.000000	934659.0000000000000000
202501	0008955640	0001424230	100000.000000	999000.0000000000000000
202501	0008957546	0001420780	15400.000000	484946.0000000000000000
202501	0008958353	0001420482	110000.000000	2528900.0000000000000000
202501	0008958501	0001422014	100000.000000	1249000.0000000000000000
202501	0008959088	0001422060	20100.000000	421899.0000000000000000
202501	0008963169	0001427064	60454.000000	1389837.4600000000000000
202501	0008963922	0001423664	100000.000000	1349000.0000000000000000
202501	0008964580	0001421874	32500.000000	974675.0000000000000000
202501	0008964885	0001422352	76500.000000	840735.0000000000000000
202501	0008966339	0001419718	22739.000000	681942.6100000000000000
202501	0008967969	0001419344	19200.000000	326208.0000000000000000
202501	0008968484	0001423722	91143.000000	1001661.5700000000000000
202501	0008968743	0001423140	5000.000000	169950.0000000000000000
202501	0008968804	0001419062	110000.000000	1318900.0000000000000000
202501	0008969279	0001422829	35000.000000	647150.0000000000000000
202501	0008970706	0001419135	138700.000000	1940413.0000000000000000
202501	0008975828	0001420561	30000.000000	404700.0000000000000000
202501	0008976478	0001423527	27200.000000	339728.0000000000000000
202501	0008977122	0001421996	44700.000000	804153.0000000000000000
202501	0008977830	0001427343	31500.000000	818685.0000000000000000
202501	0008978950	0001425734	18400.000000	257416.0000000000000000
202501	0008981082	0001427950	10307.000000	200883.4300000000000000
202501	0008981936	0001423347	100000.000000	2049000.0000000000000000
202501	0008981976	0001423311	25000.000000	462250.0000000000000000
202501	0008982191	0001426475	44869.000000	1143710.8100000000000000
202501	0008982325	0001427707	30000.000000	674700.0000000000000000
202501	0008982661	0001421138	5000.000000	164950.0000000000000000
202501	0008986492	0001426316	19454.000000	272161.4600000000000000
202501	0008987379	0001420585	29400.000000	631806.0000000000000000
202501	0008987379	0001424882	37230.000000	893147.7000000000000000
202501	0008987401	0001422297	8000.000000	215920.0000000000000000
202501	0008987844	0001419963	100000.000000	1449000.0000000000000000
202501	0008988609	0001427438	52670.000000	894863.3000000000000000
202501	0008988621	0001423211	12857.000000	192726.4300000000000000
202501	0008988698	0001419625	15700.000000	290293.0000000000000000
202501	0008988732	0001421888	16500.000000	239085.0000000000000000
202501	0008988852	0001423860	1000.000000	19490.0000000000000000
202501	0008988875	0001423039	42000.000000	881580.0000000000000000
202501	0008989553	0001419482	100000.000000	1149000.0000000000000000
202501	0008989930	0001427483	90082.000000	1035042.1800000000000000
202501	0008990084	0001423809	10800.000000	367092.0000000000000000
202501	0008990387	0001423868	12000.000000	161880.0000000000000000
202501	0008990486	0001423839	5000.000000	59950.0000000000000000
202501	0008990488	0001425364	55000.000000	934450.0000000000000000
202501	0008990875	0001423285	30500.000000	655445.0000000000000000
202501	0008993965	0001418862	3000.000000	50970.0000000000000000
202501	0008994549	0001427989	10000.000000	294900.0000000000000000
202501	0008998008	0001422266	6000.000000	74940.0000000000000000
202501	0008998704	0001423855	56760.000000	794072.4000000000000000
202501	0009000297	0001426711	8000.000000	199920.0000000000000000
202501	0009003244	0001427967	74300.000000	890857.0000000000000000
202501	0009003249	0001421818	105100.000000	944849.0000000000000000
202501	0009004544	0001427066	272430.870000	2449153.5213000000000000
202501	0009004758	0001419752	14400.000000	374256.0000000000000000
202501	0009005206	0001422422	50000.000000	874500.0000000000000000
202501	0009008528	0001424740	100000.000000	1299000.0000000000000000
202501	0009008583	0001422423	71360.000000	784246.4000000000000000
202501	0009017392	0001418903	12110.000000	163363.9000000000000000
202501	0009020564	0001426342	31800.000000	587982.0000000000000000
202501	0009021731	0001425919	70000.000000	2064300.0000000000000000
202501	0009023343	0001419513	42100.000000	483729.0000000000000000
202501	0009023588	0001427738	75000.000000	749250.0000000000000000
202501	0009024981	0001427522	100000.000000	949000.0000000000000000
202501	0009025614	0001420900	60200.000000	1022798.0000000000000000
202501	0009026583	0001419087	50000.000000	874500.0000000000000000
202501	0009026925	0001419922	6600.000000	95634.0000000000000000
202501	0009027650	0001424771	14000.000000	538860.0000000000000000
202501	0009029502	0001421096	52100.000000	728879.0000000000000000
202501	0009029569	0001426668	100000.000000	999000.0000000000000000
202501	0009030541	0001421171	17700.000000	435420.0000000000000000
202501	0009034095	0001426110	99400.000000	993006.0000000000000000
202501	0009035177	0001425826	6000.000000	161940.0000000000000000
202501	0009035535	0001428032	13000.000000	253370.0000000000000000
202501	0009037978	0001426328	15000.000000	149850.0000000000000000
202501	0009038088	0001420055	9500.000000	284905.0000000000000000
202501	0009038457	0001425449	172216.000000	1806545.8400000000000000
202501	0009038740	0001427965	100000.000000	1399000.0000000000000000
202501	0009039166	0001424545	100000.000000	999000.0000000000000000
202501	0009040976	0001423890	17000.000000	586330.0000000000000000
202501	0009046860	0001420202	74300.000000	2116807.0000000000000000
202501	0009046936	0001421769	35454.000000	939176.4600000000000000
202501	0009047312	0001419168	15050.000000	391149.5000000000000000
202501	0009048209	0001421581	64900.000000	940401.0000000000000000
202501	0009049772	0001427635	4650.000000	172003.5000000000000000
202501	0009052309	0001419948	58944.000000	942514.5600000000000000
202501	0009052731	0001423436	17369.000000	260361.3100000000000000
202501	0009053317	0001420891	31000.000000	1146690.0000000000000000
202501	0009053359	0001422469	110000.000000	1208900.0000000000000000
202501	0009053886	0001427324	29680.000000	667503.2000000000000000
202501	0009054032	0001424099	67700.000000	777873.0000000000000000
202501	0009056542	0001427273	9500.000000	261155.0000000000000000
202501	0009058447	0001426967	45000.000000	584550.0000000000000000
202501	0009058753	0001419650	8001.000000	231948.9900000000000000
202501	0009059584	0001422327	36600.000000	786534.0000000000000000
202501	0009062665	0001425411	101500.000000	1115485.0000000000000000
202501	0009064849	0001427634	51369.000000	461807.3100000000000000
202501	0009065812	0001427468	30000.000000	299700.0000000000000000
202501	0009066904	0001421735	99491.000000	1342133.5900000000000000
202501	0009067441	0001424245	6100.000000	146339.0000000000000000
202501	0009067840	0001421544	30000.000000	359700.0000000000000000
202501	0009069186	0001422123	74100.000000	1629459.0000000000000000
202501	0009070679	0001427034	58100.000000	899969.0000000000000000
202501	0009073341	0001424718	5000.000000	139950.0000000000000000
202501	0009073412	0001426360	63700.000000	636363.0000000000000000
202501	0009074537	0001426286	14100.000000	310059.0000000000000000
202501	0009076344	0001424462	114000.000000	1252860.0000000000000000
202501	0009076472	0001420948	100000.000000	1149000.0000000000000000
202501	0009077601	0001418897	10000.000000	159900.0000000000000000
202501	0009078372	0001426406	100000.000000	1499000.0000000000000000
202501	0009081426	0001425699	40000.000000	879600.0000000000000000
202501	0009084462	0001419681	47940.000000	1179324.0000000000000000
202501	0009085880	0001427566	1500.000000	41235.0000000000000000
202501	0009085890	0001426938	18400.000000	588616.0000000000000000
202501	0009085890	0001426939	18400.000000	588616.0000000000000000
202501	0009086004	0001428080	149969.000000	2098066.3100000000000000
202501	0009087535	0001424077	24700.000000	802503.0000000000000000
202501	0009087695	0001421222	14000.000000	272860.0000000000000000
202501	0009091123	0001420792	30200.000000	1086898.0000000000000000
202501	0009097773	0001418906	5200.000000	129948.0000000000000000
202501	0009097886	0001422492	8020.000000	236509.8000000000000000
202501	0009097934	0001422858	26030.000000	286069.7000000000000000
202501	0009099927	0001422056	5000.000000	187450.0000000000000000
202501	0009102799	0001422303	100000.000000	1199000.0000000000000000
202501	0009103160	0001426021	100000.000000	1699000.0000000000000000
202501	0009104137	0001419892	50000.000000	724500.0000000000000000
202501	0009104280	0001423973	5000.000000	109950.0000000000000000
202501	0009104889	0001421470	22050.000000	308479.5000000000000000
202501	0009105947	0001427166	8200.000000	233618.0000000000000000
202501	0009107962	0001427970	40454.000000	788448.4600000000000000
202501	0009108290	0001419615	1100.000000	26939.0000000000000000
202501	0009109631	0001426058	82700.000000	867523.0000000000000000
202501	0009109670	0001421957	16900.000000	354731.0000000000000000
202501	0009110079	0001425277	5577.000000	217447.2300000000000000
202501	0009111052	0001423116	19400.000000	601206.0000000000000000
202501	0009111127	0001427667	11000.000000	104390.0000000000000000
202501	0009111973	0001421629	36000.000000	557640.0000000000000000
202501	0009113834	0001419949	49100.000000	515059.0000000000000000
202501	0009114213	0001419837	10000.000000	149900.0000000000000000
202501	0009114699	0001418940	34400.000000	739256.0000000000000000
202501	0009116577	0001421528	180100.000000	1799199.0000000000000000
202501	0009116591	0001426853	27077.000000	703731.2300000000000000
202501	0009117690	0001427871	48000.000000	1180800.0000000000000000
202501	0009119579	0001426437	32995.000000	296625.0500000000000000
202501	0009121195	0001423000	7500.000000	184500.0000000000000000
202501	0009121236	0001427496	15000.000000	292350.0000000000000000
202501	0009122082	0001422151	11300.000000	277980.0000000000000000
202501	0009122488	0001421873	5000.000000	79950.0000000000000000
202501	0009123211	0001427491	2000.000000	60980.0000000000000000
202501	0009125177	0001422839	91500.000000	959835.0000000000000000
202501	0009126712	0001425483	81400.000000	1057386.0000000000000000
202501	0009127133	0001419463	19000.000000	370310.0000000000000000
202501	0009127605	0001419258	63600.000000	1525764.0000000000000000
202501	0009127684	0001427570	33100.000000	810619.0000000000000000
202501	0009127878	0001419581	10145.000000	268741.0500000000000000
202501	0009129838	0001421743	200000.000000	1998000.0000000000000000
202501	0009129850	0001422165	23100.000000	334719.0000000000000000
202501	0009130125	0001420824	9700.000000	203603.0000000000000000
202501	0009131162	0001422919	3300.000000	72567.0000000000000000
202501	0009131486	0001427110	25886.000000	426860.1400000000000000
202501	0009131710	0001426206	33000.000000	923670.0000000000000000
202501	0009133371	0001423865	1100.000000	17589.0000000000000000
202501	0009133956	0001419831	10000.000000	259900.0000000000000000
202501	0009135368	0001419716	12800.000000	383872.0000000000000000
202501	0009136904	0001423155	16000.000000	391840.0000000000000000
202501	0009137800	0001426363	14700.000000	529053.0000000000000000
202501	0009138498	0001419888	5000.000000	162450.0000000000000000
202501	0009138983	0001421385	9652.000000	173639.4800000000000000
202501	0009139976	0001423709	14369.000000	402188.3100000000000000
202501	0009140400	0001426084	80800.000000	2382792.0000000000000000
202501	0009140429	0001420754	58232.000000	669085.6800000000000000
202501	0009140628	0001421592	30000.000000	809700.0000000000000000
202501	0009143283	0001421101	75100.000000	1125749.0000000000000000
202501	0009143670	0001419166	52900.000000	1533571.0000000000000000
202501	0009144475	0001420856	29200.000000	1094708.0000000000000000
202501	0009144575	0001424094	21000.000000	692790.0000000000000000
202501	0009149119	0001427261	81200.000000	1582588.0000000000000000
202501	0009149242	0001419842	9000.000000	211410.0000000000000000
202501	0009149637	0001421301	15900.000000	270141.0000000000000000
202501	0009151402	0001427971	55000.000000	1353000.0000000000000000
202501	0009151959	0001422329	10000.000000	204900.0000000000000000
202501	0009155505	0001425311	12980.000000	356820.2000000000000000
202501	0009156057	0001424531	5645.000000	211631.0500000000000000
202501	0009156624	0001420898	52000.000000	1143480.0000000000000000
202501	0009157240	0001425608	14000.000000	188860.0000000000000000
202501	0009157888	0001426893	100000.000000	1799000.0000000000000000
202501	0009158705	0001421249	20000.000000	269800.0000000000000000
202501	0009161762	0001419657	13302.000000	256728.6000000000000000
202501	0009163665	0001427665	4050.000000	87034.5000000000000000
202501	0009164815	0001426871	6000.000000	224940.0000000000000000
202501	0009165190	0001419156	27000.000000	580230.0000000000000000
202501	0009169728	0001424451	90393.000000	1038615.5700000000000000
202501	0009170037	0001426013	58500.000000	1461915.0000000000000000
202501	0009171116	0001426525	25431.500000	432081.1850000000000000
202501	0009171174	0001423208	15369.000000	468754.5000000000000000
202501	0009172618	0001420081	4800.000000	124752.0000000000000000
202501	0009173827	0001426851	35000.000000	664650.0000000000000000
202501	0009176779	0001423876	2000.000000	66980.0000000000000000
202501	0009177562	0001425992	10145.000000	207871.0500000000000000
202501	0009179227	0001423022	15000.000000	149850.0000000000000000
202501	0009179487	0001421598	19700.000000	354403.0000000000000000
202501	0009181683	0001427115	18500.000000	453065.0000000000000000
202501	0009184088	0001422362	80577.000000	804964.2300000000000000
202501	0009184447	0001426840	5000.000000	94950.0000000000000000
202501	0009184601	0001427457	42000.000000	671580.0000000000000000
202501	0009185045	0001426548	10000.000000	184900.0000000000000000
202501	0009186090	0001419193	40000.000000	539600.0000000000000000
202501	0009189003	0001420163	70000.000000	1049300.0000000000000000
202501	0009193107	0001427087	3000.000000	79470.0000000000000000
202501	0009194437	0001424363	17060.000000	419676.0000000000000000
202501	0009196529	0001420612	25900.000000	543641.0000000000000000
202501	0009196708	0001421639	9350.000000	317806.5000000000000000
202501	0009198532	0001423083	52000.000000	493480.0000000000000000
202501	0009201794	0001418863	13100.000000	320819.0000000000000000
202501	0009202109	0001425448	45000.000000	472050.0000000000000000
202501	0009204385	0001425917	35000.000000	804650.0000000000000000
202501	0009208726	0001424295	16442.000000	312233.5800000000000000
202501	0009208968	0001427020	3000.000000	58470.0000000000000000
202501	0009211674	0001427467	105578.000000	1160302.2200000000000000
202501	0009214175	0001421099	11485.000000	282531.0000000000000000
202501	0009215807	0001422771	12000.000000	431880.0000000000000000
202501	0009215852	0001423510	17000.000000	424830.0000000000000000
202501	0009216989	0001427073	75900.000000	1175691.0000000000000000
202501	0009218058	0001423871	33000.000000	329670.0000000000000000
202501	0009220450	0001422505	15000.000000	517350.0000000000000000
202501	0009222815	0001427216	11500.000000	247135.0000000000000000
202501	0009223077	0001421837	100000.000000	1249000.0000000000000000
202501	0009223874	0001421194	10000.000000	289900.0000000000000000
202501	0009224493	0001427846	13000.000000	240370.0000000000000000
202501	0009225763	0001427239	10000.000000	94900.0000000000000000
202501	0009225920	0001419856	15800.000000	268442.0000000000000000
202501	0009227082	0001428102	29200.000000	718320.0000000000000000
202501	0009227125	0001424614	6185.000000	166933.1500000000000000
202501	0009227997	0001423935	23779.860000	273230.5914000000000000
202501	0009230005	0001420035	14409.000000	165559.4100000000000000
202501	0009232523	0001422470	100000.000000	2049000.0000000000000000
202501	0009233593	0001424699	76600.000000	1071634.0000000000000000
202501	0009233823	0001419886	23500.000000	704765.0000000000000000
202501	0009234806	0001426208	39900.000000	1236501.0000000000000000
202501	0009235553	0001427454	4200.000000	146958.0000000000000000
202501	0009236430	0001426040	16200.000000	591138.0000000000000000
202501	0009237703	0001421690	5000.000000	142450.0000000000000000
202501	0009238851	0001421303	79788.000000	797880.0000000000000000
202501	0009239204	0001427644	21577.000000	657882.7300000000000000
202501	0009239281	0001426783	100000.000000	1699000.0000000000000000
202501	0009240019	0001423076	120600.000000	1084194.0000000000000000
202501	0009240353	0001421624	11000.000000	313390.0000000000000000
202501	0009241000	0001423943	41900.000000	984231.0000000000000000
202501	0009242725	0001425715	80800.000000	887992.0000000000000000
202501	0009243224	0001424908	42800.000000	641572.0000000000000000
202501	0009244469	0001425433	14000.000000	524860.0000000000000000
202501	0009246322	0001421412	5000.000000	174950.0000000000000000
202501	0009246461	0001419844	50454.000000	781532.4600000000000000
202501	0009247782	0001420092	1200.000000	32988.0000000000000000
202501	0009248155	0001424348	43900.000000	965361.0000000000000000
202501	0009248198	0001423415	25690.000000	282333.1000000000000000
202501	0009248758	0001425291	46100.000000	552739.0000000000000000
202501	0009249210	0001420024	2000.000000	69980.0000000000000000
202501	0009249537	0001419603	7400.000000	114626.0000000000000000
202501	0009251090	0001424403	3000.000000	100470.0000000000000000
202501	0009251383	0001427513	61900.000000	804081.0000000000000000
202501	0009251543	0001424624	100000.000000	999000.0000000000000000
202501	0009251755	0001424356	100000.000000	1299000.0000000000000000
202501	0009255216	0001428076	15000.000000	224850.0000000000000000
202501	0009255957	0001427921	5000.000000	69950.0000000000000000
202501	0009256923	0001424498	5000.000000	132450.0000000000000000
202501	0009257334	0001426875	87000.000000	956130.0000000000000000
202501	0009259407	0001425939	55700.000000	1029893.0000000000000000
202501	0009261015	0001425518	89400.000000	893106.0000000000000000
202501	0009261796	0001425647	15000.000000	547350.0000000000000000
202501	0009263302	0001425657	42014.000000	461733.8600000000000000
202501	0009263398	0001419228	60100.000000	1471849.0000000000000000
202501	0009265215	0001423448	9000.000000	211410.0000000000000000
202501	0009265427	0001423766	37000.000000	684130.0000000000000000
202501	0009267644	0001426335	8405.000000	125990.9500000000000000
202501	0009270006	0001419808	12000.000000	335880.0000000000000000
202501	0009271017	0001420500	16500.000000	486585.0000000000000000
202501	0009272582	0001426418	80000.000000	2440000.0000000000000000
202501	0009278534	0001419558	5970.000000	187995.3000000000000000
202501	0009279127	0001427875	105900.000000	2169891.0000000000000000
202501	0009281901	0001426573	56577.000000	1017820.2300000000000000
202501	0009282577	0001425654	100000.000000	1599000.0000000000000000
202501	0009283201	0001426337	42000.000000	566580.0000000000000000
202501	0009283284	0001426023	16500.000000	379335.0000000000000000
202501	0009283484	0001423692	64400.000000	1931356.0000000000000000
202501	0009283794	0001427929	32000.000000	639680.0000000000000000
202501	0009284340	0001425677	36700.000000	641883.0000000000000000
202501	0009286381	0001425983	18496.000000	332743.0400000000000000
202501	0009287433	0001421329	30000.000000	914700.0000000000000000
202501	0009293175	0001426859	71577.000000	858208.2300000000000000
202501	0009294584	0001426825	37500.000000	862125.0000000000000000
202501	0009295119	0001419543	6369.000000	181452.8100000000000000
202501	0009296962	0001423956	74200.000000	1557458.0000000000000000
202501	0009297486	0001428089	21600.000000	561384.0000000000000000
202501	0009297655	0001423649	10000.000000	159900.0000000000000000
202501	0009298467	0001423238	49200.000000	1475508.0000000000000000
202501	0009299532	0001424549	70000.000000	1154300.0000000000000000
202501	0009301500	0001422888	24252.000000	557553.4800000000000000
202501	0009303004	0001424521	7000.000000	188930.0000000000000000
202501	0009308000	0001425439	90000.000000	1439100.0000000000000000
202501	0009308077	0001426634	15000.000000	217350.0000000000000000
202501	0009308525	0001426473	10900.000000	283291.0000000000000000
202501	0009308981	0001424379	48500.000000	775515.0000000000000000
202501	0009311082	0001421181	11100.000000	188589.0000000000000000
202501	0009311159	0001420112	20951.000000	167398.4900000000000000
202501	0009314063	0001419531	12900.000000	348171.0000000000000000
202501	0009314787	0001427650	4200.000000	71358.0000000000000000
202501	0009315312	0001422041	11270.000000	191477.3000000000000000
202501	0009316066	0001421955	24000.000000	647760.0000000000000000
202501	0009317787	0001424212	6000.000000	182940.0000000000000000
202501	0009318008	0001426905	34654.000000	727387.4600000000000000
202501	0009320588	0001423368	103300.000000	1290217.0000000000000000
202501	0009321211	0001421354	84140.000000	1135048.6000000000000000
202501	0009322524	0001427096	8800.000000	259512.0000000000000000
202501	0009323868	0001427692	20000.000000	329800.0000000000000000
202501	0009325706	0001426623	54430.000000	761475.7000000000000000
202501	0009326392	0001427908	12000.000000	179880.0000000000000000
202501	0009326801	0001426096	69814.000000	662534.8600000000000000
202501	0009329088	0001426230	45000.000000	764550.0000000000000000
202501	0009329303	0001426630	42500.000000	998325.0000000000000000
202501	0009331375	0001419376	80000.000000	999200.0000000000000000
202501	0009332174	0001427547	1500.000000	46485.0000000000000000
202501	0009332422	0001426478	10700.000000	438593.0000000000000000
202501	0009333584	0001423308	82400.000000	823176.0000000000000000
202501	0009334297	0001420027	5000.000000	124950.0000000000000000
202501	0009334584	0001421242	5300.000000	158947.0000000000000000
202501	0009335829	0001426415	37900.000000	928171.0000000000000000
202501	0009336406	0001424353	100000.000000	2299000.0000000000000000
202501	0009337004	0001419167	44331.000000	553694.1900000000000000
202501	0009338172	0001421203	5100.000000	152949.0000000000000000
202501	0009339044	0001421532	11180.000000	324108.2000000000000000
202501	0009340529	0001422277	17300.000000	596677.0000000000000000
202501	0009342747	0001424431	110000.000000	1098900.0000000000000000
202501	0009344914	0001420660	16207.000000	259149.9300000000000000
202501	0009347419	0001425682	4200.000000	125958.0000000000000000
202501	0009348901	0001419859	28000.000000	688800.0000000000000000
202501	0009349501	0001422046	100000.000000	1449000.0000000000000000
202501	0009350129	0001427503	65577.000000	1310884.2300000000000000
202501	0009353662	0001425557	22130.000000	575158.7000000000000000
202501	0009354946	0001422092	36952.000000	1071238.4800000000000000
202501	0009355399	0001421451	110000.000000	1089000.0000000000000000
202501	0009355449	0001425410	35000.000000	594650.0000000000000000
202501	0009355512	0001423324	7200.000000	352728.0000000000000000
202501	0009356508	0001420538	37700.000000	546273.0000000000000000
202501	0009358395	0001421649	80000.000000	1079200.0000000000000000
202501	0009360050	0001423891	15000.000000	352350.0000000000000000
202501	0009360576	0001424343	53200.000000	1010268.0000000000000000
202501	0009361029	0001426420	22400.000000	257376.0000000000000000
202501	0009361820	0001424294	95400.000000	1382346.0000000000000000
202501	0009361968	0001424007	36000.000000	917640.0000000000000000
202501	0009362900	0001427043	17000.000000	424830.0000000000000000
202501	0009363066	0001422465	18400.000000	395416.0000000000000000
202501	0009363123	0001424516	13500.000000	269865.0000000000000000
202501	0009363210	0001423202	23000.000000	540270.0000000000000000
202501	0009363486	0001422925	48046.000000	864347.5400000000000000
202501	0009366941	0001425215	1500.000000	36735.0000000000000000
202501	0009369010	0001419905	29985.000000	449475.1500000000000000
202501	0009369347	0001421486	30000.000000	464700.0000000000000000
202501	0009369501	0001425639	100000.000000	1399000.0000000000000000
202501	0009370151	0001424248	3000.000000	61470.0000000000000000
202501	0009370273	0001421097	100000.000000	1299000.0000000000000000
202501	0009370323	0001426605	100000.000000	1599000.0000000000000000
202501	0009371137	0001423215	54569.000000	981696.3100000000000000
202501	0009371198	0001418986	107000.000000	1175930.0000000000000000
202501	0009373341	0001419169	30000.000000	869700.0000000000000000
202501	0009374294	0001424495	30000.000000	854700.0000000000000000
202501	0009378287	0001420077	14000.000000	216860.0000000000000000
202501	0009378597	0001427511	100000.000000	999000.0000000000000000
202501	0009383383	0001426560	20000.000000	386000.0000000000000000
202501	0009383655	0001427729	5000.000000	92450.0000000000000000
202501	0009384194	0001428120	6500.000000	126685.0000000000000000
202501	0009384324	0001424345	15500.000000	395095.0000000000000000
202501	0009384574	0001422027	8000.000000	227920.0000000000000000
202501	0009386069	0001422902	5900.000000	67791.0000000000000000
202501	0009386106	0001427113	9110.000000	159333.9000000000000000
202501	0009386113	0001427266	21577.000000	560786.2300000000000000
202501	0009387523	0001419379	8170.000000	236848.3000000000000000
202501	0009388505	0001424838	41920.000000	481660.8000000000000000
202501	0009389808	0001425916	4000.000000	91960.0000000000000000
202501	0009390090	0001422002	10000.000000	379900.0000000000000000
202501	0009391830	0001420678	34000.000000	985660.0000000000000000
202501	0009392301	0001426493	20252.000000	931389.4800000000000000
202501	0009392480	0001422841	5000.000000	107450.0000000000000000
202501	0009393778	0001427931	17600.000000	432960.0000000000000000
202501	0009394090	0001421396	46429.000000	997759.2100000000000000
202501	0009395359	0001420857	8000.000000	267920.0000000000000000
202501	0009396175	0001427477	14000.000000	272860.0000000000000000
202501	0009396512	0001421577	25000.000000	362250.0000000000000000
202501	0009397041	0001420633	3000.000000	88470.0000000000000000
202501	0009397512	0001427793	21577.000000	280285.2300000000000000
202501	0009398564	0001425203	47200.000000	849128.0000000000000000
202501	0009399949	0001422054	115775.000000	1793354.7500000000000000
202501	0009400483	0001427469	17200.000000	429828.0000000000000000
202501	0009401178	0001427845	21000.000000	283290.0000000000000000
202501	0009401933	0001427817	6000.000000	125940.0000000000000000
202501	0009401984	0001424412	40000.000000	1039600.0000000000000000
202501	0009404648	0001424036	13209.000000	290465.9100000000000000
202501	0009406322	0001421204	31200.000000	920088.0000000000000000
202501	0009407134	0001421124	25000.000000	724750.0000000000000000
202501	0009408021	0001424598	100000.000000	1299000.0000000000000000
202501	0009408491	0001421865	13070.000000	202454.3000000000000000
202501	0009408577	0001419698	23000.000000	275770.0000000000000000
202501	0009409888	0001423864	5000.000000	64950.0000000000000000
202501	0009409895	0001423985	14100.000000	225459.0000000000000000
202501	0009409979	0001426640	11100.000000	133089.0000000000000000
202501	0009413890	0001427934	12869.000000	321596.3100000000000000
202501	0009414790	0001422689	23500.000000	622515.0000000000000000
202501	0009415689	0001423066	149999.000000	1423490.5100000000000000
202501	0009417037	0001419547	13600.000000	509864.0000000000000000
202501	0009418518	0001421450	92577.000000	1804325.7300000000000000
202501	0009419353	0001427042	5000.000000	172450.0000000000000000
202501	0009419802	0001421476	48233.000000	843595.1700000000000000
202501	0009421202	0001426618	142593.000000	1353207.5700000000000000
202501	0009421979	0001423945	29000.000000	695710.0000000000000000
202501	0009423013	0001423364	94200.000000	1553358.0000000000000000
202501	0009424564	0001421660	10000.000000	264900.0000000000000000
202501	0009427678	0001427405	24300.000000	595107.0000000000000000
202501	0009428413	0001424955	17000.000000	237830.0000000000000000
202501	0009429686	0001419056	28300.000000	594017.0000000000000000
202501	0009430366	0001422710	37300.000000	1267827.0000000000000000
202501	0009432092	0001419192	56865.000000	1079866.3500000000000000
202501	0009434941	0001421767	37200.000000	799428.0000000000000000
202501	0009435542	0001423126	42700.000000	810873.0000000000000000
202501	0009436565	0001423136	21300.000000	276687.0000000000000000
202501	0009437058	0001425666	49300.000000	911557.0000000000000000
202501	0009438999	0001424720	133860.000000	1203401.4000000000000000
202501	0009439971	0001427731	12900.000000	206271.0000000000000000
202501	0009440697	0001425914	7600.000000	288724.0000000000000000
202501	0009445052	0001426984	3000.000000	82470.0000000000000000
202501	0009446384	0001427902	9700.000000	213303.0000000000000000
202501	0009449540	0001425967	104600.000000	1044954.0000000000000000
202501	0009451592	0001427453	15000.000000	442350.0000000000000000
202501	0009456770	0001425849	18000.000000	476820.0000000000000000
202501	0009456932	0001418997	71300.000000	1140087.0000000000000000
202501	0009457108	0001420600	68000.000000	1291320.0000000000000000
202501	0009460733	0001420559	116500.000000	1338585.0000000000000000
202501	0009466464	0001424162	46869.000000	843173.3100000000000000
202501	0009470418	0001424400	16250.000000	349212.5000000000000000
202501	0009470824	0001419835	60140.000000	871428.6000000000000000
202501	0009472803	0001418998	26500.000000	651900.0000000000000000
202501	0009474581	0001425944	28670.000000	601783.3000000000000000
202501	0009475506	0001425442	70000.000000	1189300.0000000000000000
202501	0009475670	0001427969	10000.000000	194900.0000000000000000
202501	0009477825	0001424165	4000.000000	121960.0000000000000000
202501	0009479481	0001424381	93577.000000	1777027.2300000000000000
202501	0009479851	0001424812	25000.000000	512250.0000000000000000
202501	0009480325	0001420151	50000.000000	1499500.0000000000000000
202501	0009480726	0001424073	36300.000000	471537.0000000000000000
202501	0009483609	0001420267	18000.000000	332820.0000000000000000
202501	0009483716	0001427863	76000.000000	835240.0000000000000000
202501	0009484067	0001424800	20000.000000	479800.0000000000000000
202501	0009484785	0001425964	42620.000000	937213.8000000000000000
202501	0009485524	0001425222	189000.000000	1510110.0000000000000000
202501	0009489106	0001421633	5300.000000	172197.0000000000000000
202501	0009489282	0001425408	70000.000000	804300.0000000000000000
202501	0009490938	0001424056	6012.000000	204347.8800000000000000
202501	0009492196	0001423688	3500.000000	125965.0000000000000000
202501	0009494565	0001422264	10000.000000	234900.0000000000000000
202501	0009494967	0001420708	110000.000000	1648900.0000000000000000
202501	0009495134	0001420399	2000.000000	85980.0000000000000000
202501	0009498593	0001427105	50000.000000	849500.0000000000000000
202501	0009499615	0001427176	15000.000000	644850.0000000000000000
202501	0009499731	0001424959	63000.000000	818370.0000000000000000
202501	0009501082	0001420801	159069.000000	2145840.8100000000000000
202501	0009503504	0001423854	10090.000000	307644.1000000000000000
202501	0009503949	0001418790	17000.000000	271830.0000000000000000
202501	0009504026	0001425314	49702.000000	745032.9800000000000000
202501	0009505619	0001427229	5000.000000	87450.0000000000000000
202501	0009506940	0001421866	4947.750000	69219.0225000000000000
202501	0009507602	0001419151	13800.000000	517362.0000000000000000
202501	0009508404	0001420521	82100.000000	1394879.0000000000000000
202501	0009509027	0001423481	10000.000000	234900.0000000000000000
202501	0009509652	0001425504	81400.000000	1464386.0000000000000000
202501	0009509933	0001426094	90000.000000	854100.0000000000000000
202501	0009510454	0001421898	10800.000000	237492.0000000000000000
202501	0009510887	0001421535	5500.000000	206195.0000000000000000
202501	0009511755	0001425584	95000.000000	1186550.0000000000000000
202501	0009514155	0001423413	5650.000000	124243.5000000000000000
202501	0009514435	0001426941	38500.000000	846615.0000000000000000
202501	0009516580	0001419380	17900.000000	345470.0000000000000000
202501	0009517422	0001423932	100000.000000	999000.0000000000000000
202501	0009518528	0001426424	18800.000000	422812.0000000000000000
202501	0009520202	0001423949	70000.000000	1189300.0000000000000000
202501	0009521109	0001421910	30077.000000	871932.2300000000000000
202501	0009522609	0001418869	5300.000000	153647.0000000000000000
202501	0009526159	0001421766	18630.000000	521453.7000000000000000
202501	0009527660	0001426237	30000.000000	569700.0000000000000000
202501	0009527670	0001424346	21150.000000	348763.5000000000000000
202501	0009527926	0001422256	8700.000000	139113.0000000000000000
202501	0009528336	0001418937	2000.000000	39980.0000000000000000
202501	0009528934	0001418957	11100.000000	321789.0000000000000000
202501	0009529652	0001425371	7500.000000	198675.0000000000000000
202501	0009530363	0001421192	45700.000000	707893.0000000000000000
202501	0009530600	0001425971	18000.000000	395820.0000000000000000
202501	0009531071	0001425735	6000.000000	53940.0000000000000000
202501	0009531387	0001426060	4600.000000	121854.0000000000000000
202501	0009532496	0001422274	15000.000000	307350.0000000000000000
202501	0009532900	0001424053	17200.000000	395428.0000000000000000
202501	0009536202	0001425343	10000.000000	279900.0000000000000000
202501	0009539221	0001423045	40960.000000	368230.4000000000000000
202501	0009540151	0001422745	60000.000000	1469400.0000000000000000
202501	0009540178	0001428023	80000.000000	1039200.0000000000000000
202501	0009540648	0001423395	5000.000000	124950.0000000000000000
202501	0009541209	0001424803	12000.000000	323880.0000000000000000
202501	0009541509	0001426227	11000.000000	236390.0000000000000000
202501	0009545781	0001419355	9000.000000	260910.0000000000000000
202501	0009545979	0001422816	10800.000000	199692.0000000000000000
202501	0009546097	0001424940	39000.000000	740610.0000000000000000
202501	0009546122	0001419507	27520.000000	531136.0000000000000000
202501	0009546775	0001419833	15790.000000	386697.1000000000000000
202501	0009547758	0001421454	10000.000000	294900.0000000000000000
202501	0009547835	0001424193	20369.000000	346069.3100000000000000
202501	0009548110	0001426935	30000.000000	1184700.0000000000000000
202501	0009549046	0001419084	47179.000000	542086.7100000000000000
202501	0009551391	0001421724	5000.000000	144950.0000000000000000
202501	0009552350	0001425956	3000.000000	104970.0000000000000000
202501	0009554642	0001420925	11500.000000	270135.0000000000000000
202501	0009556023	0001423219	56600.000000	1329534.0000000000000000
202501	0009557204	0001420199	15000.000000	292350.0000000000000000
202501	0009557732	0001419286	35000.000000	997150.0000000000000000
202501	0009557993	0001421256	10080.000000	231739.2000000000000000
202501	0009558377	0001426093	80000.000000	1359200.0000000000000000
202501	0009559671	0001426728	40000.000000	359600.0000000000000000
202501	0009560090	0001428166	39000.000000	623610.0000000000000000
202501	0009560537	0001421842	7100.000000	248429.0000000000000000
202501	0009560990	0001419915	40600.000000	1238300.0000000000000000
202501	0009561897	0001424889	11000.000000	307890.0000000000000000
202501	0009563586	0001424962	36990.000000	443510.1000000000000000
202501	0009566813	0001423542	65800.000000	887642.0000000000000000
202501	0009567830	0001421610	34300.000000	1011507.0000000000000000
202501	0009569439	0001423299	10500.000000	178395.0000000000000000
202501	0009569705	0001420683	24800.000000	458552.0000000000000000
202501	0009569818	0001418841	43578.000000	478922.2200000000000000
202501	0009572657	0001419499	30000.000000	794700.0000000000000000
202501	0009572826	0001421857	37500.000000	1180875.0000000000000000
202501	0009574041	0001419920	32500.000000	519675.0000000000000000
202501	0009576425	0001421693	14000.000000	258860.0000000000000000
202501	0009577143	0001427722	34200.000000	803358.0000000000000000
202501	0009578141	0001422886	22453.000000	707044.9700000000000000
202501	0009578381	0001419871	10000.000000	334900.0000000000000000
202501	0009580372	0001426384	22000.000000	505780.0000000000000000
202501	0009580588	0001425640	43561.000000	783662.3900000000000000
202501	0009583653	0001423031	26100.000000	586989.0000000000000000
202501	0009583941	0001426810	2000.000000	36980.0000000000000000
202501	0009584467	0001420179	24100.000000	592860.0000000000000000
202501	0009584964	0001420143	32077.000000	641219.2300000000000000
202501	0009586593	0001427839	20000.000000	179800.0000000000000000
202501	0009588783	0001421128	73500.000000	1322265.0000000000000000
202501	0009592994	0001428060	5000.000000	169950.0000000000000000
202501	0009594483	0001422907	78260.000000	1055727.4000000000000000
202501	0009598506	0001426440	85100.000000	977799.0000000000000000
202501	0009600173	0001424754	41000.000000	573590.0000000000000000
202501	0009600222	0001420906	27700.000000	595273.0000000000000000
202501	0009600767	0001424584	25000.000000	374750.0000000000000000
202501	0009601471	0001419931	5000.000000	69950.0000000000000000
202501	0009602972	0001424103	15369.000000	378077.4000000000000000
202501	0009604114	0001425521	52050.000000	624079.5000000000000000
202501	0009605811	0001426430	68163.000000	612785.3700000000000000
202501	0009609332	0001425811	11200.000000	380688.0000000000000000
202501	0009622975	0001419191	6500.000000	129935.0000000000000000
202501	0009628354	0001420784	13500.000000	195615.0000000000000000
202501	0009629191	0001418912	5000.000000	157450.0000000000000000
202501	0009629197	0001421906	33400.000000	433866.0000000000000000
202501	0009632272	0001421534	76900.000000	862818.0000000000000000
202501	0009633866	0001421402	60000.000000	929400.0000000000000000
202501	0009635378	0001426354	55000.000000	659450.0000000000000000
202501	0009635846	0001427884	34700.000000	676303.0000000000000000
202501	0009635987	0001425873	24400.000000	426756.0000000000000000
202501	0009636181	0001420361	4000.000000	105960.0000000000000000
202501	0009640828	0001421604	4000.000000	97960.0000000000000000
202501	0009642101	0001428131	1000.000000	28990.0000000000000000
202501	0009642560	0001418875	19300.000000	463007.0000000000000000
202501	0009643118	0001424222	4700.000000	117453.0000000000000000
202501	0009644618	0001419396	3000.000000	85470.0000000000000000
202501	0009649997	0001421123	25454.000000	763365.4600000000000000
202501	0009651349	0001423609	6358.000000	114380.4200000000000000
202501	0009652817	0001421935	10300.000000	221347.0000000000000000
202501	0009655810	0001420765	12369.000000	315285.8100000000000000
202501	0009655856	0001426870	54940.000000	878490.6000000000000000
202501	0009657164	0001426017	18000.000000	442800.0000000000000000
202501	0009657244	0001425696	12100.000000	193479.0000000000000000
202501	0009657915	0001425875	49400.000000	789906.0000000000000000
202501	0009659843	0001420487	29089.000000	726934.1100000000000000
202501	0009664682	0001426293	24000.000000	590400.0000000000000000
202501	0009666540	0001422269	11000.000000	351890.0000000000000000
202501	0009667671	0001423282	40000.000000	599600.0000000000000000
202501	0009668203	0001419046	4900.000000	144501.0000000000000000
202501	0009669799	0001421687	100000.000000	999000.0000000000000000
202501	0009673117	0001423656	25000.000000	499750.0000000000000000
202501	0009673146	0001421521	35051.000000	402735.9900000000000000
202501	0009677906	0001418855	6252.000000	96843.4800000000000000
202501	0009678865	0001424014	20500.000000	491795.0000000000000000
202501	0009679549	0001419153	18100.000000	886719.0000000000000000
202501	0009680863	0001420658	159800.000000	1916002.0000000000000000
202501	0009682363	0001419118	25000.000000	462250.0000000000000000
202501	0009683549	0001419042	4600.000000	142554.0000000000000000
202501	0009684193	0001425446	75015.000000	824414.8500000000000000
202501	0009684255	0001419578	15400.000000	284746.0000000000000000
202501	0009686105	0001421985	15000.000000	254850.0000000000000000
202501	0009687300	0001420137	5000.000000	174950.0000000000000000
202501	0009689172	0001426903	131253.000000	1508096.9700000000000000
202501	0009692577	0001418924	7400.000000	214526.0000000000000000
202501	0009695326	0001418794	15000.000000	232350.0000000000000000
202501	0009695527	0001427278	7000.000000	223930.0000000000000000
202501	0009696009	0001426451	10300.000000	303747.0000000000000000
202501	0009699421	0001419829	7400.000000	192326.0000000000000000
202501	0009699784	0001419688	20200.000000	343198.0000000000000000
202501	0009699856	0001421253	32100.000000	818229.0000000000000000
202501	0009701427	0001420799	27000.000000	310230.0000000000000000
202501	0009701514	0001424857	70000.000000	700000.0000000000000000
202501	0009701807	0001418805	5000.000000	104950.0000000000000000
202501	0009702291	0001421682	25154.000000	427366.4600000000000000
202501	0009702412	0001421511	30700.000000	936350.0000000000000000
202501	0009703275	0001425758	6800.000000	186932.0000000000000000
202501	0009709645	0001426091	18500.000000	665815.0000000000000000
202501	0009709859	0001426585	60300.000000	1416447.0000000000000000
202501	0009710176	0001420168	2000.000000	35980.0000000000000000
202501	0009710652	0001426075	5000.000000	139950.0000000000000000
202501	0009713348	0001420603	30700.000000	690443.0000000000000000
202501	0009714241	0001419520	6000.000000	146940.0000000000000000
202501	0009715240	0001421160	80000.000000	2039200.0000000000000000
202501	0009715930	0001425861	5700.000000	173793.0000000000000000
202501	0009718333	0001421759	20000.000000	289800.0000000000000000
202501	0009718678	0001421365	25100.000000	727649.0000000000000000
202501	0009720642	0001422136	22900.000000	263121.0000000000000000
202501	0009722173	0001425890	8300.000000	319467.0000000000000000
202501	0009724142	0001420736	23000.000000	390770.0000000000000000
202501	0009724487	0001424568	31490.000000	645230.1000000000000000
202501	0009725663	0001425645	7800.000000	311922.0000000000000000
202501	0009725999	0001422938	10000.000000	234900.0000000000000000
202501	0009726182	0001422323	23000.000000	482770.0000000000000000
202501	0009726703	0001424479	44369.000000	620722.3100000000000000
202501	0009729465	0001419929	27100.000000	880479.0000000000000000
202501	0009729597	0001426582	59000.000000	766410.0000000000000000
202501	0009731253	0001423137	92300.000000	1014377.0000000000000000
202501	0009733692	0001427461	70577.000000	1128526.2300000000000000
202501	0009735926	0001421116	38000.000000	626620.0000000000000000
202501	0009743361	0001425515	40000.000000	559600.0000000000000000
202501	0009745713	0001427402	30000.000000	674700.0000000000000000
202501	0009745793	0001423245	8252.000000	140201.4800000000000000
202501	0009745814	0001425512	22000.000000	560780.0000000000000000
202501	0009747182	0001423923	53277.000000	1251476.7300000000000000
202501	0009747708	0001427308	3000.000000	41970.0000000000000000
202501	0009748286	0001424480	5000.000000	182450.0000000000000000
202501	0009748707	0001424512	30300.000000	348147.0000000000000000
202501	0009750686	0001422230	20000.000000	339800.0000000000000000
202501	0009750725	0001426097	185800.000000	1670342.0000000000000000
202501	0009751443	0001426569	43300.000000	410917.0000000000000000
202501	0009752417	0001421563	200000.000000	1998000.0000000000000000
202501	0009756955	0001425316	70000.000000	979300.0000000000000000
202501	0009760839	0001418945	20600.000000	772294.0000000000000000
202501	0009761786	0001425752	57200.000000	857428.0000000000000000
202501	0009762001	0001421839	100000.000000	1299000.0000000000000000
202501	0009763156	0001423533	7700.000000	265573.0000000000000000
202501	0009765025	0001425955	50500.000000	807495.0000000000000000
202501	0009768429	0001423697	10000.000000	169900.0000000000000000
202501	0009770967	0001424101	5500.000000	269445.0000000000000000
202501	0009772432	0001426340	15800.000000	388680.0000000000000000
202501	0009772484	0001427130	100000.000000	1399000.0000000000000000
202501	0009773063	0001420723	25000.000000	437250.0000000000000000
202501	0009775981	0001424406	18100.000000	732869.0000000000000000
202501	0009777107	0001424896	50000.000000	699500.0000000000000000
202501	0009779406	0001420541	10145.000000	278886.0500000000000000
202501	0009780021	0001420574	5000.000000	142450.0000000000000000
202501	0009780331	0001420772	3000.000000	89970.0000000000000000
202501	0009780364	0001427174	34296.000000	668429.0400000000000000
202501	0009781437	0001426788	8100.000000	157869.0000000000000000
202501	0009782164	0001422885	10500.000000	320250.0000000000000000
202501	0009782601	0001423312	1000.000000	15990.0000000000000000
202501	0009783422	0001426488	40000.000000	559600.0000000000000000
202501	0009784234	0001425891	23800.000000	261562.0000000000000000
202501	0009785025	0001426105	108300.000000	1137150.0000000000000000
202501	0009786062	0001420072	13800.000000	262062.0000000000000000
202501	0009787131	0001424492	6000.000000	251940.0000000000000000
202501	0009787751	0001420930	102800.000000	1026972.0000000000000000
202501	0009788502	0001426392	10000.000000	264900.0000000000000000
202501	0009788649	0001425609	100000.000000	1199000.0000000000000000
202501	0009793510	0001420568	60000.000000	839400.0000000000000000
202501	0009795724	0001423770	4000.000000	61960.0000000000000000
202501	0009795734	0001427781	94727.000000	1277867.2300000000000000
202501	0009796756	0001425842	43200.000000	1101168.0000000000000000
202501	0009800072	0001422101	77700.000000	970473.0000000000000000
202501	0009802196	0001424182	5000.000000	152450.0000000000000000
202501	0009804975	0001427725	45500.000000	727545.0000000000000000
202501	0009805056	0001421369	3500.000000	101465.0000000000000000
202501	0009805565	0001422702	25454.000000	877908.4600000000000000
202501	0009805648	0001419738	8300.000000	294567.0000000000000000
202501	0009808460	0001425457	97304.000000	1069370.9600000000000000
202501	0009809872	0001426112	50000.000000	474500.0000000000000000
202501	0009810659	0001424871	110000.000000	2198900.0000000000000000
202501	0009811713	0001420855	16100.000000	289639.0000000000000000
202501	0009812983	0001419789	36000.000000	647640.0000000000000000
202501	0009813088	0001423212	5500.000000	93445.0000000000000000
202501	0009814106	0001425643	100000.000000	1199000.0000000000000000
202501	0009817348	0001427033	7100.000000	177429.0000000000000000
202501	0009819541	0001425895	11000.000000	527890.0000000000000000
202501	0009824591	0001423203	41700.000000	583383.0000000000000000
202501	0009827965	0001419724	94600.000000	1418054.0000000000000000
202501	0009827984	0001426743	8000.000000	123920.0000000000000000
202501	0009829188	0001425514	140300.000000	1822497.0000000000000000
202501	0009829656	0001422247	14000.000000	349860.0000000000000000
202501	0009830460	0001427698	20000.000000	319800.0000000000000000
202501	0009830468	0001428056	100000.000000	1199000.0000000000000000
202501	0009832661	0001420257	1000.000000	16490.0000000000000000
202501	0009832836	0001425908	30000.000000	854700.0000000000000000
202501	0009833949	0001419536	70000.000000	1084300.0000000000000000
202501	0009836387	0001425750	13000.000000	194870.0000000000000000
202501	0009837192	0001422326	13900.000000	222261.0000000000000000
202501	0009838326	0001421628	23500.000000	211265.0000000000000000
202501	0009838453	0001420128	14100.000000	239559.0000000000000000
202501	0009841543	0001424963	43000.000000	838070.0000000000000000
202501	0009842440	0001420879	3000.000000	70470.0000000000000000
202501	0009845004	0001422832	10785.000000	188629.6500000000000000
202501	0009846053	0001420007	32900.000000	575421.0000000000000000
202501	0009846248	0001419746	7200.000000	177120.0000000000000000
202501	0009851419	0001424110	16600.000000	589134.0000000000000000
202501	0009854126	0001427823	106000.000000	1641940.0000000000000000
202501	0009854863	0001424199	17800.000000	302422.0000000000000000
202501	0009855035	0001420865	40000.000000	659600.0000000000000000
202501	0009856423	0001424794	87577.000000	1706875.7300000000000000
202501	0009859778	0001421584	106400.000000	1062936.0000000000000000
202501	0009863041	0001426434	2500.000000	83725.0000000000000000
202501	0009864238	0001423403	80000.000000	959200.0000000000000000
202501	0009866827	0001419857	3900.000000	136461.0000000000000000
202501	0009869031	0001421559	20000.000000	349800.0000000000000000
202501	0009870067	0001427437	12900.000000	277221.0000000000000000
202501	0009871693	0001422095	95000.000000	1471550.0000000000000000
202501	0009873387	0001423276	19000.000000	541310.0000000000000000
202501	0009876223	0001425195	130220.000000	1170677.8000000000000000
202501	0009882184	0001423899	2000.000000	51980.0000000000000000
202501	0009882386	0001427899	25000.000000	562250.0000000000000000
202501	0009882516	0001422779	14240.000000	669137.6000000000000000
202501	0009882845	0001427410	12000.000000	245880.0000000000000000
202501	0009882961	0001426759	16454.000000	468774.4600000000000000
202501	0009889022	0001425972	42687.000000	1301953.5000000000000000
202501	0009889369	0001427702	6000.000000	101940.0000000000000000
202501	0009889663	0001422896	28000.000000	951720.0000000000000000
202501	0009889967	0001425464	66800.000000	1134932.0000000000000000
202501	0009893025	0001423579	28400.000000	865916.0000000000000000
202501	0009894556	0001422124	16000.000000	591840.0000000000000000
202501	0009894651	0001419526	55977.000000	839095.2300000000000000
202501	0009895367	0001426265	54000.000000	593460.0000000000000000
202501	0009897756	0001421199	100000.000000	1000000.0000000000000000
202501	0009897881	0001423568	15900.000000	254241.0000000000000000
202501	0009898497	0001425431	3000.000000	83970.0000000000000000
202501	0009899719	0001423575	25000.000000	649750.0000000000000000
202501	0009900689	0001422438	34500.000000	568905.0000000000000000
202501	0009901674	0001426507	14474.000000	347231.2600000000000000
202501	0009902124	0001427889	17500.000000	262325.0000000000000000
202501	0009902270	0001426195	30100.000000	827449.0000000000000000
202501	0009902982	0001427836	71860.000000	753811.4000000000000000
202501	0009904736	0001426692	42500.000000	977075.0000000000000000
202501	0009906096	0001427375	7000.000000	300930.0000000000000000
202501	0009906899	0001428124	10000.000000	159900.0000000000000000
202501	0009909927	0001426563	6000.000000	203940.0000000000000000
202501	0009912720	0001422320	8000.000000	111920.0000000000000000
202501	0009914367	0001427326	15000.000000	352350.0000000000000000
202501	0009918891	0001420697	50597.000000	1315016.0300000000000000
202501	0009921617	0001423008	53300.000000	1252017.0000000000000000
202501	0009922959	0001421524	30200.000000	573498.0000000000000000
202501	0009923592	0001427167	42900.000000	964821.0000000000000000
202501	0009924567	0001426748	5000.000000	184950.0000000000000000
202501	0009928035	0001427749	4000.000000	67960.0000000000000000
202501	0009930458	0001423530	15000.000000	369000.0000000000000000
202501	0009930861	0001419221	6330.000000	113876.7000000000000000
202501	0009931122	0001426702	10497.000000	278065.5300000000000000
202501	0009932818	0001421552	39000.000000	526110.0000000000000000
202501	0009934859	0001424194	71000.000000	1348290.0000000000000000
202501	0009935027	0001422249	10000.000000	174900.0000000000000000
202501	0009935208	0001426863	100000.000000	1299000.0000000000000000
202501	0009935257	0001423620	35000.000000	489650.0000000000000000
202501	0009935458	0001421505	15000.000000	322350.0000000000000000
202501	0009938250	0001418814	21000.000000	661290.0000000000000000
202501	0009939113	0001421325	16200.000000	283338.0000000000000000
202501	0009939924	0001420570	13185.000000	184458.1500000000000000
202501	0009939969	0001427246	3450.000000	81040.5000000000000000
202501	0009941185	0001426371	26800.000000	562532.0000000000000000
202501	0009941427	0001422668	15500.000000	317595.0000000000000000
202501	0009941638	0001422453	53519.000000	588173.8100000000000000
202501	0009942452	0001420832	100000.000000	1499000.0000000000000000
202501	0009943890	0001421648	29500.000000	456955.0000000000000000
202501	0009944808	0001427695	4000.000000	87960.0000000000000000
202501	0009945116	0001425472	14000.000000	503860.0000000000000000
202501	0009946035	0001427826	80024.000000	719415.7600000000000000
202501	0009946036	0001421165	6500.000000	188435.0000000000000000
202501	0009946798	0001426484	42004.000000	692645.9600000000000000
202501	0009949085	0001422365	11100.000000	327339.0000000000000000
202501	0009950273	0001427041	20000.000000	179800.0000000000000000
202501	0009951949	0001426447	30000.000000	704700.0000000000000000
202501	0009952850	0001426295	4800.000000	124752.0000000000000000
202501	0009955120	0001426846	46657.000000	536088.9300000000000000
202501	0009956265	0001425909	12600.000000	327474.0000000000000000
202501	0009956297	0001425713	10800.000000	286092.0000000000000000
202501	0009957406	0001427577	80000.000000	1519200.0000000000000000
202501	0009958037	0001427621	20000.000000	529800.0000000000000000
202501	0009958241	0001424092	10000.000000	246000.0000000000000000
202501	0009963667	0001425379	185215.000000	1757690.3500000000000000
202501	0009964289	0001421644	20654.000000	671048.4600000000000000
202501	0009965824	0001424702	67400.000000	808126.0000000000000000
202501	0009967572	0001421932	10000.000000	299900.0000000000000000
202501	0009968186	0001427268	32700.000000	849873.0000000000000000
202501	0009970692	0001422262	19000.000000	208810.0000000000000000
202501	0009971428	0001419561	65600.000000	1475344.0000000000000000
202501	0009973822	0001424858	30000.000000	809700.0000000000000000
202501	0009975675	0001423177	25000.000000	512250.0000000000000000
202501	0009976887	0001419386	28200.000000	493218.0000000000000000
202501	0009977050	0001419932	13000.000000	220870.0000000000000000
202501	0009979482	0001425444	6700.000000	247833.0000000000000000
202501	0009980830	0001423199	6000.000000	134940.0000000000000000
202501	0009982175	0001420794	103869.000000	1608930.8100000000000000
202501	0009983096	0001425598	50000.000000	474500.0000000000000000
202501	0009983359	0001422703	8600.000000	214914.0000000000000000
202501	0009983814	0001424016	10000.000000	219900.0000000000000000
202501	0009987652	0001426544	16500.000000	263835.0000000000000000
202501	0009987787	0001427727	35000.000000	402150.0000000000000000
202501	0009991463	0001426960	36800.000000	367632.0000000000000000
202501	0009995183	0001426845	58177.000000	959338.7300000000000000
202501	0009996871	0001422170	12500.000000	249875.0000000000000000
202501	0009997263	0001424725	12000.000000	245880.0000000000000000
202501	0009997764	0001424054	12300.000000	375027.0000000000000000
202501	0009997954	0001424119	46527.000000	930074.7300000000000000
202501	0009997954	0001424225	46527.000000	930074.7300000000000000
202501	0009999016	0001420510	23200.000000	428968.0000000000000000
202501	0009999028	0001418836	5000.000000	149950.0000000000000000
202501	0009999079	0001426663	39000.000000	838110.0000000000000000
202501	0009999673	0001420079	24000.000000	335760.0000000000000000
202501	0010003605	0001419848	11000.000000	351890.0000000000000000
202501	0010009180	0001426010	90577.000000	1584191.7300000000000000
202501	0010010409	0001424627	100000.000000	1949000.0000000000000000
202501	0010012129	0001419820	6000.000000	173940.0000000000000000
202501	0010012269	0001427763	2500.000000	46225.0000000000000000
202501	0010015032	0001419683	100000.000000	2649000.0000000000000000
202501	0010015394	0001428160	12500.000000	331125.0000000000000000
202501	0010016625	0001427656	10000.000000	124900.0000000000000000
202501	0010019344	0001426746	22500.000000	382275.0000000000000000
202501	0010019510	0001424434	66077.000000	1122648.2300000000000000
202501	0010020224	0001426721	61058.000000	793143.4200000000000000
202501	0010021447	0001427413	25000.000000	412250.0000000000000000
202501	0010021908	0001421112	1500.000000	38985.0000000000000000
202501	0010021968	0001424065	24000.000000	467760.0000000000000000
202501	0010022975	0001422160	56577.000000	848089.2300000000000000
202501	0010023472	0001426111	85000.000000	806650.0000000000000000
202501	0010023791	0001426008	22000.000000	285780.0000000000000000
202501	0010027886	0001427990	5500.000000	145695.0000000000000000
202501	0010028528	0001422996	27644.000000	372917.5600000000000000
202501	0010030090	0001427220	20000.000000	279800.0000000000000000
202501	0010032040	0001425545	31000.000000	294190.0000000000000000
202501	0010032104	0001423815	20400.000000	305796.0000000000000000
202501	0010033321	0001420903	63000.000000	1574370.0000000000000000
202501	0010036933	0001427360	92620.000000	971583.8000000000000000
202501	0010040181	0001426031	18500.000000	517815.0000000000000000
202501	0010041203	0001424423	124000.000000	1114760.0000000000000000
202501	0010043160	0001419125	27454.000000	480170.4600000000000000
202501	0010043420	0001424214	8400.000000	256116.0000000000000000
202501	0010044952	0001419968	28808.000000	331003.9200000000000000
202501	0010052963	0001424866	80100.000000	1240749.0000000000000000
202501	0010057200	0001423386	10200.000000	219198.0000000000000000
202501	0010061235	0001424444	100600.000000	1357094.0000000000000000
202501	0010068661	0001421712	13200.000000	402600.0000000000000000
202501	0010072278	0001423117	8000.000000	223920.0000000000000000
202501	0010072471	0001425744	72700.000000	908023.0000000000000000
202501	0010072595	0001427497	16500.000000	230835.0000000000000000
202501	0010074783	0001424166	10000.000000	119900.0000000000000000
202501	0010076112	0001419412	6000.000000	107940.0000000000000000
202501	0010076245	0001423025	12500.000000	381125.0000000000000000
202501	0010078151	0001419391	5180.000000	150168.2000000000000000
202501	0010080056	0001427493	70000.000000	1259300.0000000000000000
202501	0010080553	0001424079	26200.000000	615438.0000000000000000
202501	0010081070	0001420838	30900.000000	401700.0000000000000000
202501	0010081694	0001424035	62100.000000	1520829.0000000000000000
202501	0010083004	0001426837	18000.000000	422820.0000000000000000
202501	0010084660	0001427545	4000.000000	81960.0000000000000000
202501	0010087243	0001427744	25000.000000	587250.0000000000000000
202501	0010087517	0001421374	5000.000000	174950.0000000000000000
202501	0010089741	0001420534	110000.000000	1813900.0000000000000000
202501	0010091038	0001420517	5000.000000	87450.0000000000000000
202501	0010091095	0001420860	105000.000000	2098950.0000000000000000
202501	0010091378	0001420695	26654.000000	586121.4600000000000000
202501	0010092051	0001423274	5000.000000	137450.0000000000000000
202501	0010092784	0001424175	2355.000000	71803.9500000000000000
202501	0010093200	0001421921	6400.000000	252736.0000000000000000
202501	0010094775	0001426543	8800.000000	250712.0000000000000000
202501	0010097846	0001422687	4000.000000	63960.0000000000000000
202501	0010098088	0001422342	110000.000000	1098900.0000000000000000
202501	0010098943	0001421313	33400.000000	731460.0000000000000000
202501	0010099031	0001427809	61210.000000	978747.9000000000000000
202501	0010099177	0001424576	18610.000000	781433.9000000000000000
202501	0010099528	0001423337	7500.000000	161175.0000000000000000
202501	0010099905	0001426002	14000.000000	125860.0000000000000000
202501	0010100531	0001419552	36160.000000	889536.0000000000000000
202501	0010101091	0001427961	46300.000000	1133887.0000000000000000
202501	0010103200	0001428052	91791.000000	1146469.5900000000000000
202501	0010105537	0001425610	5000.000000	124950.0000000000000000
202501	0010107516	0001425592	78190.000000	742023.1000000000000000
202501	0010107682	0001426459	12000.000000	275880.0000000000000000
202501	0010108277	0001423875	5000.000000	152450.0000000000000000
202501	0010109387	0001427463	9200.000000	257508.0000000000000000
202501	0010109916	0001421692	2000.000000	52980.0000000000000000
202501	0010112884	0001418917	19800.000000	574002.0000000000000000
202501	0010113035	0001423848	21000.000000	209790.0000000000000000
202501	0010113072	0001424745	49500.000000	791505.0000000000000000
202501	0010114663	0001425848	78500.000000	784215.0000000000000000
202501	0010115463	0001419510	5260.000000	194567.4000000000000000
202501	0010117974	0001426209	4000.000000	115960.0000000000000000
202501	0010118617	0001426203	3000.000000	55470.0000000000000000
202501	0010120021	0001427068	13500.000000	269865.0000000000000000
202501	0010120526	0001421477	12300.000000	368877.0000000000000000
202501	0010122205	0001426508	77163.950000	770867.8605000000000000
202501	0010122230	0001425818	100000.000000	1649000.0000000000000000
202501	0010122566	0001427778	31000.000000	557690.0000000000000000
202501	0010123376	0001420641	90000.000000	1394100.0000000000000000
202501	0010124131	0001421983	72615.000000	906961.3500000000000000
202501	0010124504	0001421580	49500.000000	989505.0000000000000000
202501	0010124657	0001422656	2000.000000	40980.0000000000000000
202501	0010124866	0001419755	20000.000000	289800.0000000000000000
202501	0010125844	0001424178	10000.000000	119900.0000000000000000
202501	0010126195	0001423253	25000.000000	674750.0000000000000000
202501	0010126362	0001420861	22400.000000	649376.0000000000000000
202501	0010126721	0001419734	45109.000000	518302.4100000000000000
202501	0010127944	0001424554	10900.000000	185191.0000000000000000
202501	0010128843	0001419121	79085.000000	1264569.1500000000000000
202501	0010131058	0001422683	18000.000000	215820.0000000000000000
202501	0010131192	0001426092	18800.000000	460412.0000000000000000
202501	0010132377	0001423110	3000.000000	110970.0000000000000000
202501	0010132503	0001424100	25000.000000	287250.0000000000000000
202501	0010134724	0001427011	29200.000000	729708.0000000000000000
202501	0010136482	0001426466	16000.000000	399840.0000000000000000
202501	0010137394	0001424523	25185.000000	604188.1500000000000000
202501	0010138729	0001419086	30000.000000	464700.0000000000000000
202501	0010140131	0001426635	24700.000000	740753.0000000000000000
202501	0010140550	0001424486	6000.000000	146940.0000000000000000
202501	0010142231	0001427636	17700.000000	468873.0000000000000000
202501	0010143111	0001427441	6000.000000	77940.0000000000000000
202501	0010145098	0001427800	33900.000000	881061.0000000000000000
202501	0010145413	0001421944	11001.000000	241911.9900000000000000
202501	0010146942	0001418936	19154.000000	325426.4600000000000000
202501	0010147070	0001420748	47600.000000	856324.0000000000000000
202501	0010147824	0001427724	50000.000000	699500.0000000000000000
202501	0010148061	0001424438	40200.000000	441798.0000000000000000
202501	0010149716	0001421338	15252.000000	282009.4800000000000000
202501	0010151611	0001421659	48500.000000	824015.0000000000000000
202501	0010152441	0001427687	100000.000000	1249000.0000000000000000
202501	0010153111	0001427762	4500.000000	132705.0000000000000000
202501	0010154752	0001427411	46600.000000	978134.0000000000000000
202501	0010155212	0001425813	10000.000000	264900.0000000000000000
202501	0010157369	0001423578	11600.000000	376884.0000000000000000
202501	0010157691	0001420203	149252.200000	1117898.9780000000000000
202501	0010158804	0001426943	40000.000000	559600.0000000000000000
202501	0010159156	0001427476	98900.000000	1828661.0000000000000000
202501	0010160587	0001425651	35400.000000	389046.0000000000000000
202501	0010161343	0001424076	20000.000000	559800.0000000000000000
202501	0010162712	0001427462	20000.000000	219800.0000000000000000
202501	0010165456	0001421903	5100.000000	160599.0000000000000000
202501	0010165482	0001424083	80000.000000	959200.0000000000000000
202501	0010165795	0001423265	10000.000000	244900.0000000000000000
202501	0010166088	0001424766	6000.000000	182940.0000000000000000
202501	0010168163	0001426268	25000.000000	574750.0000000000000000
202501	0010168654	0001420159	18300.000000	530517.0000000000000000
202501	0010169911	0001425936	9000.000000	238410.0000000000000000
202501	0010171961	0001427568	30000.000000	644700.0000000000000000
202501	0010173071	0001425221	10000.000000	269900.0000000000000000
202501	0010173739	0001420886	18454.000000	534981.4600000000000000
202501	0010176083	0001419629	10000.000000	246000.0000000000000000
202501	0010177429	0001427316	34577.000000	725771.2300000000000000
202501	0010179373	0001428085	5573.000000	125336.7700000000000000
202501	0010181735	0001424773	22000.000000	549780.0000000000000000
202501	0010181917	0001424057	8300.000000	232317.0000000000000000
202501	0010183576	0001420620	5000.000000	174950.0000000000000000
202501	0010185732	0001427447	33290.000000	765337.1000000000000000
202501	0010186385	0001425746	54700.000000	1120803.0000000000000000
202501	0010188867	0001418829	8980.000000	224500.0000000000000000
202501	0010189632	0001423410	5590.000000	117334.1000000000000000
202501	0010193781	0001420498	16240.000000	313432.0000000000000000
202501	0010193996	0001423971	30500.000000	472445.0000000000000000
202501	0010194519	0001424616	2000.000000	33980.0000000000000000
202501	0010195448	0001426089	124000.000000	1858760.0000000000000000
202501	0010197236	0001423768	30000.000000	764700.0000000000000000
202501	0010200801	0001427790	12000.000000	209880.0000000000000000
202501	0010204408	0001427789	3500.000000	62965.0000000000000000
202501	0010205424	0001422006	13900.000000	521111.0000000000000000
202501	0010206773	0001420540	34600.000000	899254.0000000000000000
202501	0010208442	0001419815	10500.000000	440895.0000000000000000
202501	0010209733	0001427973	100512.000000	1104626.8800000000000000
202501	0010210516	0001419722	16200.000000	307638.0000000000000000
202501	0010211168	0001425220	6500.000000	116935.0000000000000000
202501	0010211579	0001419850	7000.000000	300930.0000000000000000
202501	0010211790	0001423336	5400.000000	137646.0000000000000000
202501	0010213879	0001422478	57000.000000	1110930.0000000000000000
202501	0010217205	0001426275	100000.000000	1649000.0000000000000000
202501	0010217692	0001423554	16369.000000	499254.5000000000000000
202501	0010217950	0001421236	70000.000000	1259300.0000000000000000
202501	0010220034	0001420743	5000.000000	187450.0000000000000000
202501	0010223668	0001421399	3000.000000	77970.0000000000000000
202501	0010225676	0001421970	54800.000000	931052.0000000000000000
202501	0010225742	0001423918	4500.000000	125955.0000000000000000
202501	0010226126	0001421340	15177.000000	303388.2300000000000000
202501	0010226567	0001422476	15000.000000	329850.0000000000000000
202501	0010227091	0001423642	10500.000000	309645.0000000000000000
202501	0010233691	0001421761	108000.000000	1078920.0000000000000000
202501	0010233902	0001427955	11000.000000	296890.0000000000000000
202501	0010236111	0001427443	4000.000000	97960.0000000000000000
202501	0010236646	0001425210	90000.000000	989100.0000000000000000
202501	0010237025	0001422851	140500.000000	1684595.0000000000000000
202501	0010240745	0001421158	100000.000000	1499000.0000000000000000
202501	0010241645	0001424384	52000.000000	779480.0000000000000000
202501	0010241825	0001427487	75300.000000	827547.0000000000000000
202501	0010242484	0001425366	39100.000000	371059.0000000000000000
202501	0010243752	0001425261	31577.000000	631224.2300000000000000
202501	0010245529	0001422708	110000.000000	1098900.0000000000000000
202501	0010245823	0001421719	19900.000000	557001.0000000000000000
202501	0010246567	0001424004	10600.000000	185394.0000000000000000
202501	0010247265	0001426625	10000.000000	244900.0000000000000000
202501	0010249208	0001421565	100000.000000	1449000.0000000000000000
202501	0010254805	0001427156	5700.000000	139593.0000000000000000
202501	0010255095	0001423145	95700.000000	1099593.0000000000000000
202501	0010256092	0001426280	31300.000000	750887.0000000000000000
202501	0010256556	0001419234	2000.000000	61980.0000000000000000
202501	0010257543	0001421331	100000.000000	1699000.0000000000000000
202501	0010259233	0001426884	97200.000000	873828.0000000000000000
202501	0010261117	0001422759	11269.000000	287246.8100000000000000
202501	0010262112	0001420895	16600.000000	439734.0000000000000000
202501	0010262599	0001419557	70000.000000	1189300.0000000000000000
202501	0010263002	0001421555	3000.000000	83970.0000000000000000
202501	0010263315	0001425947	71600.000000	679484.0000000000000000
202501	0010265764	0001427933	55431.000000	609186.6900000000000000
202501	0010268279	0001423387	114400.000000	1142856.0000000000000000
202501	0010268645	0001424229	18299.000000	493890.0100000000000000
202501	0010269729	0001423138	13100.000000	209469.0000000000000000
202501	0010271474	0001424844	41100.000000	965439.0000000000000000
202501	0010274142	0001426612	47275.000000	448639.7500000000000000
202501	0010275615	0001427959	15454.000000	548462.4600000000000000
202501	0010275646	0001420601	60454.000000	1359610.4600000000000000
202501	0010276511	0001419925	110000.000000	1263900.0000000000000000
202501	0010276758	0001425885	110000.000000	2968900.0000000000000000
202501	0010277728	0001421430	149261.000000	2088161.3900000000000000
202501	0010278872	0001420551	25577.000000	332245.2300000000000000
202501	0010278951	0001423914	15000.000000	734850.0000000000000000
202501	0010290657	0001423327	20000.000000	689800.0000000000000000
202501	0010291256	0001424072	68100.000000	884619.0000000000000000
202501	0010291420	0001425407	57000.000000	683430.0000000000000000
202501	0010292080	0001420742	50000.000000	799500.0000000000000000
202501	0010292762	0001423205	58184.000000	639442.1600000000000000
202501	0010292853	0001425544	6640.000000	109493.6000000000000000
202501	0010295653	0001426381	36400.000000	836836.0000000000000000
202501	0010298008	0001426766	5500.000000	208945.0000000000000000
202501	0010299290	0001421147	46700.000000	513233.0000000000000000
202501	0010299583	0001424939	3000.000000	82470.0000000000000000
202501	0010300441	0001428031	10577.000000	206145.7300000000000000
202501	0010301969	0001419343	8000.000000	159920.0000000000000000
202501	0010302118	0001423520	34800.000000	991452.0000000000000000
202501	0010303233	0001422098	2000.000000	46980.0000000000000000
202501	0010304405	0001418941	5000.000000	89950.0000000000000000
202501	0010305522	0001427775	15000.000000	239850.0000000000000000
202501	0010305551	0001422007	21780.000000	653182.2000000000000000
202501	0010305559	0001423608	47900.000000	909621.0000000000000000
202501	0010305929	0001421103	39300.000000	569457.0000000000000000
202501	0010306505	0001425694	39300.000000	687357.0000000000000000
202501	0010306989	0001427490	46500.000000	1185285.0000000000000000
202501	0010307092	0001422786	17255.000000	189632.4500000000000000
202501	0010310463	0001424344	100000.000000	1099000.0000000000000000
202501	0010310552	0001419127	13072.000000	321571.2000000000000000
202501	0010311133	0001419609	16000.000000	479840.0000000000000000
202501	0010313215	0001421942	12000.000000	317880.0000000000000000
202501	0010315948	0001418978	48400.000000	628716.0000000000000000
202501	0010318290	0001426264	44500.000000	1468055.0000000000000000
202501	0010321081	0001425868	5300.000000	113897.0000000000000000
202501	0010322761	0001422164	100000.000000	999000.0000000000000000
202501	0010325842	0001423201	5000.000000	119950.0000000000000000
202501	0010327464	0001421469	10145.000000	420916.0500000000000000
202501	0010328607	0001425806	6700.000000	147333.0000000000000000
202501	0010329361	0001421135	4200.000000	117558.0000000000000000
202501	0010330803	0001420690	35000.000000	314650.0000000000000000
202501	0010332206	0001425765	5000.000000	109950.0000000000000000
202501	0010337653	0001424605	59000.000000	707410.0000000000000000
202501	0010338928	0001424623	32752.000000	752968.4800000000000000
202501	0010340547	0001419165	12700.000000	330073.0000000000000000
202501	0010341579	0001426779	64220.000000	1251647.8000000000000000
202501	0010342901	0001420632	17267.880000	207041.8812000000000000
202501	0010343340	0001420552	18660.000000	459036.0000000000000000
202501	0010344249	0001421161	10757.000000	263438.9300000000000000
202501	0010345901	0001424201	6800.000000	207332.0000000000000000
202501	0010348247	0001419443	24200.000000	737858.0000000000000000
202501	0010348293	0001426547	35000.000000	997150.0000000000000000
202501	0010348928	0001418848	15500.000000	449345.0000000000000000
202501	0010350201	0001426644	23500.000000	575515.0000000000000000
202501	0010351011	0001421317	30000.000000	494700.0000000000000000
202501	0010352785	0001426518	29010.000000	608919.9000000000000000
202501	0010353178	0001425938	150000.000000	1798500.0000000000000000
202501	0010353420	0001425265	6369.000000	136869.8100000000000000
202501	0010358406	0001425424	40252.000000	482621.4800000000000000
202501	0010360023	0001422481	20000.000000	349800.0000000000000000
202501	0010363323	0001419764	36969.000000	702041.3100000000000000
202501	0010365062	0001426959	47000.000000	1127530.0000000000000000
202501	0010367443	0001423367	56454.000000	1523693.4600000000000000
202501	0010367883	0001425193	28300.000000	636467.0000000000000000
202501	0010371170	0001422954	48700.000000	632613.0000000000000000
202501	0010372959	0001426106	111700.000000	1060033.0000000000000000
202501	0010375482	0001427927	19180.000000	536848.2000000000000000
202501	0010375710	0001427848	31900.000000	924781.0000000000000000
202501	0010378907	0001427081	35500.000000	745145.0000000000000000
202501	0010381388	0001427617	29300.000000	981257.0000000000000000
202501	0010381652	0001420611	15000.000000	269850.0000000000000000
202501	0010385095	0001425462	70000.000000	699300.0000000000000000
202501	0010385342	0001426575	43454.000000	1042461.4600000000000000
202501	0010386138	0001424233	100000.000000	1399000.0000000000000000
202501	0010386322	0001427652	20500.000000	327795.0000000000000000
202501	0010388477	0001428072	43140.000000	1061244.0000000000000000
202501	0010388811	0001420775	34269.000000	736440.8100000000000000
202501	0010388893	0001421613	18761.000000	365651.8900000000000000
202501	0010389435	0001419155	18000.000000	332820.0000000000000000
202501	0010389483	0001424001	28631.000000	271708.1900000000000000
202501	0010389641	0001422767	36710.000000	550282.9000000000000000
202501	0010391829	0001419273	3500.000000	96215.0000000000000000
202501	0010397398	0001422285	35700.000000	392343.0000000000000000
202501	0010399995	0001424114	18100.000000	669519.0000000000000000
202501	0010400668	0001420729	4000.000000	139960.0000000000000000
202501	0010401138	0001425415	50000.000000	474500.0000000000000000
202501	0010404133	0001426030	60000.000000	1379400.0000000000000000
202501	0010404464	0001424474	13800.000000	441462.0000000000000000
202501	0010412942	0001424302	3400.000000	115566.0000000000000000
202501	0010413150	0001423517	20000.000000	669800.0000000000000000
202501	0010413517	0001423504	10000.000000	219900.0000000000000000
202501	0010416114	0001422937	11220.000000	336600.0000000000000000
202501	0010416219	0001420710	140000.000000	1328600.0000000000000000
202501	0010417296	0001421343	13300.000000	292467.0000000000000000
202501	0010418461	0001422287	24665.000000	283400.8500000000000000
202501	0010419169	0001424909	18000.000000	215820.0000000000000000
202501	0010420666	0001422219	9800.000000	298900.0000000000000000
202501	0010421887	0001423640	110000.000000	1373900.0000000000000000
202501	0010422177	0001419130	5000.000000	174950.0000000000000000
202501	0010422316	0001427620	1500.000000	23985.0000000000000000
202501	0010422486	0001424625	8000.000000	155920.0000000000000000
202501	0010424415	0001422040	45400.000000	1702046.0000000000000000
202501	0010426736	0001427274	28200.000000	732918.0000000000000000
202501	0010427040	0001423806	5000.000000	182450.0000000000000000
202501	0010429557	0001426861	27990.000000	727460.1000000000000000
202501	0010429723	0001424879	148000.000000	1330520.0000000000000000
202501	0010433506	0001419287	5250.000000	123322.5000000000000000
202501	0010434941	0001422144	25200.000000	402948.0000000000000000
202501	0010436955	0001423009	50100.000000	1176849.0000000000000000
202501	0010439962	0001424108	7000.000000	171430.0000000000000000
202501	0010440642	0001424318	14454.000000	355568.4000000000000000
202501	0010440812	0001419292	23449.000000	374949.5100000000000000
202501	0010441442	0001420720	2100.000000	51429.0000000000000000
202501	0010441954	0001425425	8200.000000	122918.0000000000000000
202501	0010442271	0001420494	3000.000000	70470.0000000000000000
202501	0010443286	0001427686	5000.000000	79950.0000000000000000
202501	0010444175	0001419753	33677.000000	828454.2000000000000000
202501	0010444805	0001427633	3000.000000	106470.0000000000000000
202501	0010445630	0001423645	5030.000000	186059.7000000000000000
202501	0010446057	0001427342	42894.000000	600087.0600000000000000
202501	0010446061	0001422906	21700.000000	520583.0000000000000000
202501	0010446514	0001422994	6130.000000	183838.7000000000000000
202501	0010447841	0001423414	25900.000000	375291.0000000000000000
202501	0010450967	0001422898	10000.000000	339900.0000000000000000
202501	0010453400	0001421514	73000.000000	1240270.0000000000000000
202501	0010453721	0001424662	4580.000000	112164.2000000000000000
202501	0010455295	0001422019	15000.000000	172350.0000000000000000
202501	0010455570	0001419749	40400.000000	993840.0000000000000000
202501	0010457171	0001427311	53100.000000	636669.0000000000000000
202501	0010457254	0001420030	15000.000000	419850.0000000000000000
202501	0010457417	0001427862	72000.000000	1151280.0000000000000000
202501	0010459823	0001427526	85000.000000	1869150.0000000000000000
202501	0010460779	0001421919	10900.000000	332341.0000000000000000
202501	0010460813	0001427181	30000.000000	554700.0000000000000000
202501	0010461249	0001425285	138391.000000	1520917.0900000000000000
202501	0010463394	0001427450	41900.000000	900431.0000000000000000
202501	0010464152	0001426826	20000.000000	359800.0000000000000000
202501	0010465437	0001423372	5400.000000	124146.0000000000000000
202501	0010468685	0001427895	10000.000000	279900.0000000000000000
202501	0010468852	0001426236	15000.000000	262350.0000000000000000
202501	0010469315	0001422831	42000.000000	713580.0000000000000000
202501	0010470738	0001425258	52369.000000	785011.3100000000000000
202501	0010471289	0001419491	6000.000000	158940.0000000000000000
202501	0010474482	0001426978	137000.000000	1300130.0000000000000000
202501	0010474519	0001423256	5000.000000	117450.0000000000000000
202501	0010475884	0001418955	30200.000000	921100.0000000000000000
202501	0010477197	0001424469	68500.000000	684315.0000000000000000
202501	0010477790	0001421750	67500.000000	1079325.0000000000000000
202501	0010480494	0001427720	58000.000000	637420.0000000000000000
202501	0010489345	0001424519	32704.000000	457528.9600000000000000
202501	0010490711	0001422993	54474.000000	625906.2600000000000000
202501	0010493719	0001424764	51000.000000	968490.0000000000000000
202501	0010495440	0001424477	44100.000000	1454859.0000000000000000
202501	0010496946	0001427834	8000.000000	235920.0000000000000000
202501	0010497461	0001419119	28600.000000	857714.0000000000000000
202501	0010497697	0001420115	9000.000000	341910.0000000000000000
202501	0010498081	0001423103	38500.000000	1424115.0000000000000000
202501	0010499161	0001419776	95140.000000	1331008.6000000000000000
202501	0010504017	0001421554	64300.000000	642357.0000000000000000
202501	0010508156	0001427756	10000.000000	319900.0000000000000000
202501	0010509140	0001424466	22000.000000	725780.0000000000000000
202501	0010510253	0001418933	17800.000000	435922.0000000000000000
202501	0010513602	0001425712	26000.000000	402740.0000000000000000
202501	0010514083	0001420961	58600.000000	1142114.0000000000000000
202501	0010516470	0001420595	12400.000000	229276.0000000000000000
202501	0010517103	0001422146	46200.000000	738738.0000000000000000
202501	0010518012	0001427332	60910.000000	1004405.9000000000000000
202501	0010520829	0001421661	5000.000000	132450.0000000000000000
202501	0010522682	0001421550	36200.000000	615038.0000000000000000
202501	0010530241	0001424062	100000.000000	2149000.0000000000000000
202501	0010530831	0001426838	5000.000000	107450.0000000000000000
202501	0010532668	0001419051	58877.000000	1118074.2300000000000000
202501	0010532945	0001421548	26000.000000	415740.0000000000000000
202501	0010533725	0001427175	27011.000000	431905.8900000000000000
202501	0010534657	0001422353	80000.000000	1959200.0000000000000000
202501	0010535986	0001421835	51800.000000	983682.0000000000000000
202501	0010540125	0001424197	10000.000000	184900.0000000000000000
202501	0010540822	0001426570	12400.000000	278876.0000000000000000
202501	0010541426	0001426506	22100.000000	309179.0000000000000000
202501	0010543168	0001426359	6000.000000	158940.0000000000000000
202501	0010543256	0001422933	100000.000000	999000.0000000000000000
202501	0010543592	0001424305	4000.000000	71960.0000000000000000
202501	0010544585	0001427440	17000.000000	271830.0000000000000000
202501	0010545253	0001425591	3500.000000	83965.0000000000000000
202501	0010546641	0001426707	25000.000000	424750.0000000000000000
202501	0010546709	0001422822	17700.000000	406923.0000000000000000
202501	0010548051	0001422718	11600.000000	423284.0000000000000000
202501	0010548772	0001422355	62300.000000	1183077.0000000000000000
202501	0010548869	0001424174	100000.000000	1999000.0000000000000000
202501	0010550514	0001428092	26360.000000	461036.4000000000000000
202501	0010557801	0001424170	37980.000000	740230.2000000000000000
202501	0010557931	0001421178	44300.000000	1018457.0000000000000000
202501	0010559499	0001421132	30194.000000	573384.0600000000000000
202501	0010562448	0001422261	5000.000000	97450.0000000000000000
202501	0010562952	0001427117	2200.000000	74778.0000000000000000
202501	0010563741	0001426937	11000.000000	269390.0000000000000000
202501	0010565385	0001420912	5400.000000	145746.0000000000000000
202501	0010569712	0001427204	12369.000000	228702.8100000000000000
202501	0010569754	0001426895	17171.000000	188709.2900000000000000
202501	0010570267	0001422105	13300.000000	398867.0000000000000000
202501	0010571510	0001421500	26000.000000	350740.0000000000000000
202501	0010573561	0001425553	35200.000000	598048.0000000000000000
202501	0010575487	0001426228	25000.000000	899750.0000000000000000
202501	0010575582	0001423069	55500.000000	998445.0000000000000000
202501	0010575651	0001421901	26080.000000	690859.2000000000000000
202501	0010575714	0001422198	9200.000000	331108.0000000000000000
202501	0010578612	0001421569	37400.000000	1084226.0000000000000000
202501	0010581992	0001419656	1500.000000	41985.0000000000000000
202501	0010582032	0001422224	38700.000000	773613.0000000000000000
202501	0010582417	0001424323	7500.000000	273675.0000000000000000
202501	0010582633	0001422406	24751.300000	284392.4370000000000000
202501	0010583498	0001424470	9100.000000	218309.0000000000000000
202501	0010584147	0001423859	3145.000000	92746.0500000000000000
202501	0010588720	0001424877	27900.000000	850950.0000000000000000
202501	0010589255	0001424749	5000.000000	84950.0000000000000000
202501	0010591404	0001424772	118953.000000	1307293.4700000000000000
202501	0010592211	0001425348	3230.000000	37112.7000000000000000
202501	0010592569	0001425994	31500.000000	503685.0000000000000000
202501	0010593655	0001423738	72700.000000	1198823.0000000000000000
202501	0010595142	0001424886	17300.000000	639927.0000000000000000
202501	0010595741	0001422719	14369.000000	517140.3100000000000000
202501	0010598467	0001421087	2000.000000	24980.0000000000000000
202501	0010598498	0001420153	3800.000000	98762.0000000000000000
202501	0010598949	0001420017	21180.000000	381028.2000000000000000
202501	0010601932	0001419337	6900.000000	148281.0000000000000000
202501	0010603147	0001421492	146700.000000	1465533.0000000000000000
202501	0010603152	0001423983	4000.000000	73960.0000000000000000
202501	0010606162	0001426576	3000.000000	50970.0000000000000000
202501	0010606395	0001423713	51658.000000	567721.4200000000000000
202501	0010607728	0001425874	11600.000000	365284.0000000000000000
202501	0010608189	0001423551	19000.000000	465310.0000000000000000
202501	0010609071	0001421251	4500.000000	141705.0000000000000000
202501	0010609319	0001419992	62000.000000	836380.0000000000000000
202501	0010610250	0001423010	21030.000000	641415.0000000000000000
202501	0010611183	0001426624	148200.000000	1332318.0000000000000000
202501	0010614123	0001423330	9000.000000	238410.0000000000000000
202501	0010615199	0001423572	16207.000000	242942.9300000000000000
202501	0010617848	0001420554	1500.000000	47235.0000000000000000
202501	0010619434	0001419146	14700.000000	315903.0000000000000000
202501	0010620676	0001420275	25222.000000	403299.7800000000000000
202501	0010621994	0001421626	10000.000000	144900.0000000000000000
202501	0010625137	0001420136	55883.000000	781803.1700000000000000
202501	0010628457	0001424508	38048.000000	418147.5200000000000000
202501	0010628739	0001421699	200000.000000	1998000.0000000000000000
202501	0010628815	0001424961	34000.000000	458660.0000000000000000
202501	0010633622	0001427508	49700.000000	769853.0000000000000000
202501	0010634593	0001420226	32900.000000	953771.0000000000000000
202501	0010635665	0001421358	12000.000000	143880.0000000000000000
202501	0010640250	0001424583	46727.000000	513529.7300000000000000
202501	0010640883	0001423397	36000.000000	935640.0000000000000000
202501	0010642748	0001420933	6000.000000	131940.0000000000000000
202501	0010643358	0001423407	22400.000000	593376.0000000000000000
202501	0010644535	0001428043	12000.000000	245880.0000000000000000
202501	0010646639	0001424680	6000.000000	149940.0000000000000000
202501	0010646782	0001424106	5001.000000	114972.9900000000000000
202501	0010650776	0001421159	9000.000000	440910.0000000000000000
202501	0010650796	0001419245	13254.000000	377606.4600000000000000
202501	0010650864	0001420141	63000.000000	1196370.0000000000000000
202501	0010654333	0001426673	77000.000000	692230.0000000000000000
202501	0010654680	0001425590	57000.000000	540930.0000000000000000
202501	0010658999	0001424218	43500.000000	695565.0000000000000000
202501	0010662107	0001426621	19197.000000	470134.5300000000000000
202501	0010662157	0001423289	25200.000000	579348.0000000000000000
202501	0010664229	0001426205	8000.000000	235920.0000000000000000
202501	0010667506	0001420587	20454.000000	654323.4600000000000000
202501	0010668223	0001426797	25400.000000	393446.0000000000000000
202501	0010672802	0001422021	29400.000000	352506.0000000000000000
202501	0010674476	0001425594	53800.000000	510562.0000000000000000
202501	0010674865	0001420121	200000.000000	1998000.0000000000000000
202501	0010675353	0001426292	6000.000000	77940.0000000000000000
202501	0010678095	0001424815	90000.000000	900000.0000000000000000
202501	0010681647	0001426461	3000.000000	62970.0000000000000000
202501	0010682373	0001423041	77000.000000	1693230.0000000000000000
202501	0010684955	0001421420	70500.000000	951045.0000000000000000
202501	0010686798	0001425973	56000.000000	1231440.0000000000000000
202501	0010688623	0001426350	10200.000000	280398.0000000000000000
202501	0010688681	0001419397	15000.000000	202350.0000000000000000
202501	0010690291	0001423096	8100.000000	291519.0000000000000000
202501	0010693616	0001423984	50000.000000	649500.0000000000000000
202501	0010695013	0001428083	32300.000000	758727.0000000000000000
202501	0010695079	0001427352	50954.000000	916662.4600000000000000
202501	0010697254	0001424792	55190.000000	827298.1000000000000000
202501	0010697557	0001423987	4000.000000	111960.0000000000000000
202501	0010697717	0001424045	40700.000000	894993.0000000000000000
202501	0010697781	0001422894	19800.000000	593802.0000000000000000
202501	0010697982	0001423623	40000.000000	739600.0000000000000000
202501	0010698888	0001425166	12500.000000	381125.0000000000000000
202501	0010700058	0001419511	1000.000000	15490.0000000000000000
202501	0010702834	0001427808	11400.000000	193686.0000000000000000
202501	0010704500	0001427372	7900.000000	434421.0000000000000000
202501	0010707292	0001426396	69500.000000	1215555.0000000000000000
202501	0010711066	0001423880	10000.000000	304900.0000000000000000
202501	0010711273	0001421509	10000.000000	199900.0000000000000000
202501	0010712133	0001424311	18100.000000	606169.0000000000000000
202501	0010712193	0001427835	10000.000000	234900.0000000000000000
202501	0010714333	0001425771	5000.000000	69950.0000000000000000
202501	0010716396	0001427074	6000.000000	158940.0000000000000000
202501	0010721439	0001427972	86211.870000	731938.7763000000000000
202501	0010722342	0001426504	45000.000000	607050.0000000000000000
202501	0010726382	0001425443	6000.000000	221940.0000000000000000
202501	0010728846	0001424275	20000.000000	679800.0000000000000000
202501	0010728907	0001422966	5000.000000	134950.0000000000000000
202501	0010729879	0001427783	18600.000000	911214.0000000000000000
202501	0010731243	0001425845	32700.000000	849873.0000000000000000
202501	0010733260	0001426885	14600.000000	386754.0000000000000000
202501	0010735431	0001421436	21788.000000	413754.1200000000000000
202501	0010735986	0001427512	54200.000000	1191858.0000000000000000
202501	0010736524	0001428107	20432.000000	398219.6800000000000000
202501	0010740577	0001424734	1000.000000	28990.0000000000000000
202501	0010741547	0001422717	100000.000000	1849000.0000000000000000
202501	0010742427	0001425589	86800.000000	997332.0000000000000000
202501	0010743308	0001424707	80000.000000	879200.0000000000000000
202501	0010743668	0001427037	44680.000000	535713.2000000000000000
202501	0010745409	0001426511	15880.000000	397000.0000000000000000
202501	0010749699	0001420877	12000.000000	239880.0000000000000000
202501	0010751039	0001421677	20252.000000	273199.4800000000000000
202501	0010753575	0001419116	15690.000000	219503.1000000000000000
202501	0010754980	0001422977	4000.000000	97960.0000000000000000
202501	0010757729	0001420842	11300.000000	350187.0000000000000000
202501	0010758332	0001424957	89400.000000	803706.0000000000000000
202501	0010758659	0001427210	11845.000000	213091.5500000000000000
202501	0010759897	0001420584	99000.000000	1682010.0000000000000000
202501	0010760937	0001426735	100000.000000	1099000.0000000000000000
202501	0010762271	0001425622	76150.000000	1141488.5000000000000000
202501	0010764125	0001426491	9200.000000	137908.0000000000000000
202501	0010764689	0001427966	23200.000000	208568.0000000000000000
202501	0010769207	0001424122	22880.000000	583211.2000000000000000
202501	0010769485	0001419102	10000.000000	204900.0000000000000000
202501	0010770070	0001424032	12000.000000	299880.0000000000000000
202501	0010773983	0001421640	20577.000000	617104.2300000000000000
202501	0010774396	0001425561	38900.000000	991561.0000000000000000
202501	0010775099	0001422695	5400.000000	188946.0000000000000000
202501	0010776730	0001426212	22500.000000	674775.0000000000000000
202501	0010778676	0001421324	10000.000000	259900.0000000000000000
202501	0010780980	0001427806	10145.000000	223088.5500000000000000
202501	0010781266	0001427739	10000.000000	149900.0000000000000000
202501	0010783147	0001424861	72600.000000	834174.0000000000000000
202501	0010784328	0001420679	28100.000000	814619.0000000000000000
202501	0010784638	0001426512	100000.000000	999000.0000000000000000
202501	0010784821	0001420346	20400.000000	591396.0000000000000000
202501	0010788178	0001426200	15000.000000	269850.0000000000000000
202501	0010788429	0001422037	100000.000000	999000.0000000000000000
202501	0010789006	0001425604	68700.000000	823713.0000000000000000
202501	0010790248	0001425899	14700.000000	330603.0000000000000000
202501	0010791557	0001427419	69154.000000	760002.4600000000000000
202501	0010792479	0001421672	25454.000000	432463.4600000000000000
202501	0010799324	0001426086	37100.000000	852929.0000000000000000
202501	0010802210	0001425249	6500.000000	146185.0000000000000000
202501	0010803306	0001421765	4000.000000	103960.0000000000000000
202501	0010804266	0001425458	33000.000000	890670.0000000000000000
202501	0010809739	0001419854	14160.000000	346778.4000000000000000
202501	0010809868	0001424116	26800.000000	549132.0000000000000000
202501	0010810088	0001424167	6900.000000	168981.0000000000000000
202501	0010810532	0001424708	30577.000000	458349.2300000000000000
202501	0010813473	0001419060	150000.000000	1873500.0000000000000000
202501	0010818758	0001425648	12600.000000	232974.0000000000000000
202501	0010823815	0001421145	17369.000000	651163.8100000000000000
202501	0010825876	0001421118	22900.000000	354721.0000000000000000
202501	0010826335	0001420864	40000.000000	1039600.0000000000000000
202501	0010826398	0001419032	3500.000000	101465.0000000000000000
202501	0010826727	0001425232	60900.000000	669291.0000000000000000
202501	0010829325	0001427701	7000.000000	94430.0000000000000000
202501	0010829703	0001426501	1000.000000	38490.0000000000000000
202501	0010832251	0001425886	4369.000000	168162.8100000000000000
202501	0010832959	0001427740	50000.000000	849500.0000000000000000
202501	0010833253	0001426472	8000.000000	223920.0000000000000000
202501	0010834113	0001421196	105000.000000	1206450.0000000000000000
202501	0010834737	0001418877	8645.000000	168491.0500000000000000
202501	0010835599	0001421410	35000.000000	454650.0000000000000000
202501	0010835938	0001419241	39000.000000	857610.0000000000000000
202501	0010837253	0001419142	34277.000000	907997.7300000000000000
202501	0010838201	0001427148	6500.000000	146185.0000000000000000
202501	0010838445	0001425200	42400.000000	508376.0000000000000000
202501	0010841951	0001421753	18400.000000	643816.0000000000000000
202501	0010842714	0001421091	12000.000000	143880.0000000000000000
202501	0010850914	0001420196	58900.000000	765111.0000000000000000
202501	0010852461	0001424154	52800.000000	1636272.0000000000000000
202501	0010856490	0001422340	33800.000000	1148862.0000000000000000
202501	0010857233	0001424192	1500.000000	29985.0000000000000000
202501	0010861132	0001424164	18500.000000	221815.0000000000000000
202501	0010864246	0001427975	71400.000000	820386.0000000000000000
202501	0010865123	0001426545	47000.000000	1198030.0000000000000000
202501	0010865305	0001424661	14000.000000	342860.0000000000000000
202501	0010865453	0001420239	53640.000000	589503.6000000000000000
202501	0010865879	0001427940	20000.000000	319800.0000000000000000
202501	0010866040	0001427852	55000.000000	1291950.0000000000000000
202501	0010867251	0001420636	100000.000000	1799000.0000000000000000
202501	0010870410	0001426025	135000.000000	1348650.0000000000000000
202501	0010870796	0001426067	6000.000000	158940.0000000000000000
202501	0010873781	0001424331	5000.000000	139950.0000000000000000
202501	0010873801	0001423624	30000.000000	539700.0000000000000000
202501	0010874450	0001426413	51200.000000	1433088.0000000000000000
202501	0010874990	0001423684	23577.000000	435938.7300000000000000
202501	0010878154	0001423695	46700.000000	980233.0000000000000000
202501	0010881060	0001424620	8000.000000	155920.0000000000000000
202501	0010881184	0001422117	40800.000000	570792.0000000000000000
202501	0010881912	0001424375	19500.000000	497055.0000000000000000
202501	0010882866	0001423732	30799.000000	800466.0100000000000000
202501	0010882961	0001421133	27169.000000	393678.8100000000000000
202501	0010883039	0001427664	50000.000000	699500.0000000000000000
202501	0010886336	0001428013	30000.000000	959700.0000000000000000
202501	0010890875	0001428153	22500.000000	337275.0000000000000000
202501	0010891139	0001426331	23200.000000	602968.0000000000000000
202501	0010892517	0001425969	10145.000000	268741.0500000000000000
202501	0010893317	0001420246	122300.000000	2200177.0000000000000000
202501	0010895283	0001426471	14570.000000	553514.3000000000000000
202501	0010897628	0001424823	12500.000000	331125.0000000000000000
202501	0010898131	0001419616	45850.000000	710216.5000000000000000
202501	0010898287	0001426996	10000.000000	244900.0000000000000000
202501	0010899292	0001421631	44333.000000	531552.6700000000000000
202501	0010899721	0001420770	47600.000000	1260924.0000000000000000
202501	0010900135	0001425161	16750.000000	301332.5000000000000000
202501	0010900790	0001427377	62300.000000	871577.0000000000000000
202501	0010903203	0001424827	40000.000000	419600.0000000000000000
202501	0010904043	0001423580	10400.000000	254696.0000000000000000
202501	0010904595	0001421546	15500.000000	542345.0000000000000000
202501	0010904597	0001420271	48900.000000	757461.0000000000000000
202501	0010910323	0001421381	51000.000000	1325490.0000000000000000
202501	0010910633	0001423800	1000.000000	27990.0000000000000000
202501	0010912060	0001423335	100000.000000	1199000.0000000000000000
202501	0010913209	0001424813	40000.000000	599600.0000000000000000
202501	0010916162	0001419229	35700.000000	570843.0000000000000000
202501	0010916491	0001420264	6000.000000	158940.0000000000000000
202501	0010917513	0001424190	1000.000000	16990.0000000000000000
202501	0010919682	0001426944	8000.000000	147920.0000000000000000
202501	0010919956	0001424296	1000.000000	24490.0000000000000000
202501	0010921083	0001421562	6800.000000	180132.0000000000000000
202501	0010921565	0001419635	26900.000000	430131.0000000000000000
202501	0010921656	0001427784	102000.000000	1018980.0000000000000000
202501	0010922533	0001425948	40000.000000	359600.0000000000000000
202501	0010923025	0001419064	44900.000000	1436351.0000000000000000
202501	0010924079	0001427222	87800.000000	1579522.0000000000000000
202501	0010928785	0001424159	20000.000000	309800.0000000000000000
202501	0010928907	0001421353	4800.000000	131952.0000000000000000
202501	0010931459	0001418962	12300.000000	356577.0000000000000000
202501	0010933347	0001419222	35312.000000	405734.8800000000000000
202501	0010933845	0001421564	34800.000000	921852.0000000000000000
202501	0010934987	0001426270	8000.000000	263920.0000000000000000
202501	0010935231	0001427094	15000.000000	322350.0000000000000000
202501	0010935660	0001423210	12600.000000	207774.0000000000000000
202501	0010937127	0001427190	4900.000000	83251.0000000000000000
202501	0010937481	0001419487	15000.000000	179850.0000000000000000
202501	0010937757	0001419502	28900.000000	1054561.0000000000000000
202501	0010938672	0001424592	15000.000000	457350.0000000000000000
202501	0010940456	0001423406	40400.000000	726796.0000000000000000
202501	0010940881	0001420910	10300.000000	253380.0000000000000000
202501	0010942772	0001425357	15000.000000	262350.0000000000000000
202501	0010944031	0001423883	13500.000000	310365.0000000000000000
202501	0010944054	0001422031	10000.000000	394900.0000000000000000
202501	0010944735	0001423902	40000.000000	479600.0000000000000000
202501	0010944738	0001421637	41500.000000	601335.0000000000000000
202501	0010944840	0001427866	18660.000000	205073.4000000000000000
202501	0010945642	0001427147	15000.000000	1064850.0000000000000000
202501	0010947044	0001422345	30050.000000	796024.5000000000000000
202501	0010947444	0001420341	4712.000000	89480.8800000000000000
202501	0010947533	0001425583	93600.000000	2245464.0000000000000000
202501	0010948166	0001423135	18000.000000	347400.0000000000000000
202501	0010949632	0001424706	67200.000000	805728.0000000000000000
202501	0010952367	0001425613	59922.000000	1077996.7800000000000000
202501	0010953709	0001424299	60000.000000	809400.0000000000000000
202501	0010954578	0001424129	31000.000000	821190.0000000000000000
202501	0010955383	0001424478	135000.000000	1618650.0000000000000000
202501	0010955474	0001426308	43577.000000	1001835.2300000000000000
202501	0010956259	0001426713	11289.000000	180511.1100000000000000
202501	0010957812	0001420696	50000.000000	749500.0000000000000000
202501	0010959410	0001419599	19900.000000	417701.0000000000000000
202501	0010961250	0001424209	30000.000000	584700.0000000000000000
202501	0010961554	0001423460	25000.000000	537250.0000000000000000
202501	0010962500	0001420405	89261.000000	1382652.8900000000000000
202501	0010963856	0001424270	41800.000000	1128182.0000000000000000
202501	0010963896	0001423095	30000.000000	419700.0000000000000000
202501	0010964771	0001420840	52100.000000	780979.0000000000000000
202501	0010967510	0001423879	8677.000000	86683.2300000000000000
202501	0010967972	0001419725	12350.000000	358026.5000000000000000
202501	0010968259	0001426540	10000.000000	119900.0000000000000000
202501	0010968371	0001420917	103500.000000	1033965.0000000000000000
202501	0010970657	0001421819	24500.000000	342755.0000000000000000
202501	0010971764	0001424219	44300.000000	1062757.0000000000000000
202501	0010972043	0001424599	71299.000000	783576.0100000000000000
202501	0010976153	0001426053	5500.000000	181445.0000000000000000
202501	0010976987	0001424591	50000.000000	874500.0000000000000000
202501	0010978000	0001422439	1000.000000	16990.0000000000000000
202501	0010978944	0001419570	65000.000000	1364350.0000000000000000
202501	0010979180	0001421512	2030.000000	58849.7000000000000000
202501	0010980609	0001424774	4800.000000	117552.0000000000000000
202501	0010981044	0001425934	9445.000000	288072.5000000000000000
202501	0010982265	0001427368	20000.000000	579800.0000000000000000
202501	0010983640	0001424888	15000.000000	134850.0000000000000000
202501	0010989602	0001426750	52400.000000	654476.0000000000000000
202501	0010992261	0001423650	77000.000000	692230.0000000000000000
202501	0010996380	0001425911	41900.000000	732831.0000000000000000
202501	0010996603	0001427804	38254.000000	822078.4600000000000000
202501	0011001430	0001419249	3000.000000	104970.0000000000000000
202501	0011002798	0001419665	18800.000000	281812.0000000000000000
202501	0011003177	0001420966	110000.000000	1153900.0000000000000000
202501	0011005090	0001423678	66900.000000	969381.0000000000000000
202501	0011008492	0001425269	100000.000000	1699000.0000000000000000
202501	0011013392	0001420604	5000.000000	144950.0000000000000000
202501	0011013602	0001427699	10000.000000	224900.0000000000000000
202501	0011013715	0001426220	11300.000000	457537.0000000000000000
202501	0011013820	0001422772	20471.000000	235211.7900000000000000
202501	0011013868	0001421518	11000.000000	270600.0000000000000000
202501	0011015400	0001427250	77300.000000	1120077.0000000000000000
202501	0011015688	0001422128	38500.000000	788865.0000000000000000
202501	0011016246	0001422780	110000.000000	1208900.0000000000000000
202501	0011017801	0001425819	35000.000000	682150.0000000000000000
202501	0011017903	0001419930	21000.000000	577290.0000000000000000
202501	0011018263	0001421279	3500.000000	90965.0000000000000000
202501	0011021494	0001425970	15965.000000	143525.3500000000000000
202501	0011022785	0001422987	50096.000000	550555.0400000000000000
202501	0011024797	0001420325	36480.000000	875155.2000000000000000
202501	0011024974	0001427573	20369.000000	651604.3100000000000000
202501	0011026348	0001427108	57963.000000	637013.3700000000000000
202501	0011027210	0001425692	35600.000000	587044.0000000000000000
202501	0011027276	0001427765	41577.000000	1392413.7300000000000000
202501	0011032774	0001420385	50000.000000	674500.0000000000000000
202501	0011032803	0001423383	23257.000000	255594.4300000000000000
202501	0011035352	0001428009	12500.000000	224875.0000000000000000
202501	0011035655	0001420407	60500.000000	1058145.0000000000000000
202501	0011036522	0001422119	65000.000000	681850.0000000000000000
202501	0011036794	0001421924	70000.000000	804300.0000000000000000
202501	0011037639	0001427300	37900.000000	1060821.0000000000000000
202501	0011042524	0001427703	15000.000000	397350.0000000000000000
202501	0011042869	0001425290	4100.000000	102459.0000000000000000
202501	0011045587	0001423590	29600.000000	517704.0000000000000000
202501	0011045692	0001422271	3145.000000	67586.0500000000000000
202501	0011046422	0001423024	10700.000000	128293.0000000000000000
202501	0011046555	0001427323	67940.000000	916510.6000000000000000
202501	0011047818	0001425191	65300.000000	848247.0000000000000000
202501	0011052178	0001426593	45000.000000	922050.0000000000000000
202501	0011057095	0001425945	13000.000000	324870.0000000000000000
202501	0011057366	0001423040	5000.000000	129950.0000000000000000
202501	0011058312	0001427548	15000.000000	337350.0000000000000000
202501	0011059273	0001427177	5000.000000	79950.0000000000000000
202501	0011061341	0001420238	49000.000000	832510.0000000000000000
202501	0011062175	0001422388	20000.000000	529800.0000000000000000
202501	0011065057	0001426450	6000.000000	110940.0000000000000000
202501	0011066370	0001427082	33000.000000	874170.0000000000000000
202501	0011072423	0001427280	1500.000000	25485.0000000000000000
202501	0011073487	0001423731	7100.000000	120629.0000000000000000
202501	0011074602	0001419348	40000.000000	959600.0000000000000000
202501	0011076282	0001423944	5000.000000	117450.0000000000000000
202501	0011078231	0001420807	38908.000000	622138.9200000000000000
202501	0011079766	0001427876	6800.000000	115532.0000000000000000
202501	0011080825	0001419939	10000.000000	299900.0000000000000000
202501	0011081609	0001426238	42684.000000	682517.1600000000000000
202501	0011081817	0001426839	4145.000000	130526.0500000000000000
202501	0011082793	0001423967	25000.000000	249750.0000000000000000
202501	0011082922	0001424647	4000.000000	121960.0000000000000000
202501	0011082943	0001419471	9500.000000	199405.0000000000000000
202501	0011083415	0001424610	10000.000000	194900.0000000000000000
202501	0011084971	0001423491	7000.000000	202930.0000000000000000
202501	0011086544	0001423134	24227.000000	387389.7300000000000000
202501	0011087519	0001427936	87491.000000	1311490.0900000000000000
202501	0011094302	0001427964	21000.000000	293790.0000000000000000
202501	0011095091	0001422169	9300.000000	246357.0000000000000000
202501	0011095119	0001424383	9720.000000	262342.8000000000000000
202501	0011095541	0001427321	45200.000000	971348.0000000000000000
202501	0011096237	0001426550	31900.000000	797181.0000000000000000
202501	0011097095	0001425466	61000.000000	792390.0000000000000000
202501	0011098397	0001426368	3090.000000	67949.1000000000000000
202501	0011101452	0001420282	58000.000000	782420.0000000000000000
202501	0011106705	0001422473	4000.000000	99960.0000000000000000
202501	0011107393	0001425507	17000.000000	518330.0000000000000000
202501	0011108075	0001421465	44300.000000	509007.0000000000000000
202501	0011112806	0001419636	55900.000000	865891.0000000000000000
202501	0011115666	0001421337	13000.000000	279370.0000000000000000
202501	0011118568	0001424829	7000.000000	283430.0000000000000000
202501	0011119976	0001425531	10000.000000	184900.0000000000000000
202501	0011120048	0001424291	27400.000000	671026.0000000000000000
202501	0011120436	0001424893	8500.000000	186915.0000000000000000
202501	0011120564	0001427218	120000.000000	2218800.0000000000000000
202501	0011123180	0001422009	63000.000000	566370.0000000000000000
202501	0011124485	0001427818	27800.000000	249922.0000000000000000
202501	0011125133	0001420582	13700.000000	362913.0000000000000000
202501	0011128321	0001426719	44487.000000	488912.1300000000000000
202501	0011128679	0001427697	18900.000000	604611.0000000000000000
202501	0011130470	0001421411	58000.000000	1043420.0000000000000000
202501	0011130608	0001426338	32500.000000	730925.0000000000000000
202501	0011131088	0001418802	17560.000000	254444.4000000000000000
202501	0011132147	0001421956	10000.000000	254900.0000000000000000
202501	0011133163	0001422891	20800.000000	1018992.0000000000000000
202501	0011134037	0001423704	53000.000000	476470.0000000000000000
202501	0011135255	0001424179	5145.000000	87413.5500000000000000
202501	0011136549	0001422844	10100.000000	424099.0000000000000000
202501	0011143804	0001420698	66800.000000	700732.0000000000000000
202501	0011150120	0001419961	30000.000000	1049700.0000000000000000
202501	0011150551	0001420053	41600.000000	665184.0000000000000000
202501	0011153202	0001425953	78900.000000	1932261.0000000000000000
202501	0011153467	0001426022	58000.000000	1304420.0000000000000000
202501	0011155283	0001425151	26700.000000	453633.0000000000000000
202501	0011155831	0001420549	46000.000000	1195540.0000000000000000
202501	0011158397	0001422204	11400.000000	193686.0000000000000000
202501	0011158414	0001424249	56552.000000	1356682.4800000000000000
202501	0011164440	0001424901	7400.000000	210826.0000000000000000
202501	0011166817	0001424804	15185.000000	356695.6500000000000000
202501	0011167306	0001424730	186700.000000	2611933.0000000000000000
202501	0011171729	0001418967	3710.000000	105697.9000000000000000
202501	0011172510	0001422330	22200.000000	310578.0000000000000000
202501	0011174749	0001425399	40505.000000	445149.9500000000000000
202501	0011175478	0001423086	50000.000000	749500.0000000000000000
202501	0011178739	0001425388	90000.000000	1079100.0000000000000000
202501	0011178753	0001424184	5000.000000	84950.0000000000000000
202501	0011179672	0001423249	30000.000000	329700.0000000000000000
202501	0011181992	0001422049	21770.000000	631112.3000000000000000
202501	0011182906	0001421378	31210.000000	764332.9000000000000000
202501	0011183008	0001419811	4200.000000	117558.0000000000000000
202501	0011184640	0001427445	10000.000000	349900.0000000000000000
202501	0011185037	0001424595	6000.000000	200940.0000000000000000
202501	0011187427	0001424458	52500.000000	760725.0000000000000000
202501	0011189309	0001426649	16000.000000	375840.0000000000000000
202501	0011190334	0001425684	22800.000000	524172.0000000000000000
202501	0011191634	0001423581	35000.000000	437150.0000000000000000
202501	0011192668	0001427459	21377.000000	609030.7300000000000000
202501	0011193464	0001425797	15000.000000	457500.0000000000000000
202501	0011193687	0001428070	57000.000000	711930.0000000000000000
202501	0011194499	0001424260	50577.000000	1289207.7300000000000000
202501	0011195777	0001427825	3000.000000	41970.0000000000000000
202501	0011197384	0001423562	7700.000000	189420.0000000000000000
202501	0011197969	0001425262	24021.000000	263990.7900000000000000
202501	0011198722	0001426931	25090.000000	589364.1000000000000000
202501	0011198872	0001423119	3000.000000	109470.0000000000000000
202501	0011201647	0001426499	23000.000000	770270.0000000000000000
202501	0011203148	0001422304	57200.000000	743028.0000000000000000
202501	0011203494	0001422180	16500.000000	354585.0000000000000000
202501	0011204073	0001426199	40000.000000	1519600.0000000000000000
202501	0011204464	0001424872	84400.000000	1138556.0000000000000000
202501	0011205737	0001425741	32000.000000	479680.0000000000000000
202501	0011210230	0001420237	22000.000000	527780.0000000000000000
202501	0011212338	0001422900	27900.000000	948321.0000000000000000
202501	0011214755	0001422681	9900.000000	158301.0000000000000000
202501	0011221370	0001426669	110000.000000	1263900.0000000000000000
202501	0011222947	0001427317	36600.000000	932934.0000000000000000
202501	0011223236	0001424925	7000.000000	237930.0000000000000000
202501	0011223368	0001422308	46454.000000	928615.4600000000000000
202501	0011226766	0001419252	15121.000000	287147.7900000000000000
202501	0011228135	0001424809	45000.000000	629550.0000000000000000
202501	0011228773	0001424600	14000.000000	342860.0000000000000000
202501	0011230558	0001423090	20000.000000	559800.0000000000000000
202501	0011232345	0001423599	22000.000000	494780.0000000000000000
202501	0011233254	0001421876	53900.000000	1427811.0000000000000000
202501	0011234453	0001423303	59639.000000	834349.6100000000000000
202501	0011235690	0001424446	83000.000000	1036670.0000000000000000
202501	0011236836	0001426553	12400.000000	223076.0000000000000000
202501	0011239554	0001420516	20577.000000	298160.7300000000000000
202501	0011241768	0001423633	113304.000000	1245210.9600000000000000
202501	0011242264	0001426535	88200.000000	1851318.0000000000000000
202501	0011244261	0001421432	30500.000000	670695.0000000000000000
202501	0011244846	0001422343	26400.000000	712536.0000000000000000
202501	0011249470	0001428141	70000.000000	2064300.0000000000000000
202501	0011250268	0001423379	37900.000000	606021.0000000000000000
202501	0011252024	0001424413	9200.000000	450708.0000000000000000
202501	0011252444	0001424401	10000.000000	199900.0000000000000000
202501	0011252564	0001427006	8400.000000	142716.0000000000000000
202501	0011255009	0001427103	61700.000000	1480183.0000000000000000
202501	0011256656	0001427412	31800.000000	762882.0000000000000000
202501	0011257086	0001426594	114000.000000	1024860.0000000000000000
202501	0011257312	0001419810	44577.000000	623632.2300000000000000
202501	0011258455	0001427205	30100.000000	676949.0000000000000000
202501	0011258568	0001427345	9300.000000	228780.0000000000000000
202501	0011259367	0001419719	34254.000000	410705.4600000000000000
202501	0011260326	0001425749	53000.000000	794470.0000000000000000
202501	0011260384	0001424529	21900.000000	437781.0000000000000000
202501	0011262292	0001421272	2000.000000	59980.0000000000000000
202501	0011264530	0001427552	62600.000000	750574.0000000000000000
202501	0011265147	0001426431	20577.000000	359891.7300000000000000
202501	0011265738	0001425766	10000.000000	184900.0000000000000000
202501	0011266435	0001422840	5645.000000	197518.5500000000000000
202501	0011269644	0001425620	4250.000000	155082.5000000000000000
202501	0011270271	0001422275	46169.000000	1015256.3100000000000000
202501	0011271341	0001426907	110000.000000	1208900.0000000000000000
202501	0011275781	0001422015	10000.000000	264900.0000000000000000
202501	0011275901	0001422245	28577.000000	828447.2300000000000000
202501	0011275974	0001427028	31700.000000	728783.0000000000000000
202501	0011279141	0001419441	2000.000000	49980.0000000000000000
202501	0011284928	0001427655	2700.000000	45873.0000000000000000
202501	0011285049	0001422187	44369.000000	1197519.3100000000000000
202501	0011285695	0001421601	8969.000000	161352.3100000000000000
202501	0011287710	0001418953	82497.000000	1360375.5300000000000000
202501	0011288495	0001423958	18700.000000	626263.0000000000000000
202501	0011290617	0001428068	15000.000000	254850.0000000000000000
202501	0011292550	0001420674	8000.000000	279920.0000000000000000
202501	0011293700	0001427227	27300.000000	900627.0000000000000000
202501	0011294091	0001422052	15200.000000	182248.0000000000000000
202501	0011297927	0001422171	8000.000000	107920.0000000000000000
202501	0011299643	0001420367	149000.000000	2531510.0000000000000000
202501	0011303314	0001423786	24000.000000	611760.0000000000000000
202501	0011305434	0001419280	22454.000000	673395.4600000000000000
202501	0011307402	0001424253	14600.000000	226154.0000000000000000
202501	0011308847	0001420625	44600.000000	668554.0000000000000000
202501	0011308975	0001423830	28100.000000	505519.0000000000000000
202501	0011309346	0001425761	10500.000000	230895.0000000000000000
202501	0011314774	0001426276	3000.000000	112470.0000000000000000
202501	0011318870	0001424671	3000.000000	91470.0000000000000000
202501	0011321129	0001424144	1000.000000	20490.0000000000000000
202501	0011322998	0001424204	10000.000000	159900.0000000000000000
202501	0011323145	0001426310	59900.000000	688251.0000000000000000
202501	0011327080	0001421928	30000.000000	404700.0000000000000000
202501	0011328383	0001421666	70000.000000	2204300.0000000000000000
202501	0011328950	0001421730	5000.000000	144950.0000000000000000
202501	0011333478	0001427912	45750.000000	823042.5000000000000000
202501	0011337119	0001419704	50000.000000	749500.0000000000000000
202501	0011346599	0001427549	23100.000000	877569.0000000000000000
202501	0011346696	0001426926	5840.000000	195581.6000000000000000
202501	0011349318	0001426001	63946.000000	862631.5400000000000000
202501	0011350492	0001419834	6200.000000	179738.0000000000000000
202501	0011351172	0001422468	39100.000000	625209.0000000000000000
202501	0011351721	0001424273	4400.000000	123156.0000000000000000
202501	0011352112	0001424537	8600.000000	296614.0000000000000000
202501	0011352566	0001420873	34600.000000	1003054.0000000000000000
202501	0011354937	0001422047	5320.000000	154226.8000000000000000
202501	0011356195	0001421889	91077.000000	2184937.2300000000000000
202501	0011357754	0001425435	60000.000000	869400.0000000000000000
202501	0011358965	0001419654	5100.000000	158049.0000000000000000
202501	0011360115	0001424257	9509.000000	109258.4100000000000000
202501	0011362613	0001424573	155700.000000	1399743.0000000000000000
202501	0011363221	0001423847	16400.000000	459036.0000000000000000
202501	0011363252	0001423647	15369.000000	322595.3100000000000000
202501	0011364295	0001425721	35600.000000	818444.0000000000000000
202501	0011366500	0001424284	2400.000000	88776.0000000000000000
202501	0011368430	0001421120	34900.000000	1011751.0000000000000000
202501	0011370330	0001418860	85800.000000	2145000.0000000000000000
202501	0011371612	0001421504	40000.000000	399600.0000000000000000
202501	0011373013	0001424316	70300.000000	983497.0000000000000000
202501	0011373391	0001419703	27000.000000	431730.0000000000000000
202501	0011380918	0001427675	6120.000000	214138.8000000000000000
202501	0011381167	0001426714	59100.000000	1654209.0000000000000000
202501	0011382513	0001427123	2000.000000	67980.0000000000000000
202501	0011385610	0001426898	73610.000000	661753.9000000000000000
202501	0011386320	0001427897	153929.000000	1614715.2100000000000000
202501	0011386558	0001421688	30000.000000	389700.0000000000000000
202501	0011387746	0001421357	4000.000000	87960.0000000000000000
202501	0011389056	0001422739	16000.000000	479840.0000000000000000
202501	0011393809	0001424176	20000.000000	389800.0000000000000000
202501	0011393967	0001419363	36200.000000	669338.0000000000000000
202501	0011394342	0001423610	25000.000000	462250.0000000000000000
202501	0011394973	0001427576	10000.000000	159900.0000000000000000
202501	0011395251	0001421352	18185.660000	218046.0634000000000000
202501	0011395415	0001424670	18000.000000	305820.0000000000000000
202501	0011396852	0001427562	47000.000000	845530.0000000000000000
202501	0011397622	0001423515	100000.000000	999000.0000000000000000
202501	0011397845	0001422847	14800.000000	458652.0000000000000000
202501	0011399978	0001422184	34000.000000	475660.0000000000000000
202501	0011404114	0001423777	150000.000000	1948500.0000000000000000
202501	0011404521	0001419105	4885.000000	75668.6500000000000000
202501	0011405285	0001424964	55490.000000	526600.1000000000000000
202501	0011406474	0001422931	10900.000000	185191.0000000000000000
202501	0011409881	0001421798	3000.000000	70470.0000000000000000
202501	0011411740	0001422001	80009.000000	1000112.5000000000000000
202501	0011413685	0001425360	9000.000000	305910.0000000000000000
202501	0011414314	0001420189	30369.000000	546338.3100000000000000
202501	0011415093	0001422074	13800.000000	220662.0000000000000000
202501	0011421411	0001424587	5000.000000	159950.0000000000000000
202501	0011421554	0001423780	100000.000000	1199000.0000000000000000
202501	0011422858	0001423600	10252.000000	199811.4800000000000000
202501	0011422934	0001420810	16300.000000	252487.0000000000000000
202501	0011423791	0001424211	5000.000000	152450.0000000000000000
202501	0011425086	0001425688	30000.000000	738000.0000000000000000
202501	0011425538	0001427449	5400.000000	156546.0000000000000000
202501	0011426052	0001419515	42000.000000	797580.0000000000000000
202501	0011427523	0001422131	14869.000000	527700.8100000000000000
202501	0011429744	0001426444	23519.000000	258473.8100000000000000
202501	0011430403	0001420527	21100.000000	432339.0000000000000000
202501	0011433561	0001427269	21600.000000	712584.0000000000000000
202501	0011434575	0001422932	62153.000000	776290.9700000000000000
202501	0011438312	0001424742	19000.000000	303810.0000000000000000
202501	0011438318	0001426102	35369.000000	919240.3100000000000000
202501	0011444938	0001419129	17752.000000	541436.0000000000000000
202501	0011445718	0001423894	25647.000000	602448.0300000000000000
202501	0011446319	0001421335	5000.000000	144950.0000000000000000
202501	0011448027	0001419114	20300.000000	578347.0000000000000000
202501	0011449459	0001419525	3500.000000	106715.0000000000000000
202501	0011450910	0001427389	55000.000000	659450.0000000000000000
202501	0011452010	0001424227	75000.000000	1124250.0000000000000000
202501	0011452180	0001421987	11500.000000	275885.0000000000000000
202501	0011455764	0001426005	100000.000000	1549000.0000000000000000
202501	0011457546	0001422039	73600.000000	1029664.0000000000000000
202501	0011460178	0001426722	7000.000000	188930.0000000000000000
202501	0011461488	0001421156	70900.000000	2055391.0000000000000000
202501	0011461973	0001420606	18752.000000	412356.4800000000000000
202501	0011463930	0001419512	55700.000000	1224843.0000000000000000
202501	0011465904	0001428005	10000.000000	339900.0000000000000000
202501	0011466035	0001425667	37640.000000	1072363.6000000000000000
202501	0011466123	0001423272	4000.000000	107960.0000000000000000
202501	0011467597	0001422817	7000.000000	136430.0000000000000000
202501	0011468378	0001419411	2000.000000	61980.0000000000000000
202501	0011472229	0001425214	120000.000000	1078800.0000000000000000
202501	0011473406	0001428051	10000.000000	349900.0000000000000000
202501	0011474128	0001424631	17800.000000	551622.0000000000000000
202501	0011475471	0001424145	16000.000000	439840.0000000000000000
202501	0011477077	0001419535	41000.000000	471090.0000000000000000
202501	0011477195	0001420634	15500.000000	480345.0000000000000000
202501	0011477411	0001420088	80000.000000	1519200.0000000000000000
202501	0011478012	0001424360	6700.000000	167433.0000000000000000
202501	0011478102	0001419236	10500.000000	157395.0000000000000000
202501	0011478508	0001422903	37000.000000	998630.0000000000000000
202501	0011478555	0001420362	4800.000000	139152.0000000000000000
202501	0011479169	0001426990	10000.000000	319900.0000000000000000
202501	0011480522	0001427015	10000.000000	249900.0000000000000000
202501	0011482040	0001427298	23200.000000	626168.0000000000000000
202501	0011483676	0001421200	2000.000000	67980.0000000000000000
202501	0011483705	0001419941	83510.000000	1251814.9000000000000000
202501	0011483930	0001423658	37090.000000	797064.1000000000000000
202501	0011488083	0001421943	22000.000000	329780.0000000000000000
202501	0011488902	0001427647	47369.000000	733745.8100000000000000
202501	0011490146	0001419082	74400.000000	1830240.0000000000000000
202501	0011490574	0001425703	86000.000000	945140.0000000000000000
202501	0011491113	0001420160	5000.000000	177450.0000000000000000
202501	0011491847	0001427791	39577.000000	613047.7300000000000000
202501	0011492108	0001422630	31900.000000	829081.0000000000000000
202501	0011494624	0001423169	35400.000000	870840.0000000000000000
202501	0011495090	0001421146	21000.000000	608790.0000000000000000
202501	0011500104	0001421341	40600.000000	1055194.0000000000000000
202501	0011501469	0001419887	36900.000000	1069731.0000000000000000
202501	0011502482	0001424268	150000.000000	1498500.0000000000000000
202501	0011503613	0001423480	98400.000000	983016.0000000000000000
202501	0011505521	0001423115	5900.000000	218241.0000000000000000
202501	0011507269	0001419910	13200.000000	290268.0000000000000000
202501	0011508339	0001420813	15000.000000	217350.0000000000000000
202501	0011508372	0001423916	17454.000000	453629.4600000000000000
202501	0011511554	0001420525	5000.000000	124950.0000000000000000
202501	0011512113	0001427294	25000.000000	699750.0000000000000000
202501	0011514567	0001422828	55000.000000	1401950.0000000000000000
202501	0011515291	0001425532	22398.000000	246154.0200000000000000
202501	0011516234	0001426811	13800.000000	420900.0000000000000000
202501	0011524545	0001427670	32557.000000	634535.9300000000000000
202501	0011524555	0001424046	11000.000000	131890.0000000000000000
202501	0011524994	0001426469	10000.000000	244900.0000000000000000
202501	0011527418	0001422884	2000.000000	63980.0000000000000000
202501	0011531698	0001421980	87800.000000	1096622.0000000000000000
202501	0011531943	0001423284	13900.000000	569761.0000000000000000
202501	0011537808	0001423250	80000.000000	1039200.0000000000000000
202501	0011540004	0001421298	48500.000000	581515.0000000000000000
202501	0011541093	0001425810	45000.000000	539550.0000000000000000
202501	0011541469	0001423629	10000.000000	224900.0000000000000000
202501	0011542048	0001419369	3600.000000	93564.0000000000000000
202501	0011542915	0001426479	197200.000000	1970028.0000000000000000
202501	0011544705	0001427622	70000.000000	1294300.0000000000000000
202501	0011545705	0001422944	3145.000000	117906.0500000000000000
202501	0011548586	0001425350	120000.000000	1198800.0000000000000000
202501	0011548737	0001428108	2000.000000	52980.0000000000000000
202501	0011550586	0001423593	17450.000000	470975.5000000000000000
202501	0011553159	0001422295	100000.000000	1199000.0000000000000000
202501	0011554481	0001428184	50800.000000	1320292.0000000000000000
202501	0011558185	0001419354	13000.000000	233870.0000000000000000
202501	0011559348	0001424420	160000.000000	1438400.0000000000000000
202501	0011560786	0001425778	20400.000000	407796.0000000000000000
202501	0011563132	0001419538	12454.000000	261409.4600000000000000
202501	0011566380	0001418974	22200.000000	643578.0000000000000000
202501	0011570337	0001419174	8000.000000	135920.0000000000000000
202501	0011578366	0001424694	15000.000000	434850.0000000000000000
202501	0011579583	0001422962	86900.000000	2215081.0000000000000000
202501	0011580168	0001423204	28100.000000	955119.0000000000000000
202501	0011584638	0001424409	35200.000000	1143648.0000000000000000
202501	0011587409	0001425527	16300.000000	317687.0000000000000000
202501	0011587429	0001424569	25000.000000	587250.0000000000000000
202501	0011588077	0001421231	9000.000000	373410.0000000000000000
202501	0011589394	0001422429	45000.000000	1034550.0000000000000000
202501	0011592113	0001427008	100000.000000	999000.0000000000000000
202501	0011593167	0001422939	58200.000000	930618.0000000000000000
202501	0011595642	0001419013	44200.000000	773058.0000000000000000
202501	0011596442	0001424556	1400.000000	39186.0000000000000000
202501	0011596623	0001424618	7145.000000	192843.5500000000000000
202501	0011597413	0001422835	47511.000000	664678.8900000000000000
202501	0011597463	0001420624	92000.000000	1057080.0000000000000000
202501	0011599622	0001421363	41200.000000	659200.0000000000000000
202501	0011600409	0001426213	37300.000000	689677.0000000000000000
202501	0011601106	0001418892	39800.000000	835402.0000000000000000
202501	0011601801	0001428095	21000.000000	587790.0000000000000000
202501	0011602599	0001422062	115000.000000	1148850.0000000000000000
202501	0011603910	0001424722	80000.000000	1199200.0000000000000000
202501	0011605145	0001424611	15500.000000	387345.0000000000000000
202501	0011607778	0001426599	11000.000000	274890.0000000000000000
202501	0011607910	0001418839	14300.000000	285857.0000000000000000
202501	0011610053	0001427002	30000.000000	584700.0000000000000000
202501	0011610864	0001424395	5000.000000	134950.0000000000000000
202501	0011613454	0001420830	100000.000000	999000.0000000000000000
202501	0011613909	0001423288	30000.000000	389700.0000000000000000
202501	0011616122	0001428050	65600.000000	1048944.0000000000000000
202501	0011616858	0001424319	36000.000000	359640.0000000000000000
202501	0011627862	0001423392	15145.000000	227023.5500000000000000
202501	0011631822	0001427857	20000.000000	489800.0000000000000000
202501	0011631847	0001426645	80000.000000	1519200.0000000000000000
202501	0011634008	0001419516	21800.000000	631982.0000000000000000
202501	0011636663	0001422936	85900.000000	1029941.0000000000000000
202501	0011637263	0001419232	10369.000000	290228.3100000000000000
202501	0011641699	0001420351	10000.000000	134900.0000000000000000
202501	0011641905	0001422080	69690.000000	1253723.1000000000000000
202501	0011643820	0001419382	11400.000000	280440.0000000000000000
202501	0011644096	0001424286	13010.000000	351139.9000000000000000
202501	0011646210	0001420167	77500.000000	1394225.0000000000000000
202501	0011646280	0001422704	9600.000000	470304.0000000000000000
202501	0011646706	0001427237	50210.000000	647709.0000000000000000
202501	0011646784	0001421529	37220.000000	353217.8000000000000000
202501	0011647111	0001421635	15900.000000	293991.0000000000000000
202501	0011647437	0001422637	1500.000000	26985.0000000000000000
202501	0011650336	0001424215	19500.000000	653055.0000000000000000
202501	0011652420	0001425338	62100.000000	961929.0000000000000000
202501	0011656272	0001420665	21000.000000	377790.0000000000000000
202501	0011656286	0001426695	12500.000000	224875.0000000000000000
202501	0011657095	0001425759	25000.000000	349750.0000000000000000
202501	0011660120	0001424263	7000.000000	150430.0000000000000000
202501	0011664867	0001425574	48380.000000	580076.2000000000000000
202501	0011665457	0001422726	36100.000000	974339.0000000000000000
202501	0011667642	0001426399	30300.000000	696597.0000000000000000
202501	0011669465	0001422358	93200.000000	1397068.0000000000000000
202501	0011672236	0001427736	6300.000000	107037.0000000000000000
202501	0011672881	0001427361	5000.000000	104950.0000000000000000
202501	0011675936	0001425710	12200.000000	231678.0000000000000000
202501	0011676074	0001423583	30000.000000	674700.0000000000000000
202501	0011676913	0001427795	24000.000000	587760.0000000000000000
202501	0011677030	0001426055	96721.000000	1740010.7900000000000000
202501	0011681864	0001424475	81200.000000	2030000.0000000000000000
202501	0011682751	0001426261	5000.000000	102450.0000000000000000
202501	0011682994	0001423799	7080.000000	173389.2000000000000000
202501	0011685836	0001425216	51600.000000	1057284.0000000000000000
202501	0011687210	0001419785	4000.000000	103960.0000000000000000
202501	0011687645	0001423743	24920.000000	946710.8000000000000000
202501	0011688348	0001426534	20000.000000	329800.0000000000000000
202501	0011688626	0001422293	59000.000000	736910.0000000000000000
202501	0011692075	0001419315	2610.000000	91323.9000000000000000
202501	0011693161	0001425732	60300.000000	964197.0000000000000000
202501	0011693650	0001423030	7000.000000	216930.0000000000000000
202501	0011696605	0001419284	12000.000000	293880.0000000000000000
202501	0011697302	0001422806	17454.000000	523620.0000000000000000
202501	0011697887	0001426974	10006.640000	119979.6136000000000000
202501	0011699244	0001423556	20704.000000	662320.9600000000000000
202501	0011701991	0001420408	92800.000000	880672.0000000000000000
202501	0011705323	0001423270	65000.000000	1006850.0000000000000000
202501	0011706046	0001421152	68300.000000	955517.0000000000000000
202501	0011706527	0001427104	60900.000000	1095591.0000000000000000
202501	0011708291	0001421140	8500.000000	254915.0000000000000000
202501	0011711831	0001423992	24500.000000	808255.0000000000000000
202501	0011712788	0001426302	1200.000000	31788.0000000000000000
202501	0011713849	0001424247	15000.000000	322350.0000000000000000
202501	0011718777	0001425560	32300.000000	839477.0000000000000000
202501	0011721506	0001427100	8900.000000	249111.0000000000000000
202501	0011723448	0001422167	5000.000000	107450.0000000000000000
202501	0011724047	0001423328	8000.000000	287920.0000000000000000
202501	0011729600	0001427830	121000.000000	1208790.0000000000000000
202501	0011730149	0001427397	35800.000000	769342.0000000000000000
202501	0011732222	0001423997	15000.000000	374850.0000000000000000
202501	0011732277	0001428067	15290.000000	376134.0000000000000000
202501	0011732433	0001421981	25000.000000	399750.0000000000000000
202501	0011734416	0001421801	17240.000000	517027.6000000000000000
202501	0011734438	0001422869	25000.000000	612250.0000000000000000
202501	0011736213	0001420692	9300.000000	227757.0000000000000000
202501	0011736369	0001425576	79200.000000	870408.0000000000000000
202501	0011737959	0001427928	16100.000000	378189.0000000000000000
202501	0011739147	0001423866	7000.000000	153930.0000000000000000
202501	0011740451	0001427714	13800.000000	227562.0000000000000000
202501	0011740482	0001419464	34900.000000	1221151.0000000000000000
202501	0011746334	0001419419	2500.000000	74975.0000000000000000
202501	0011746463	0001428096	47400.000000	734226.0000000000000000
202501	0011748003	0001423006	16000.000000	407840.0000000000000000
202501	0011750540	0001421230	6500.000000	230685.0000000000000000
202501	0011751111	0001423122	2000.000000	58980.0000000000000000
202501	0011751171	0001425686	18000.000000	269820.0000000000000000
202501	0011751552	0001424198	37300.000000	633727.0000000000000000
202501	0011752060	0001423156	72600.000000	870474.0000000000000000
202501	0011752534	0001421675	26229.000000	406287.2100000000000000
202501	0011752969	0001426458	22000.000000	373780.0000000000000000
202501	0011753049	0001423131	77442.000000	1354460.5800000000000000
202501	0011753166	0001428148	21700.000000	444633.0000000000000000
202501	0011753704	0001422319	15000.000000	352350.0000000000000000
202501	0011754817	0001426519	7000.000000	272930.0000000000000000
202501	0011755284	0001419631	18400.000000	266616.0000000000000000
202501	0011756828	0001426457	62000.000000	929380.0000000000000000
202501	0011761906	0001425208	8700.000000	239163.0000000000000000
202501	0011767733	0001426190	12000.000000	293880.0000000000000000
202501	0011767745	0001419458	3510.000000	98244.9000000000000000
202501	0011768742	0001427388	40000.000000	539600.0000000000000000
202501	0011770260	0001426949	28300.000000	792117.0000000000000000
202501	0011770905	0001425303	37900.000000	643921.0000000000000000
202501	0011771656	0001424177	11700.000000	198783.0000000000000000
202501	0011772002	0001418956	2500.000000	93725.0000000000000000
202501	0011772006	0001425257	67000.000000	736330.0000000000000000
202501	0011772229	0001420577	56200.000000	758138.0000000000000000
202501	0011772263	0001421616	60000.000000	869400.0000000000000000
202501	0011772472	0001422154	17300.000000	337177.0000000000000000
202501	0011772620	0001427914	69387.000000	1144191.6300000000000000
202501	0011773471	0001422928	74500.000000	1340255.0000000000000000
202501	0011774529	0001425312	23000.000000	551770.0000000000000000
202501	0011774991	0001419985	99300.000000	1488507.0000000000000000
202501	0011778622	0001425631	23900.000000	788461.0000000000000000
202501	0011778705	0001427786	3000.000000	83970.0000000000000000
202501	0011779937	0001423125	51820.000000	776781.8000000000000000
202501	0011787091	0001424188	23600.000000	459964.0000000000000000
202501	0011791176	0001428065	6000.000000	170940.0000000000000000
202501	0011793316	0001422447	5700.000000	159543.0000000000000000
202501	0011796593	0001427428	60000.000000	809400.0000000000000000
202501	0011798517	0001420740	4000.000000	119960.0000000000000000
202501	0011801007	0001419751	5400.000000	205146.0000000000000000
202501	0011804885	0001423464	10136.260000	121533.7574000000000000
202501	0011807760	0001425581	70400.000000	1055296.0000000000000000
202501	0011809132	0001426523	32377.000000	841478.2300000000000000
202501	0011810116	0001420347	14645.000000	549041.0500000000000000
202501	0011811276	0001422428	65000.000000	714350.0000000000000000
202501	0011816089	0001422742	10000.000000	234900.0000000000000000
202501	0011819512	0001426643	92432.000000	1524203.6800000000000000
202501	0011821481	0001419663	19500.000000	565305.0000000000000000
202501	0011823378	0001424147	24410.000000	365905.9000000000000000
202501	0011823571	0001425942	10000.000000	159900.0000000000000000
202501	0011824386	0001425556	90200.000000	946198.0000000000000000
202501	0011827621	0001428012	82000.000000	942180.0000000000000000
202501	0011828352	0001425432	131700.000000	2303433.0000000000000000
202501	0011830229	0001424037	70000.000000	1119300.0000000000000000
202501	0011833298	0001419072	23800.000000	428162.0000000000000000
202501	0011839805	0001426088	16800.000000	352632.0000000000000000
202501	0011840116	0001424870	100000.000000	999000.0000000000000000
202501	0011840444	0001427417	6000.000000	167940.0000000000000000
202501	0011841583	0001424752	50900.000000	661191.0000000000000000
202501	0011845249	0001425396	142700.000000	1425573.0000000000000000
202501	0011845550	0001423454	26000.000000	883740.0000000000000000
202501	0011847970	0001421493	9900.000000	287001.0000000000000000
202501	0011849409	0001427276	20700.000000	506943.0000000000000000
202501	0011852643	0001423765	12500.000000	187375.0000000000000000
202501	0011853604	0001422684	7300.000000	131327.0000000000000000
202501	0011854243	0001426653	37500.000000	543375.0000000000000000
202501	0011854444	0001425567	26600.000000	465234.0000000000000000
202501	0011862044	0001419761	20940.000000	554700.6000000000000000
202501	0011863065	0001419176	24660.000000	606636.0000000000000000
202501	0011870288	0001426661	130003.000000	1168726.9700000000000000
202501	0011875529	0001423604	20000.000000	609800.0000000000000000
202501	0011876881	0001424507	32369.000000	404288.8100000000000000
202501	0011877437	0001422070	58995.000000	913832.5500000000000000
202501	0011878628	0001423109	20000.000000	429800.0000000000000000
202501	0011881294	0001421763	43550.000000	1110089.5000000000000000
202501	0011881360	0001426805	15000.000000	344850.0000000000000000
202501	0011883866	0001419904	100000.000000	1599000.0000000000000000
202501	0011887650	0001424634	3000.000000	50970.0000000000000000
202501	0011889929	0001423596	42000.000000	461580.0000000000000000
202501	0011892663	0001426087	75800.000000	1363642.0000000000000000
202501	0011893564	0001426985	73300.000000	2051667.0000000000000000
202501	0011895401	0001419306	2000.000000	35980.0000000000000000
202501	0011898169	0001422150	120000.000000	1198800.0000000000000000
202501	0011898984	0001421290	7000.000000	209930.0000000000000000
202501	0011900287	0001419702	15369.000000	460916.3100000000000000
202501	0011903385	0001418948	30100.000000	902699.0000000000000000
202501	0011907084	0001425691	51200.000000	665088.0000000000000000
202501	0011910928	0001419890	35000.000000	909650.0000000000000000
202501	0011911166	0001426468	100000.000000	1000000.0000000000000000
202501	0011913166	0001426391	5100.000000	107049.0000000000000000
202501	0011914266	0001427915	51371.000000	564567.2900000000000000
202501	0011916499	0001420705	7000.000000	83930.0000000000000000
202501	0011918658	0001421966	42210.000000	1498032.9000000000000000
202501	0011919548	0001424313	18600.000000	250914.0000000000000000
202501	0011919609	0001419266	12100.000000	453629.0000000000000000
202501	0011921110	0001423532	35500.000000	922645.0000000000000000
202501	0011922702	0001424031	7845.000000	258806.5500000000000000
202501	0011923954	0001426006	122343.000000	1099863.5700000000000000
202501	0011924543	0001425859	78900.000000	2011161.0000000000000000
202501	0011926191	0001419908	6000.000000	107940.0000000000000000
202501	0011930144	0001421948	131000.000000	1308690.0000000000000000
202501	0011931372	0001427295	9500.000000	233700.0000000000000000
202501	0011931622	0001425649	3000.000000	73470.0000000000000000
202501	0011931967	0001426061	80240.000000	721357.6000000000000000
202501	0011932345	0001423002	14000.000000	510860.0000000000000000
202501	0011933379	0001423674	50000.000000	749500.0000000000000000
202501	0011935584	0001425779	47600.000000	1118124.0000000000000000
202501	0011941955	0001426281	38000.000000	341620.0000000000000000
202501	0011944818	0001427560	97500.000000	1071525.0000000000000000
202501	0011944992	0001423042	56140.000000	532768.6000000000000000
202501	0011945111	0001419346	15000.000000	434850.0000000000000000
202501	0011952839	0001419041	74100.000000	2148159.0000000000000000
202501	0011953441	0001422100	5000.000000	82450.0000000000000000
202501	0011955032	0001423803	29000.000000	753710.0000000000000000
202501	0011959472	0001419509	6000.000000	140940.0000000000000000
202501	0011962825	0001422309	2500.000000	91225.0000000000000000
202501	0011962984	0001419528	10454.000000	276926.4600000000000000
202501	0011963110	0001427796	3470.000000	107535.3000000000000000
202501	0011964336	0001427693	10000.000000	169900.0000000000000000
202501	0011969916	0001419189	8252.000000	239225.4800000000000000
202501	0011970614	0001427792	50000.000000	1349500.0000000000000000
202501	0011974435	0001420653	5100.000000	91749.0000000000000000
202501	0011974806	0001427312	29180.000000	758388.2000000000000000
202501	0011975003	0001421596	5145.000000	102848.5500000000000000
202501	0011976174	0001427886	100000.000000	1499000.0000000000000000
202501	0011976543	0001421634	6000.000000	119940.0000000000000000
202501	0011982537	0001426552	11900.000000	190281.0000000000000000
202501	0011985378	0001424926	47577.000000	1046218.2300000000000000
202501	0011987534	0001425288	12600.000000	415674.0000000000000000
202501	0011991033	0001427659	5000.000000	109950.0000000000000000
202501	0011993195	0001421407	4500.000000	130455.0000000000000000
202501	0011994132	0001425319	55975.000000	559190.2500000000000000
202501	0011996291	0001426997	9000.000000	202410.0000000000000000
202501	0011996811	0001424002	37000.000000	406630.0000000000000000
202501	0011997054	0001426724	120000.000000	1198800.0000000000000000
202501	0011997936	0001421824	5050.000000	176699.5000000000000000
202501	0011999813	0001423498	6300.000000	176337.0000000000000000
202501	0012000964	0001423986	4000.000000	105960.0000000000000000
202501	0012001412	0001426836	7000.000000	164430.0000000000000000
202501	0012004345	0001425637	45600.000000	637944.0000000000000000
202501	0012006414	0001419580	35700.000000	1391943.0000000000000000
202501	0012011232	0001427231	7700.000000	254023.0000000000000000
202501	0012013604	0001420526	35000.000000	1119650.0000000000000000
202501	0012019693	0001418902	9200.000000	266708.0000000000000000
202501	0012022458	0001423522	39000.000000	896610.0000000000000000
202501	0012024517	0001425385	150000.000000	1348500.0000000000000000
202501	0012024548	0001423872	11577.000000	312463.2300000000000000
202501	0012024803	0001425162	53716.000000	563480.8400000000000000
202501	0012028923	0001427429	25000.000000	412250.0000000000000000
202501	0012029018	0001424950	100000.000000	1299000.0000000000000000
202501	0012030024	0001427013	5000.000000	102450.0000000000000000
202501	0012032309	0001422214	17879.000000	312703.7100000000000000
202501	0012036081	0001427038	82800.000000	1241172.0000000000000000
202501	0012037066	0001420241	110000.000000	988900.0000000000000000
202501	0012040685	0001423092	50700.000000	759993.0000000000000000
202501	0012044998	0001425769	5000.000000	222450.0000000000000000
202501	0012045107	0001425965	86910.000000	781320.9000000000000000
202501	0012046781	0001422880	5369.000000	142224.8100000000000000
202501	0012048071	0001425901	10000.000000	184900.0000000000000000
202501	0012049342	0001422833	48700.000000	1557913.0000000000000000
202501	0012052038	0001419259	3700.000000	92463.0000000000000000
202501	0012052137	0001427879	19000.000000	541310.0000000000000000
202501	0012052212	0001423641	40000.000000	519600.0000000000000000
202501	0012057177	0001424808	10100.000000	292799.0000000000000000
202501	0012058062	0001422716	21000.000000	451290.0000000000000000
202501	0012058973	0001423458	40900.000000	1062991.0000000000000000
202501	0012059286	0001421658	13200.000000	323268.0000000000000000
202501	0012059762	0001425680	22700.000000	589973.0000000000000000
202501	0012062501	0001422792	5000.000000	167450.0000000000000000
202501	0012062690	0001421651	12530.000000	313250.0000000000000000
202501	0012062785	0001425714	10800.000000	161892.0000000000000000
202501	0012065493	0001426028	11000.000000	285890.0000000000000000
202501	0012066856	0001418851	110000.000000	1538900.0000000000000000
202501	0012070537	0001425490	10000.000000	229900.0000000000000000
202501	0012070645	0001427943	10500.000000	209895.0000000000000000
202501	0012071479	0001425491	88000.000000	879120.0000000000000000
202501	0012071927	0001420504	10000.000000	194900.0000000000000000
202501	0012071964	0001423749	8600.000000	150414.0000000000000000
202501	0012072640	0001423903	100000.000000	2049000.0000000000000000
202501	0012075780	0001426761	17000.000000	577830.0000000000000000
202501	0012077757	0001424845	100000.000000	1199000.0000000000000000
202501	0012079550	0001418961	27500.000000	797225.0000000000000000
202501	0012079799	0001419383	20000.000000	579800.0000000000000000
202501	0012079977	0001424254	20000.000000	369800.0000000000000000
202501	0012080950	0001423402	31500.000000	440685.0000000000000000
202501	0012081500	0001419827	3000.000000	82470.0000000000000000
202501	0012081740	0001425922	8500.000000	293165.0000000000000000
202501	0012082796	0001426068	100000.000000	899000.0000000000000000
202501	0012092060	0001425284	80100.000000	920349.0000000000000000
202501	0012094324	0001420016	24454.000000	366565.4600000000000000
202501	0012098494	0001419527	46700.000000	910183.0000000000000000
202501	0012098660	0001428075	17000.000000	450330.0000000000000000
202501	0012099055	0001420403	32100.000000	529329.0000000000000000
202501	0012099537	0001422038	92577.000000	2277394.2000000000000000
202501	0012100826	0001423700	9500.000000	356155.0000000000000000
202501	0012102878	0001421336	6400.000000	185536.0000000000000000
202501	0012103931	0001425533	84500.000000	929500.0000000000000000
202501	0012103983	0001419685	28577.000000	828447.2300000000000000
202501	0012106524	0001420854	7000.000000	125930.0000000000000000
202501	0012110939	0001425801	89977.000000	1618686.2300000000000000
202501	0012111686	0001426282	2000.000000	45980.0000000000000000
202501	0012116893	0001426012	44577.000000	623632.2300000000000000
202501	0012118979	0001421106	12000.000000	257880.0000000000000000
202501	0012119155	0001419279	91700.000000	1557983.0000000000000000
202501	0012119548	0001427528	90000.000000	1214100.0000000000000000
202501	0012120035	0001422086	3000.000000	41970.0000000000000000
202501	0012122047	0001422029	14000.000000	344400.0000000000000000
202501	0012123082	0001423043	40600.000000	547694.0000000000000000
202501	0012124543	0001421790	8800.000000	216480.0000000000000000
202501	0012127985	0001426656	10000.000000	349900.0000000000000000
202501	0012135325	0001426710	27600.000000	648324.0000000000000000
202501	0012136358	0001419178	4000.000000	141960.0000000000000000
202501	0012138659	0001425352	98200.000000	1128318.0000000000000000
202501	0012138753	0001424365	26120.000000	639678.8000000000000000
202501	0012139553	0001419495	1580.000000	56074.2000000000000000
202501	0012140268	0001427213	139300.000000	1393000.0000000000000000
202501	0012140817	0001421808	64400.000000	618240.0000000000000000
202501	0012140988	0001427751	17000.000000	229330.0000000000000000
202501	0012143263	0001425650	19600.000000	460404.0000000000000000
202501	0012143804	0001422508	41170.000000	658308.3000000000000000
202501	0012144425	0001420771	10200.000000	198798.0000000000000000
202501	0012145497	0001423035	51693.000000	619799.0700000000000000
202501	0012146133	0001422509	15000.000000	344850.0000000000000000
202501	0012146518	0001427263	26000.000000	727740.0000000000000000
202501	0012149097	0001424509	102435.000000	920890.6500000000000000
202501	0012150430	0001421166	4256.000000	102101.4400000000000000
202501	0012151505	0001421345	57000.280000	654933.2172000000000000
202501	0012154062	0001427259	3145.000000	128913.5500000000000000
202501	0012155059	0001425943	30000.000000	854700.0000000000000000
202501	0012158491	0001420694	30000.000000	539700.0000000000000000
202501	0012159481	0001428042	70500.000000	810045.0000000000000000
202501	0012160708	0001426600	27016.000000	242873.8400000000000000
202501	0012163896	0001428007	25000.000000	337250.0000000000000000
202501	0012166838	0001423598	19500.000000	701805.0000000000000000
202501	0012168195	0001421900	7778.000000	124370.2200000000000000
202501	0012171274	0001426658	1000.000000	36490.0000000000000000
202501	0012173131	0001426727	35648.000000	338299.5200000000000000
202501	0012173984	0001421448	16240.000000	267797.6000000000000000
202501	0012175435	0001421777	30000.000000	464700.0000000000000000
202501	0012176508	0001424456	43700.000000	917263.0000000000000000
202501	0012179477	0001425641	15000.000000	457500.0000000000000000
202501	0012181097	0001421405	6500.000000	191685.0000000000000000
202501	0012181215	0001426474	33900.000000	813261.0000000000000000
202501	0012183434	0001422978	65000.000000	811850.0000000000000000
202501	0012185928	0001425441	51000.000000	483990.0000000000000000
202501	0012188174	0001426799	4000.000000	111960.0000000000000000
202501	0012188964	0001418817	3500.000000	99715.0000000000000000
202501	0012190052	0001421929	10000.000000	289900.0000000000000000
202501	0012190344	0001424967	20000.000000	349800.0000000000000000
202501	0012192685	0001418964	4400.000000	153956.0000000000000000
202501	0012193371	0001419639	5200.000000	153348.0000000000000000
202501	0012194322	0001427905	122000.000000	1218780.0000000000000000
202501	0012198276	0001419435	11000.000000	346390.0000000000000000
202501	0012199868	0001424237	29252.000000	467739.4800000000000000
202501	0012203600	0001421208	2000.000000	30980.0000000000000000
202501	0012205558	0001420889	26800.000000	495532.0000000000000000
202501	0012207177	0001423229	30000.000000	449700.0000000000000000
202501	0012209144	0001425672	19900.000000	338101.0000000000000000
202501	0012209850	0001424649	1200.000000	40188.0000000000000000
202501	0012210323	0001425599	41200.000000	555788.0000000000000000
202501	0012211570	0001424205	81000.000000	1173690.0000000000000000
202501	0012212090	0001423323	8400.000000	167916.0000000000000000
202501	0012213159	0001426542	7145.000000	189271.0500000000000000
202501	0012213470	0001424149	28770.000000	589497.3000000000000000
202501	0012214066	0001419098	25000.000000	399750.0000000000000000
202501	0012215575	0001426405	7100.000000	209379.0000000000000000
202501	0012216365	0001427874	54500.000000	1007705.0000000000000000
202501	0012216487	0001425381	60000.000000	1529400.0000000000000000
202501	0012217878	0001421791	39230.000000	960742.7000000000000000
202501	0012217917	0001425603	30000.000000	524700.0000000000000000
202501	0012218293	0001424382	94600.000000	1181554.0000000000000000
202501	0012220049	0001421963	23200.000000	440568.0000000000000000
202501	0012221798	0001422299	32700.000000	686373.0000000000000000
202501	0012222763	0001426780	23100.000000	600369.0000000000000000
202501	0012223652	0001426029	50000.000000	1574500.0000000000000000
202501	0012223840	0001427510	19500.000000	479700.0000000000000000
202501	0012224079	0001420629	5800.000000	162342.0000000000000000
202501	0012225494	0001419497	36000.000000	899640.0000000000000000
202501	0012226958	0001424408	14592.000000	525166.0800000000000000
202501	0012227027	0001423378	40700.000000	854293.0000000000000000
202501	0012227064	0001420753	50000.000000	1174500.0000000000000000
202501	0012227724	0001420493	30000.000000	869700.0000000000000000
202501	0012227912	0001424429	15800.000000	386942.0000000000000000
202501	0012228745	0001423279	18000.000000	503820.0000000000000000
202501	0012231153	0001424895	16000.000000	263840.0000000000000000
202501	0012231701	0001425402	18000.000000	404820.0000000000000000
202501	0012231958	0001423120	60000.000000	659400.0000000000000000
202501	0012234577	0001422865	5000.000000	114950.0000000000000000
202501	0012237997	0001421830	36100.000000	486989.0000000000000000
202501	0012238220	0001425302	140000.000000	1258600.0000000000000000
202501	0012239516	0001422196	4800.000000	124752.0000000000000000
202501	0012240605	0001419608	27000.000000	620730.0000000000000000
202501	0012240807	0001425802	35900.000000	663791.0000000000000000
202501	0012243487	0001424135	12300.000000	418077.0000000000000000
202501	0012244964	0001425587	32600.000000	1010274.0000000000000000
202501	0012246354	0001424021	4540.000000	49894.6000000000000000
202501	0012247457	0001423536	8100.000000	149769.0000000000000000
202501	0012249289	0001427460	12900.000000	141771.0000000000000000
202501	0012250496	0001424811	10252.000000	286953.4800000000000000
202501	0012250902	0001426659	15000.000000	374850.0000000000000000
202501	0012253399	0001421424	23545.000000	282304.5500000000000000
202501	0012253695	0001423741	8452.000000	207919.2000000000000000
202501	0012257330	0001419532	48500.000000	848265.0000000000000000
202501	0012259869	0001427500	5500.000000	162195.0000000000000000
202501	0012260182	0001421455	5000.000000	64950.0000000000000000
202501	0012260527	0001426776	98800.000000	1382212.0000000000000000
202501	0012261173	0001427319	31000.000000	340690.0000000000000000
202501	0012261886	0001420522	28377.000000	411182.7300000000000000
202501	0012262441	0001421988	18050.000000	396919.5000000000000000
202501	0012265025	0001425870	27000.000000	701730.0000000000000000
202501	0012265810	0001421491	70000.000000	944300.0000000000000000
202501	0012266054	0001424261	6000.000000	161940.0000000000000000
202501	0012268175	0001424942	5000.000000	174950.0000000000000000
202501	0012269373	0001423320	9970.000000	264105.3000000000000000
202501	0012270032	0001427289	37650.000000	602023.5000000000000000
202501	0012270205	0001425570	78155.000000	741690.9500000000000000
202501	0012270218	0001422970	90000.000000	1079100.0000000000000000
202501	0012270614	0001421977	100000.000000	1249000.0000000000000000
202501	0012274167	0001421825	18000.000000	557820.0000000000000000
202501	0012274511	0001422842	17145.000000	617048.5500000000000000
202501	0012276759	0001424677	15076.260000	165688.0974000000000000
202501	0012278233	0001424459	83234.000000	1247677.6600000000000000
202501	0012278922	0001419336	22600.000000	406574.0000000000000000
202501	0012280912	0001423220	3500.000000	97965.0000000000000000
202501	0012284697	0001424851	70000.000000	559300.0000000000000000
202501	0012285372	0001425989	10000.000000	239900.0000000000000000
202501	0012287683	0001423776	9000.000000	211410.0000000000000000
202501	0012288875	0001427070	6800.000000	115532.0000000000000000
202501	0012289585	0001420890	21500.000000	558785.0000000000000000
202501	0012289737	0001418968	27500.000000	797225.0000000000000000
202501	0012293570	0001422445	115000.000000	1896350.0000000000000000
202501	0012294827	0001421615	108000.000000	1132920.0000000000000000
202501	0012295613	0001422267	21336.000000	234482.6400000000000000
202501	0012297691	0001427869	32100.000000	673779.0000000000000000
202501	0012299405	0001426857	52257.000000	574304.4300000000000000
202501	0012299861	0001418807	19200.000000	518208.0000000000000000
202501	0012299885	0001426572	4000.000000	151960.0000000000000000
202501	0012303555	0001420058	2500.000000	78725.0000000000000000
202501	0012303642	0001424719	18000.000000	305820.0000000000000000
202501	0012303949	0001424433	110000.000000	1100000.0000000000000000
202501	0012304629	0001421585	29400.000000	543606.0000000000000000
202501	0012306384	0001427827	60000.000000	929400.0000000000000000
202501	0012310680	0001425762	45000.000000	1057050.0000000000000000
202501	0012311726	0001423142	10400.000000	166296.0000000000000000
202501	0012312879	0001422948	30700.000000	582993.0000000000000000
202501	0012313377	0001421400	5000.000000	92450.0000000000000000
202501	0012314655	0001422290	20252.000000	263073.4800000000000000
202501	0012317217	0001421739	15000.000000	262350.0000000000000000
202501	0012321834	0001421669	39300.000000	648057.0000000000000000
202501	0012322891	0001426969	100000.000000	1499000.0000000000000000
202501	0012325191	0001427354	5000.000000	124950.0000000000000000
202501	0012327465	0001422022	10000.000000	264900.0000000000000000
202501	0012328597	0001421187	36000.000000	935640.0000000000000000
202501	0012331563	0001420967	40300.000000	825747.0000000000000000
202501	0012335082	0001421722	12102.310000	145106.6969000000000000
202501	0012336380	0001424956	15000.000000	134850.0000000000000000
202501	0012336969	0001419903	100000.000000	1799000.0000000000000000
202501	0012337814	0001427909	49538.000000	544422.6200000000000000
202501	0012338740	0001423589	6500.000000	133185.0000000000000000
202501	0012339105	0001419993	45500.000000	1114295.0000000000000000
202501	0012339802	0001419500	11200.000000	324688.0000000000000000
202501	0012340899	0001426362	70000.000000	1189300.0000000000000000
202501	0012343025	0001418830	63200.000000	1073768.0000000000000000
202501	0012345488	0001426731	43900.000000	416611.0000000000000000
202501	0012346832	0001419261	93762.000000	1077325.3800000000000000
202501	0012346972	0001427203	127000.000000	1332230.0000000000000000
202501	0012348052	0001427867	32600.000000	814674.0000000000000000
202501	0012349772	0001426027	85100.000000	1297775.0000000000000000
202501	0012350015	0001424578	2000.000000	33980.0000000000000000
202501	0012350729	0001420318	33677.000000	690041.7300000000000000
202501	0012351564	0001424160	15000.000000	457350.0000000000000000
202501	0012351870	0001420669	15700.000000	345243.0000000000000000
202501	0012352126	0001425723	3000.000000	106470.0000000000000000
202501	0012355779	0001423951	17000.000000	418200.0000000000000000
202501	0012358151	0001419467	8500.000000	246415.0000000000000000
202501	0012362750	0001426442	15352.000000	377659.2000000000000000
202501	0012363840	0001419402	36500.000000	985135.0000000000000000
202501	0012364730	0001419598	8000.000000	227920.0000000000000000
202501	0012366026	0001419251	12000.000000	359880.0000000000000000
202501	0012370012	0001427918	5000.000000	139950.0000000000000000
202501	0012370176	0001420756	10000.000000	179900.0000000000000000
202501	0012373792	0001421296	40000.000000	359600.0000000000000000
202501	0012373812	0001421364	6577.000000	233417.7300000000000000
202501	0012374022	0001420025	1000.000000	28990.0000000000000000
202501	0012376066	0001426077	16300.000000	407337.0000000000000000
202501	0012376087	0001421527	38100.000000	704469.0000000000000000
202501	0012376799	0001426284	95000.000000	1833500.0000000000000000
202501	0012377811	0001426470	180000.000000	1618200.0000000000000000
202501	0012380751	0001419294	22000.000000	615780.0000000000000000
202501	0012381289	0001426079	100000.000000	1699000.0000000000000000
202501	0012383871	0001425499	58100.000000	580419.0000000000000000
202501	0012385084	0001420884	1500.000000	19485.0000000000000000
202501	0012389309	0001420059	3000.000000	89970.0000000000000000
202501	0012389691	0001419049	5700.000000	165243.0000000000000000
202501	0012394727	0001419128	24420.000000	451525.8000000000000000
202501	0012396087	0001427706	99300.000000	1438857.0000000000000000
202501	0012396107	0001427951	5000.000000	139950.0000000000000000
202501	0012398788	0001425324	24500.000000	612255.0000000000000000
202501	0012401634	0001427507	58650.000000	761863.5000000000000000
202501	0012401944	0001428022	3200.000000	59168.0000000000000000
202501	0012402718	0001420045	60000.000000	1079400.0000000000000000
202501	0012407941	0001426409	7700.000000	223223.0000000000000000
202501	0012408439	0001427214	13300.000000	405650.0000000000000000
202501	0012408980	0001421771	5100.000000	147849.0000000000000000
202501	0012411371	0001427056	32500.000000	519675.0000000000000000
202501	0012413602	0001426787	29000.000000	594210.0000000000000000
202501	0012414210	0001419069	27577.000000	399590.7300000000000000
202501	0012419023	0001424919	69200.000000	725908.0000000000000000
202501	0012421982	0001420619	20000.000000	579800.0000000000000000
202501	0012423555	0001426888	5300.000000	198697.0000000000000000
202501	0012424532	0001424283	26500.000000	754985.0000000000000000
202501	0012424644	0001424607	3000.000000	50970.0000000000000000
202501	0012426934	0001421807	6000.000000	119940.0000000000000000
202501	0012428568	0001424437	100000.000000	1000000.0000000000000000
202501	0012432614	0001427014	34400.000000	846240.0000000000000000
202501	0012432700	0001419473	20000.000000	419800.0000000000000000
202501	0012433638	0001424468	17800.000000	542900.0000000000000000
202501	0012433930	0001427752	11454.000000	286235.4600000000000000
202501	0012434309	0001420195	50000.000000	574500.0000000000000000
202501	0012438066	0001421664	15300.000000	451197.0000000000000000
202501	0012439283	0001423679	38100.000000	456819.0000000000000000
202501	0012441250	0001426503	65970.000000	1351725.3000000000000000
202501	0012446256	0001424156	4400.000000	72556.0000000000000000
202501	0012449250	0001426889	16500.000000	511335.0000000000000000
202501	0012449611	0001426528	5000.000000	132450.0000000000000000
202501	0012452117	0001425197	59077.000000	1505872.7300000000000000
202501	0012452206	0001427653	15000.000000	457500.0000000000000000
202501	0012452708	0001423021	10000.000000	279900.0000000000000000
202501	0012455624	0001426214	18900.000000	491211.0000000000000000
202501	0012467087	0001423271	90000.000000	1079100.0000000000000000
202501	0012468770	0001423186	14185.000000	233910.6500000000000000
202501	0012468884	0001426557	10000.000000	234900.0000000000000000
202501	0012469731	0001426361	21700.000000	477183.0000000000000000
202501	0012471611	0001421999	21200.000000	487388.0000000000000000
202501	0012471887	0001424256	21700.000000	379533.0000000000000000
202501	0012474819	0001423993	51900.000000	829881.0000000000000000
202501	0012476263	0001425795	17800.000000	418122.0000000000000000
202501	0012479067	0001427019	110000.000000	1923900.0000000000000000
202501	0012482686	0001421732	5240.000000	151907.6000000000000000
202501	0012483490	0001424711	7200.000000	241128.0000000000000000
202501	0012483651	0001427416	5000.000000	97450.0000000000000000
202501	0012484163	0001422690	110000.000000	1098900.0000000000000000
202501	0012485103	0001426777	5300.000000	217247.0000000000000000
202501	0012485674	0001427427	19591.000000	381828.5900000000000000
202501	0012489193	0001423615	55000.000000	1484450.0000000000000000
202501	0012490379	0001425977	6000.000000	176940.0000000000000000
202501	0012493103	0001419026	41040.000000	409989.6000000000000000
202501	0012497201	0001425575	18252.000000	401361.4800000000000000
202501	0012498814	0001419269	100000.000000	1549000.0000000000000000
202501	0012500247	0001423486	3000.000000	49470.0000000000000000
202501	0012500718	0001427932	38700.000000	952020.0000000000000000
202501	0012505928	0001422511	5500.000000	134695.0000000000000000
202501	0012510318	0001420491	33300.000000	615717.0000000000000000
202501	0012511158	0001422318	12400.000000	305040.0000000000000000
202501	0012511655	0001423147	17900.000000	474171.0000000000000000
202501	0012512268	0001422189	102000.000000	1069980.0000000000000000
202501	0012512666	0001423232	11564.000000	127088.3600000000000000
202501	0012513642	0001419055	14800.000000	362452.0000000000000000
202501	0012514020	0001424221	65000.000000	649350.0000000000000000
202501	0012514035	0001425508	5000.000000	182450.0000000000000000
202501	0012515823	0001426367	10100.000000	282699.0000000000000000
202501	0012516682	0001427249	1200.000000	39588.0000000000000000
202501	0012519364	0001426610	89729.000000	1165579.7100000000000000
202501	0012519774	0001422255	7600.000000	227924.0000000000000000
202501	0012520086	0001425695	56400.000000	676236.0000000000000000
202501	0012521625	0001427611	6000.000000	176940.0000000000000000
202501	0012522737	0001427140	32600.000000	1010274.0000000000000000
202501	0012524003	0001426762	9800.000000	293902.0000000000000000
202501	0012524718	0001421775	37600.000000	582424.0000000000000000
202501	0012524955	0001426571	30400.000000	698896.0000000000000000
202501	0012525855	0001423789	7000.000000	188930.0000000000000000
202501	0012527795	0001423113	41000.000000	1250500.0000000000000000
202501	0012528357	0001423851	12454.000000	306368.4000000000000000
202501	0012529719	0001420022	28500.000000	441465.0000000000000000
202501	0012531422	0001428033	76100.000000	1872060.0000000000000000
202501	0012533161	0001426628	94400.000000	895856.0000000000000000
202501	0012533797	0001423073	5700.000000	153843.0000000000000000
202501	0012535392	0001426964	119100.000000	1785309.0000000000000000
202501	0012537055	0001419926	20000.000000	309800.0000000000000000
202501	0012537808	0001423544	9000.000000	166410.0000000000000000
202501	0012538483	0001425323	41600.000000	623584.0000000000000000
202501	0012539042	0001424428	20000.000000	359800.0000000000000000
202501	0012540626	0001425935	5800.000000	162342.0000000000000000
202501	0012542769	0001423085	110000.000000	1098900.0000000000000000
202501	0012543228	0001424552	4000.000000	139960.0000000000000000
202501	0012543333	0001419475	1000.000000	28990.0000000000000000
202501	0012544269	0001419205	120526.000000	1384843.7400000000000000
202501	0012545045	0001427616	3000.000000	82470.0000000000000000
202501	0012547858	0001426678	111800.000000	1675882.0000000000000000
202501	0012549376	0001422075	10000.000000	274900.0000000000000000
202501	0012550597	0001424646	43000.000000	838070.0000000000000000
202501	0012551629	0001420396	28277.000000	819750.2300000000000000
202501	0012551687	0001427238	6500.000000	113685.0000000000000000
202501	0012554580	0001426003	100000.000000	1099000.0000000000000000
202501	0012555137	0001427798	70000.000000	1609300.0000000000000000
202501	0012555962	0001425912	12920.000000	317832.0000000000000000
202501	0012556926	0001426090	30200.000000	784898.0000000000000000
202501	0012559928	0001426609	72835.000000	800456.6500000000000000
202501	0012560420	0001425349	43000.000000	515570.0000000000000000
202501	0012561292	0001426357	6000.000000	137940.0000000000000000
202501	0012561564	0001424698	26175.000000	523238.2500000000000000
202501	0012561715	0001427941	124000.000000	1424760.0000000000000000
202501	0012564100	0001419649	20000.000000	749800.0000000000000000
202501	0012564565	0001426531	50577.000000	1061611.2300000000000000
202501	0012565719	0001419461	8400.000000	293916.0000000000000000
202501	0012565756	0001423739	12000.000000	143880.0000000000000000
202501	0012566046	0001419951	10000.000000	349900.0000000000000000
202501	0012568818	0001424903	30000.000000	509700.0000000000000000
202501	0012573781	0001418896	39600.000000	1029204.0000000000000000
202501	0012574822	0001419440	4000.000000	125960.0000000000000000
202501	0012579378	0001419437	7540.000000	226124.6000000000000000
202501	0012588593	0001427710	30000.000000	314700.0000000000000000
202501	0012588609	0001419043	2000.000000	49980.0000000000000000
202501	0012589427	0001421122	67713.000000	947304.8700000000000000
202501	0012592190	0001423427	100000.000000	999000.0000000000000000
202501	0012594639	0001425419	100000.000000	1299000.0000000000000000
202501	0012597345	0001419894	6185.000000	216413.1500000000000000
202501	0012599413	0001426385	90457.000000	813208.4300000000000000
202501	0012602495	0001422504	11000.000000	181390.0000000000000000
202501	0012606798	0001422746	29500.000000	1002705.0000000000000000
202501	0012610357	0001419864	14152.000000	282898.4800000000000000
202501	0012613241	0001426020	12430.000000	305778.0000000000000000
202501	0012613634	0001422220	87900.000000	966021.0000000000000000
202501	0012613932	0001427378	110000.000000	1758900.0000000000000000
202501	0012614049	0001419912	13200.000000	395868.0000000000000000
202501	0012614531	0001423018	100000.000000	1349000.0000000000000000
202501	0012615619	0001418865	12000.000000	359880.0000000000000000
202501	0012616770	0001420639	67513.000000	775724.3700000000000000
202501	0012618309	0001427040	27000.000000	404730.0000000000000000
202501	0012622377	0001425391	21404.000000	235229.9600000000000000
202501	0012624348	0001422794	5500.000000	184195.0000000000000000
202501	0012625429	0001422986	33000.000000	362670.0000000000000000
202501	0012626250	0001424347	72100.000000	1621529.0000000000000000
202501	0012626342	0001425915	54142.000000	595020.5800000000000000
202501	0012626436	0001421893	30077.000000	580486.1000000000000000
202501	0012627066	0001419916	70000.000000	1084300.0000000000000000
202501	0012627415	0001419364	10000.000000	229900.0000000000000000
202501	0012629021	0001425877	90000.000000	1709100.0000000000000000
202501	0012629024	0001426390	97279.000000	923177.7100000000000000
202501	0012630171	0001424920	42000.000000	1070580.0000000000000000
202501	0012630459	0001425240	4800.000000	119952.0000000000000000
202501	0012636466	0001424695	19100.000000	353159.0000000000000000
202501	0012636541	0001425860	12969.000000	395554.5000000000000000
202501	0012637784	0001426329	6500.000000	214435.0000000000000000
202501	0012638825	0001418850	9000.000000	184410.0000000000000000
202501	0012639264	0001426294	5000.000000	204950.0000000000000000
202501	0012639605	0001419195	29000.000000	768210.0000000000000000
202501	0012639781	0001425301	64000.000000	959360.0000000000000000
202501	0012642777	0001420836	21200.000000	444988.0000000000000000
202501	0012643751	0001423350	10520.000000	257634.8000000000000000
202501	0012645256	0001423521	15000.000000	307350.0000000000000000
202501	0012645633	0001423660	8500.000000	416415.0000000000000000
202501	0012646202	0001419034	3500.000000	131215.0000000000000000
202501	0012651748	0001423405	10000.000000	209900.0000000000000000
202501	0012652496	0001420409	28200.000000	845718.0000000000000000
202501	0012653146	0001420218	20800.000000	519792.0000000000000000
202501	0012656382	0001427241	25577.000000	664746.2300000000000000
202501	0012660657	0001426108	120369.000000	1202486.3100000000000000
202501	0012660882	0001427542	18100.000000	515669.0000000000000000
202501	0012661272	0001424501	115804.000000	1041077.9600000000000000
202501	0012661551	0001420588	20900.000000	605891.0000000000000000
202501	0012661765	0001424721	6500.000000	217685.0000000000000000
202501	0012663188	0001426369	72900.000000	1793340.0000000000000000
202501	0012677656	0001424023	12100.000000	181379.0000000000000000
202501	0012678570	0001420943	130100.000000	1494849.0000000000000000
202501	0012679337	0001421578	4800.000000	119952.0000000000000000
202501	0012680930	0001425614	14000.000000	482860.0000000000000000
202501	0012680977	0001419137	15000.000000	502350.0000000000000000
202501	0012685822	0001421993	8500.000000	152915.0000000000000000
202501	0012686016	0001424349	100000.000000	1149000.0000000000000000
202501	0012688850	0001428098	13900.000000	548911.0000000000000000
202501	0012689173	0001423371	40200.000000	924198.0000000000000000
202501	0012692078	0001423816	10000.000000	284900.0000000000000000
202501	0012693623	0001423821	80000.000000	1199200.0000000000000000
202501	0012695342	0001421704	58500.000000	1081665.0000000000000000
202501	0012696514	0001422736	56500.000000	677435.0000000000000000
202501	0012700297	0001423885	33100.000000	645119.0000000000000000
202501	0012702371	0001423283	4400.000000	151756.0000000000000000
202501	0012704616	0001421786	10960.000000	269616.0000000000000000
202501	0012708445	0001424873	16400.000000	385236.0000000000000000
202501	0012709414	0001426210	85000.000000	1189150.0000000000000000
202501	0012709939	0001421428	4000.000000	93960.0000000000000000
202501	0012710582	0001425547	63000.000000	629370.0000000000000000
202501	0012711466	0001420496	14000.000000	524860.0000000000000000
202501	0012713006	0001421899	3373.000000	128140.2700000000000000
202501	0012716008	0001419673	35000.000000	647150.0000000000000000
202501	0012716669	0001423603	80000.000000	959200.0000000000000000
202501	0012717133	0001427979	10000.000000	209900.0000000000000000
202501	0012718500	0001422748	31252.000000	468467.4800000000000000
202501	0012719471	0001425488	62293.000000	622307.0700000000000000
202501	0012720435	0001423733	21400.000000	310086.0000000000000000
202501	0012721820	0001425905	16100.000000	273539.0000000000000000
202501	0012722163	0001422455	32000.000000	831680.0000000000000000
202501	0012723376	0001426014	13900.000000	284811.0000000000000000
202501	0012723882	0001421695	12954.000000	395097.0000000000000000
202501	0012725614	0001421752	45523.000000	523059.2700000000000000
202501	0012725990	0001422873	4000.000000	137960.0000000000000000
202501	0012728640	0001426665	40800.000000	529992.0000000000000000
202501	0012729194	0001423915	8200.000000	163918.0000000000000000
202501	0012729777	0001420373	18900.000000	464940.0000000000000000
202501	0012731538	0001419350	22600.000000	496974.0000000000000000
202501	0012733263	0001419976	35000.000000	524650.0000000000000000
202501	0012733651	0001427515	179648.000000	1615035.5200000000000000
202501	0012734758	0001423687	6000.000000	203940.0000000000000000
202501	0012736012	0001422174	130577.000000	1435041.2300000000000000
202501	0012736071	0001427188	17854.000000	446171.4600000000000000
202501	0012736654	0001426843	14000.000000	496860.0000000000000000
202501	0012737484	0001418806	10000.000000	184900.0000000000000000
202501	0012738945	0001428001	10000.000000	119900.0000000000000000
202501	0012740123	0001419274	76900.000000	1229631.0000000000000000
202501	0012742631	0001423079	67020.000000	736549.8000000000000000
202501	0012743350	0001424548	6500.000000	136435.0000000000000000
202501	0012744213	0001424173	2000.000000	26980.0000000000000000
202501	0012749678	0001422449	10000.000000	364900.0000000000000000
202501	0012752054	0001420268	25200.000000	465948.0000000000000000
202501	0012756565	0001421582	17700.000000	415773.0000000000000000
202501	0012756844	0001424633	2000.000000	46980.0000000000000000
202501	0012757767	0001423740	47055.000000	423024.4500000000000000
202501	0012758471	0001418832	35145.000000	526823.5500000000000000
202501	0012759048	0001424418	18954.000000	663200.4600000000000000
202501	0012759142	0001419927	46087.000000	529539.6300000000000000
202501	0012759539	0001420555	7300.000000	211627.0000000000000000
202501	0012761529	0001427144	3000.000000	137970.0000000000000000
202501	0012762598	0001425505	20145.000000	251611.0500000000000000
202501	0012762655	0001426274	5000.000000	87450.0000000000000000
202501	0012766490	0001428026	15200.000000	373920.0000000000000000
202501	0012767334	0001421105	28000.000000	419720.0000000000000000
202501	0012768136	0001424006	11000.000000	362890.0000000000000000
202501	0012772186	0001422156	100000.000000	849000.0000000000000000
202501	0012774581	0001427689	5000.000000	104950.0000000000000000
202501	0012774822	0001420524	15000.000000	374850.0000000000000000
202501	0012776452	0001426304	91795.000000	1651392.0500000000000000
202501	0012780385	0001426464	5000.000000	102450.0000000000000000
202501	0012782249	0001425669	10500.000000	383145.0000000000000000
202501	0012783945	0001424852	34100.000000	749859.0000000000000000
202501	0012784169	0001419004	6500.000000	188435.0000000000000000
202501	0012784239	0001422952	14700.000000	360003.0000000000000000
202501	0012785993	0001423602	50000.000000	1724500.0000000000000000
202501	0012795446	0001425579	31700.000000	491033.0000000000000000
202501	0012795867	0001424393	2000.000000	55980.0000000000000000
202501	0012796764	0001427139	27400.000000	725826.0000000000000000
202501	0012797138	0001425327	1000.000000	16990.0000000000000000
202501	0012797792	0001419381	42500.000000	1040825.0000000000000000
202501	0012799524	0001428074	47494.000000	1044393.0600000000000000
202501	0012801750	0001425484	3000.000000	80970.0000000000000000
202501	0012803316	0001425805	41300.000000	701687.0000000000000000
202501	0012808838	0001419860	42700.000000	1237873.0000000000000000
202501	0012809133	0001420647	13100.000000	281519.0000000000000000
202501	0012810081	0001425716	4000.000000	133960.0000000000000000
202501	0012812653	0001419869	16500.000000	478335.0000000000000000
202501	0012812984	0001423243	14400.000000	266256.0000000000000000
202501	0012813713	0001426856	10000.000000	329900.0000000000000000
202501	0012816341	0001421108	41900.000000	1109931.0000000000000000
202501	0012816481	0001427939	30454.000000	806726.4600000000000000
202501	0012816574	0001424621	20000.000000	389800.0000000000000000
202501	0012818247	0001423736	1000.000000	36490.0000000000000000
202501	0012818691	0001425963	15000.000000	284850.0000000000000000
202501	0012819583	0001424617	21200.000000	296588.0000000000000000
202501	0012823779	0001427370	120000.000000	1558800.0000000000000000
202501	0012832402	0001426063	69000.000000	1275810.0000000000000000
202501	0012835631	0001424210	105000.000000	943950.0000000000000000
202501	0012837010	0001427275	5400.000000	148446.0000000000000000
202501	0012837399	0001419777	7900.000000	161871.0000000000000000
202501	0012837832	0001419208	26100.000000	782739.0000000000000000
202501	0012838885	0001419001	7000.000000	181930.0000000000000000
202501	0012841612	0001427092	12700.000000	355473.0000000000000000
202501	0012842180	0001426830	22000.000000	527780.0000000000000000
202501	0012846774	0001419262	7400.000000	266326.0000000000000000
202501	0012847589	0001427851	88000.000000	967120.0000000000000000
202501	0012852916	0001426372	69100.000000	1692259.0000000000000000
202501	0012853302	0001418939	21700.000000	281883.0000000000000000
202501	0012853410	0001420874	25400.000000	456946.0000000000000000
202501	0012856585	0001422915	37900.000000	909221.0000000000000000
202501	0012856929	0001425664	10000.000000	489900.0000000000000000
202501	0012857272	0001427946	15000.000000	367350.0000000000000000
202501	0012861526	0001425968	8000.000000	291920.0000000000000000
202501	0012861939	0001419392	10000.000000	304900.0000000000000000
202501	0012862329	0001424389	100000.000000	999000.0000000000000000
202501	0012862398	0001418929	7000.000000	181930.0000000000000000
202501	0012864068	0001427797	5000.000000	172450.0000000000000000
202501	0012864225	0001425611	76475.000000	763985.2500000000000000
202501	0012867758	0001422802	2000.000000	55980.0000000000000000
202501	0012870145	0001425624	3000.000000	58470.0000000000000000
202501	0012870978	0001423559	22800.000000	524172.0000000000000000
202501	0012871336	0001421905	3000.000000	112470.0000000000000000
202501	0012876096	0001421326	27954.000000	687668.4000000000000000
202501	0012876810	0001421154	35028.000000	490041.7200000000000000
202501	0012877246	0001422818	6500.000000	113685.0000000000000000
202501	0012878566	0001426975	3000.000000	71970.0000000000000000
202501	0012881163	0001420094	4500.000000	128205.0000000000000000
202501	0012882149	0001424802	20000.000000	559800.0000000000000000
202501	0012886411	0001425896	18800.000000	366412.0000000000000000
202501	0012886511	0001423630	34930.000000	401345.7000000000000000
202501	0012887356	0001421139	50892.000000	788317.0800000000000000
202501	0012887745	0001420607	29800.000000	863902.0000000000000000
202501	0012887844	0001419399	15000.000000	397350.0000000000000000
202501	0012888522	0001427380	60000.000000	629400.0000000000000000
202501	0012889492	0001426456	9400.000000	516906.0000000000000000
202501	0012889497	0001426842	1000.000000	18490.0000000000000000
202501	0012890566	0001426824	26900.000000	497381.0000000000000000
202501	0012890754	0001425244	30000.000000	419700.0000000000000000
202501	0012891166	0001425997	24991.000000	487074.5900000000000000
202501	0012891860	0001427158	4500.000000	254205.0000000000000000
202501	0012899155	0001423251	3000.000000	83970.0000000000000000
202501	0012900170	0001419339	75600.000000	2040444.0000000000000000
202501	0012901687	0001425227	59500.000000	832405.0000000000000000
202501	0012903519	0001427018	25000.000000	399750.0000000000000000
202501	0012906053	0001425704	37400.000000	878526.0000000000000000
202501	0012906226	0001422506	18000.000000	386820.0000000000000000
202501	0012909422	0001424029	24900.000000	423051.0000000000000000
202501	0012912554	0001420783	14073.000000	203917.7700000000000000
202501	0012913289	0001421261	75000.000000	1086750.0000000000000000
202501	0012913793	0001421588	20000.000000	749800.0000000000000000
202501	0012914106	0001418885	21670.000000	812408.3000000000000000
202501	0012915464	0001424934	2000.000000	33980.0000000000000000
202501	0012916139	0001418838	10000.000000	89900.0000000000000000
202501	0012918129	0001423712	33140.000000	960728.6000000000000000
202501	0012918224	0001426858	3700.000000	98013.0000000000000000
202501	0012919964	0001420866	6500.000000	120185.0000000000000000
202501	0012920698	0001424724	40000.000000	899600.0000000000000000
202501	0012922722	0001420501	3000.000000	113970.0000000000000000
202501	0012923683	0001425573	100000.000000	999000.0000000000000000
202501	0012931086	0001423729	37000.000000	1239130.0000000000000000
202501	0012931925	0001426256	25000.000000	587250.0000000000000000
202501	0012933466	0001419646	39000.000000	818610.0000000000000000
202501	0012934553	0001426445	25369.000000	494441.8100000000000000
202501	0012935017	0001421725	45900.000000	1192941.0000000000000000
202501	0012936205	0001426059	50800.000000	761492.0000000000000000
202501	0012942292	0001421890	25000.000000	587250.0000000000000000
202501	0012942386	0001426100	119100.000000	1070709.0000000000000000
202501	0012944652	0001420571	14000.000000	405860.0000000000000000
202501	0012945505	0001421302	34500.000000	620655.0000000000000000
202501	0012950333	0001427619	3000.000000	47970.0000000000000000
202501	0012951525	0001424927	29023.000000	551146.7700000000000000
202501	0012953187	0001425209	51000.000000	840990.0000000000000000
202501	0012953205	0001426781	7500.000000	112425.0000000000000000
202501	0012953576	0001422998	12700.000000	241173.0000000000000000
202501	0012954790	0001427509	11800.000000	290280.0000000000000000
202501	0012957380	0001421259	44000.000000	1192400.0000000000000000
202501	0012959311	0001422142	5110.000000	140473.9000000000000000
202501	0012960247	0001418890	14577.000000	225797.7300000000000000
202501	0012960565	0001420133	56577.000000	791512.2300000000000000
202501	0012961951	0001424902	100000.000000	1000000.0000000000000000
202501	0012963601	0001423046	25000.000000	512250.0000000000000000
202501	0012964591	0001420171	18700.000000	383163.0000000000000000
202501	0012965361	0001419895	60900.000000	1034691.0000000000000000
202501	0012965763	0001422666	5000.000000	137450.0000000000000000
202501	0012967463	0001419610	8000.000000	243920.0000000000000000
202501	0012967477	0001421169	2000.000000	61980.0000000000000000
202501	0012967970	0001423995	3500.000000	73465.0000000000000000
202501	0012972895	0001424656	6000.000000	191940.0000000000000000
202501	0012974096	0001419341	7200.000000	208728.0000000000000000
202501	0012975691	0001425160	24100.000000	650459.0000000000000000
202501	0012979771	0001421221	4000.000000	103960.0000000000000000
202501	0012980423	0001428048	40000.000000	1159600.0000000000000000
202501	0012980721	0001426517	5000.000000	69950.0000000000000000
202501	0012981508	0001426726	3000.000000	68970.0000000000000000
202501	0012983026	0001419641	56840.000000	795191.6000000000000000
202501	0012984994	0001426720	100000.000000	2599000.0000000000000000
202501	0012985345	0001420441	128100.000000	2496669.0000000000000000
202501	0012986020	0001418965	13069.000000	287387.3100000000000000
202501	0012989765	0001423901	31100.000000	481739.0000000000000000
202501	0012989856	0001426877	5000.000000	157450.0000000000000000
202501	0012990972	0001426912	58000.000000	1014420.0000000000000000
202501	0012992921	0001419275	30083.000000	481027.1700000000000000
202501	0012996393	0001425569	110000.000000	1098900.0000000000000000
202501	0012996980	0001421289	80285.000000	922474.6500000000000000
202501	0012997403	0001421142	26160.000000	758378.4000000000000000
202501	0013002005	0001419736	1000.000000	28990.0000000000000000
202501	0013002098	0001427536	26000.000000	246740.0000000000000000
202501	0013003724	0001425568	57500.000000	545675.0000000000000000
202501	0013005650	0001420727	18700.000000	256938.0000000000000000
202501	0013005818	0001426654	3000.000000	83970.0000000000000000
202501	0013006812	0001418901	18000.000000	368820.0000000000000000
202501	0013007096	0001425904	17300.000000	425580.0000000000000000
202501	0013011665	0001427924	97500.000000	1705275.0000000000000000
202501	0013012287	0001421314	58800.000000	1057812.0000000000000000
202501	0013013377	0001419741	4000.000000	93960.0000000000000000
202501	0013014773	0001422324	8000.000000	175920.0000000000000000
202501	0013017287	0001419015	5167.000000	74869.8300000000000000
202501	0013018001	0001426036	18100.000000	778119.0000000000000000
202501	0013018358	0001419310	2500.000000	43725.0000000000000000
202501	0013019388	0001423492	76276.000000	838273.2400000000000000
202501	0013022860	0001422747	13900.000000	528061.0000000000000000
202501	0013023999	0001424312	61900.000000	865981.0000000000000000
202501	0013026892	0001419877	70000.000000	1364300.0000000000000000
202501	0013027119	0001419779	15000.000000	434850.0000000000000000
202501	0013027648	0001427046	14700.000000	433503.0000000000000000
202501	0013028667	0001418820	50000.000000	1674500.0000000000000000
202501	0013030447	0001423922	12000.000000	299880.0000000000000000
202501	0013031080	0001421740	47054.000000	1152352.4600000000000000
202501	0013034801	0001426991	17500.000000	507325.0000000000000000
202501	0013037701	0001427683	25100.000000	426449.0000000000000000
202501	0013040074	0001427307	7800.000000	179322.0000000000000000
202501	0013040876	0001425552	93152.000000	1070316.4800000000000000
202501	0013041045	0001423123	5000.000000	144950.0000000000000000
202501	0013042923	0001420714	10000.000000	289900.0000000000000000
202501	0013043124	0001418793	5000.000000	149950.0000000000000000
202501	0013043306	0001426794	26000.000000	480740.0000000000000000
202501	0013044937	0001418870	4000.000000	115960.0000000000000000
202501	0013045665	0001427448	3000.000000	70470.0000000000000000
202501	0013047601	0001424738	60800.000000	607392.0000000000000000
202501	0013047645	0001427253	100000.000000	1299000.0000000000000000
202501	0013048718	0001427842	17500.000000	393575.0000000000000000
202501	0013050264	0001423179	70000.000000	1994300.0000000000000000
202501	0013053241	0001427434	28087.000000	364850.1300000000000000
202501	0013055076	0001425157	10000.000000	174900.0000000000000000
202501	0013056004	0001418996	17600.000000	325424.0000000000000000
202501	0013056076	0001421490	5500.000000	167695.0000000000000000
202501	0013059271	0001424026	23000.000000	356270.0000000000000000
202501	0013062671	0001421737	35000.000000	440650.0000000000000000
202501	0013063132	0001422294	10000.000000	329900.0000000000000000
202501	0013064713	0001420031	50000.000000	449500.0000000000000000
202501	0013065190	0001423742	100000.000000	1799000.0000000000000000
202501	0013066109	0001423197	19300.000000	443707.0000000000000000
202501	0013068002	0001424191	21000.000000	314790.0000000000000000
202501	0013070195	0001418881	41940.000000	1031724.0000000000000000
202501	0013070952	0001420397	7500.000000	217425.0000000000000000
202501	0013072627	0001419033	21410.000000	385165.9000000000000000
202501	0013072955	0001426561	200000.000000	1998000.0000000000000000
202501	0013074385	0001424143	5000.000000	182450.0000000000000000
202501	0013075392	0001426427	12700.000000	533273.0000000000000000
202501	0013078169	0001420064	15000.000000	434850.0000000000000000
202501	0013079855	0001423693	16470.000000	568050.3000000000000000
202501	0013080310	0001422263	10752.000000	247188.4800000000000000
202501	0013081064	0001419143	5500.000000	159445.0000000000000000
202501	0013085619	0001423526	70200.000000	1157598.0000000000000000
202501	0013089840	0001423929	20000.000000	539800.0000000000000000
202501	0013090566	0001423266	63900.000000	1277361.0000000000000000
202501	0013090970	0001421307	18400.000000	358616.0000000000000000
202501	0013092065	0001425683	26000.000000	493740.0000000000000000
202501	0013092407	0001423217	27000.000000	809730.0000000000000000
202501	0013097142	0001427761	20369.000000	549759.3100000000000000
202501	0013098037	0001419981	11400.000000	222186.0000000000000000
202501	0013099078	0001423290	5700.000000	159543.0000000000000000
202501	0013100322	0001424691	21000.000000	472290.0000000000000000
202501	0013101925	0001424759	9000.000000	197910.0000000000000000
202501	0013102025	0001426078	5000.000000	79950.0000000000000000
202501	0013103151	0001426408	5000.000000	189950.0000000000000000
202501	0013103201	0001422958	61000.000000	700890.0000000000000000
202501	0013104325	0001424158	16500.000000	387585.0000000000000000
202501	0013104530	0001426291	40000.000000	1339600.0000000000000000
202501	0013105959	0001424352	5000.000000	107450.0000000000000000
202501	0013111722	0001426955	1200.000000	16188.0000000000000000
202501	0013112122	0001419360	14500.000000	340605.0000000000000000
202501	0013116091	0001426900	5200.000000	194948.0000000000000000
202501	0013120215	0001426854	21600.000000	658800.0000000000000000
202501	0013121318	0001425924	65200.000000	781748.0000000000000000
202501	0013121439	0001424139	100000.000000	1199000.0000000000000000
202501	0013121959	0001426796	9000.000000	220410.0000000000000000
202501	0013122318	0001423363	3000.000000	64470.0000000000000000
202501	0013122709	0001426852	1500.000000	39735.0000000000000000
202501	0013124207	0001427530	46000.000000	988540.0000000000000000
202501	0013127617	0001425369	55600.000000	777844.0000000000000000
202501	0013128304	0001424146	20000.000000	429800.0000000000000000
202501	0013128950	0001421964	24000.000000	371760.0000000000000000
202501	0013130056	0001424604	40000.000000	559600.0000000000000000
202501	0013132940	0001427305	7000.000000	171430.0000000000000000
202501	0013133188	0001426370	1000.000000	23490.0000000000000000
202501	0013133252	0001419799	2640.000000	44853.6000000000000000
202501	0013136337	0001419423	20000.000000	489800.0000000000000000
202501	0013140757	0001424171	31990.000000	623485.1000000000000000
202501	0013141224	0001420635	17000.000000	348330.0000000000000000
202501	0013142602	0001428054	17000.000000	288830.0000000000000000
202501	0013143393	0001420638	100000.000000	1299000.0000000000000000
202501	0013143979	0001427607	3500.000000	99715.0000000000000000
202501	0013144205	0001426792	16100.000000	396060.0000000000000000
202501	0013144966	0001424700	39500.000000	473605.0000000000000000
202501	0013145065	0001428038	2000.000000	73980.0000000000000000
202501	0013145314	0001427985	5000.000000	107450.0000000000000000
202501	0013147639	0001424828	12000.000000	263880.0000000000000000
202501	0013149085	0001422402	26800.000000	468732.0000000000000000
202501	0013149471	0001420042	32879.000000	377779.7100000000000000
202501	0013151063	0001420069	3000.000000	88470.0000000000000000
202501	0013151528	0001423926	10000.000000	184900.0000000000000000
202501	0013151817	0001428130	18800.000000	554412.0000000000000000
202501	0013151949	0001424897	17000.000000	186830.0000000000000000
202501	0013153194	0001427890	119000.000000	1307810.0000000000000000
202501	0013153599	0001420937	180200.000000	1783980.0000000000000000
202501	0013154039	0001424449	12800.000000	294272.0000000000000000
202501	0013154387	0001420916	25000.000000	724750.0000000000000000
202501	0013154788	0001427282	110000.000000	2123000.0000000000000000
202501	0013155081	0001422376	5000.000000	169950.0000000000000000
202501	0013155252	0001423191	41000.000000	1024590.0000000000000000
202501	0013156045	0001427958	60800.000000	1306592.0000000000000000
202501	0013156322	0001425792	32200.000000	482678.0000000000000000
202501	0013156729	0001427654	29000.000000	1246710.0000000000000000
202501	0013158139	0001420659	30000.000000	479700.0000000000000000
202501	0013161612	0001426476	73700.000000	1031063.0000000000000000
202501	0013163701	0001426770	32000.000000	399680.0000000000000000
202501	0013164171	0001426226	6700.000000	113833.0000000000000000
202501	0013168487	0001427554	3000.000000	70470.0000000000000000
202501	0013168895	0001421706	31077.000000	745537.2300000000000000
202501	0013179303	0001422172	13000.000000	350870.0000000000000000
202501	0013181384	0001427114	19900.000000	248551.0000000000000000
202501	0013181409	0001423675	5000.000000	104950.0000000000000000
202501	0013182375	0001421299	12300.000000	196677.0000000000000000
202501	0013183591	0001420785	133800.000000	1202862.0000000000000000
202501	0013185112	0001424748	26960.000000	687210.4000000000000000
202501	0013189583	0001422764	4000.000000	95960.0000000000000000
202501	0013190085	0001421589	28600.000000	571714.0000000000000000
202501	0013191288	0001426278	4000.000000	133960.0000000000000000
202501	0013192183	0001425880	92911.000000	1021091.8900000000000000
202501	0013193456	0001421404	11500.000000	321885.0000000000000000
202501	0013196139	0001425632	10000.000000	214900.0000000000000000
202501	0013196617	0001421109	3000.000000	104970.0000000000000000
202501	0013200193	0001428046	2500.000000	79975.0000000000000000
202501	0013203085	0001426813	7500.000000	134925.0000000000000000
202501	0013203567	0001421481	16700.000000	434033.0000000000000000
202501	0013204664	0001426755	2000.000000	51980.0000000000000000
202501	0013206272	0001423913	35800.000000	930442.0000000000000000
202501	0013207221	0001423032	41400.000000	1055286.0000000000000000
202501	0013209890	0001420032	70000.000000	629300.0000000000000000
202501	0013209899	0001425720	57118.000000	627726.8200000000000000
202501	0013211007	0001427610	6500.000000	110435.0000000000000000
202501	0013211774	0001424714	12000.000000	365880.0000000000000000
202501	0013213743	0001423594	5500.000000	145695.0000000000000000
202501	0013215271	0001423348	10000.000000	329900.0000000000000000
202501	0013219312	0001426647	13000.000000	324870.0000000000000000
202501	0013222205	0001426269	4830.000000	123116.7000000000000000
202501	0013223378	0001425229	6000.000000	293940.0000000000000000
202501	0013223621	0001423093	120000.000000	1138800.0000000000000000
202501	0013224134	0001423606	34600.000000	795454.0000000000000000
202501	0013224922	0001424141	2500.000000	47475.0000000000000000
202501	0013225365	0001427501	62400.000000	716976.0000000000000000
202501	0013228355	0001424900	6000.000000	95940.0000000000000000
202501	0013228459	0001427153	58300.000000	844767.0000000000000000
202501	0013230752	0001425297	85000.000000	849150.0000000000000000
202501	0013233214	0001427330	13200.000000	349668.0000000000000000
202501	0013237493	0001426676	107000.000000	1015430.0000000000000000
202501	0013237788	0001419345	11000.000000	313390.0000000000000000
202501	0013237789	0001422674	3500.000000	113715.0000000000000000
202501	0013238793	0001425525	58900.000000	765111.0000000000000000
202501	0013238864	0001419841	25600.000000	742144.0000000000000000
202501	0013239604	0001425606	43400.000000	976066.0000000000000000
202501	0013240667	0001420721	31000.000000	976190.0000000000000000
202501	0013241824	0001419858	10000.000000	204900.0000000000000000
202501	0013242462	0001427995	6000.000000	158940.0000000000000000
202501	0013243559	0001427880	4030.000000	106754.7000000000000000
202501	0013250155	0001426646	14000.000000	237860.0000000000000000
202501	0013251602	0001422868	7199.990000	201599.7200000000000000
202501	0013252416	0001420563	2000.000000	51980.0000000000000000
202501	0013252666	0001424127	9000.000000	161910.0000000000000000
202501	0013259400	0001418876	39700.000000	976620.0000000000000000
202501	0013259612	0001423236	35000.000000	629650.0000000000000000
202501	0013265371	0001419022	7000.000000	265930.0000000000000000
202501	0013270382	0001423005	39890.000000	737566.1000000000000000
202501	0013273525	0001427856	28700.000000	553910.0000000000000000
202501	0013275834	0001419459	4500.000000	89955.0000000000000000
202501	0013275838	0001420651	35000.000000	734650.0000000000000000
202501	0013277775	0001425305	39300.000000	1021407.0000000000000000
202501	0013278224	0001419711	14400.000000	316656.0000000000000000
202501	0013280062	0001424235	50000.000000	1399500.0000000000000000
202501	0013281076	0001422424	38000.000000	1006620.0000000000000000
202501	0013281525	0001418796	30000.000000	449700.0000000000000000
202501	0013282726	0001427709	2500.000000	64975.0000000000000000
202501	0013284664	0001424450	94200.000000	846858.0000000000000000
202501	0013289857	0001427896	10185.000000	234153.1500000000000000
202501	0013290439	0001427757	10600.000000	180094.0000000000000000
202501	0013295152	0001425755	45900.000000	756891.0000000000000000
202501	0013301061	0001425839	88000.000000	967120.0000000000000000
202501	0013301251	0001424701	18400.000000	561016.0000000000000000
202501	0013304290	0001427873	100000.000000	1930000.0000000000000000
202501	0013306379	0001427023	74680.000000	1119453.2000000000000000
202501	0013307212	0001419606	37000.000000	536130.0000000000000000
202501	0013311909	0001424397	29400.000000	528906.0000000000000000
202501	0013312251	0001418921	74600.000000	1155554.0000000000000000
202501	0013312944	0001426070	12730.000000	439057.7000000000000000
202501	0013317118	0001419597	21000.000000	516600.0000000000000000
202501	0013317336	0001425264	19369.000000	251603.3100000000000000
202501	0013318249	0001426215	6300.000000	258237.0000000000000000
202501	0013319421	0001421137	50000.000000	849500.0000000000000000
202501	0013319485	0001422302	30000.000000	644700.0000000000000000
202501	0013320832	0001420028	27900.000000	515871.0000000000000000
202501	0013321033	0001423863	32577.000000	944407.2300000000000000
202501	0013321644	0001423078	74945.000000	1348260.5500000000000000
202501	0013322024	0001424757	30000.000000	584700.0000000000000000
202501	0013322795	0001425353	123500.000000	1604265.0000000000000000
202501	0013322814	0001423254	42000.000000	524580.0000000000000000
202501	0013322967	0001421383	135000.000000	1350000.0000000000000000
202501	0013324604	0001422723	47100.000000	800229.0000000000000000
202501	0013325515	0001424530	9935.310000	138994.9869000000000000
202501	0013325667	0001425519	137000.000000	1368630.0000000000000000
202501	0013326451	0001422757	60000.000000	1019400.0000000000000000
202501	0013329605	0001425273	42234.000000	633087.6600000000000000
202501	0013329806	0001424242	25000.000000	312250.0000000000000000
202501	0013329842	0001418907	26800.000000	763532.0000000000000000
202501	0013330344	0001424933	86400.000000	863136.0000000000000000
202501	0013331034	0001426301	42400.000000	911176.0000000000000000
202501	0013333932	0001425661	7200.000000	165528.0000000000000000
202501	0013337050	0001426103	39000.000000	662610.0000000000000000
202501	0013341440	0001427322	18100.000000	445260.0000000000000000
202501	0013343065	0001421453	100000.000000	1599000.0000000000000000
202501	0013343080	0001420676	5500.000000	164945.0000000000000000
202501	0013343626	0001426035	24300.000000	473607.0000000000000000
202501	0013346154	0001424109	11700.000000	286533.0000000000000000
202501	0013347671	0001425201	90000.000000	1304100.0000000000000000
202501	0013350125	0001419549	5252.000000	139125.4800000000000000
202501	0013351255	0001426192	19000.000000	265810.0000000000000000
202501	0013351284	0001426633	14000.000000	321860.0000000000000000
202501	0013351341	0001422244	25300.000000	278047.0000000000000000
202501	0013353235	0001419648	6000.000000	125940.0000000000000000
202501	0013353794	0001424217	39000.000000	467610.0000000000000000
202501	0013355809	0001420247	16900.000000	253331.0000000000000000
202501	0013360044	0001425864	43200.000000	669168.0000000000000000
202501	0013362103	0001421239	3500.000000	132965.0000000000000000
202501	0013362212	0001427721	5000.000000	92450.0000000000000000
202501	0013363827	0001421772	9200.000000	226320.0000000000000000
202501	0013364512	0001421849	47900.000000	1292821.0000000000000000
202501	0013365444	0001419439	10000.000000	194900.0000000000000000
202501	0013365892	0001423049	43360.000000	541566.4000000000000000
202501	0013367004	0001422276	21200.000000	837188.0000000000000000
202501	0013367826	0001422201	50900.000000	762991.0000000000000000
202501	0013368977	0001422904	14249.000000	156596.5100000000000000
202501	0013369703	0001426590	12000.000000	203880.0000000000000000
202501	0013370374	0001421774	22700.000000	558420.0000000000000000
202501	0013371764	0001422905	33000.000000	824670.0000000000000000
202501	0013374640	0001422458	107500.000000	1073925.0000000000000000
202501	0013375336	0001424183	1000.000000	21990.0000000000000000
202501	0013377005	0001422980	3000.000000	41970.0000000000000000
202501	0013377532	0001425946	38377.000000	805533.2300000000000000
202501	0013377771	0001423767	73800.000000	958662.0000000000000000
202501	0013377855	0001422514	15000.000000	562350.0000000000000000
202501	0013378809	0001424181	6400.000000	195136.0000000000000000
202501	0013379328	0001425679	50000.000000	999500.0000000000000000
202501	0013382934	0001423166	120136.000000	1320294.6400000000000000
202501	0013384150	0001425768	11369.000000	279677.4000000000000000
202501	0013384690	0001426309	3000.000000	73470.0000000000000000
202501	0013385345	0001424541	34300.000000	565607.0000000000000000
202501	0013385463	0001419928	23902.000000	587989.2000000000000000
202501	0013385556	0001424430	30000.000000	869700.0000000000000000
202501	0013388982	0001426355	39500.000000	908105.0000000000000000
202501	0013394507	0001426193	2500.000000	61225.0000000000000000
202501	0013394831	0001427060	17000.000000	399330.0000000000000000
202501	0013395837	0001423261	29725.000000	371265.2500000000000000
202501	0013397334	0001420485	156500.000000	1563435.0000000000000000
202501	0013397924	0001427700	8000.000000	127920.0000000000000000
202501	0013399358	0001423292	40000.000000	1079600.0000000000000000
202501	0013402427	0001422454	21200.000000	561588.0000000000000000
202501	0013405412	0001419231	11200.000000	201488.0000000000000000
202501	0013405518	0001420084	1000.000000	34990.0000000000000000
202501	0013408657	0001421483	20030.000000	280219.7000000000000000
202501	0013408741	0001425902	10000.000000	174900.0000000000000000
202501	0013414633	0001427366	61650.000000	615883.5000000000000000
202501	0013415009	0001426407	10000.000000	169900.0000000000000000
202501	0013418490	0001423366	18600.000000	316014.0000000000000000
202501	0013418863	0001419096	24987.000000	387048.6300000000000000
202501	0013423487	0001423192	40100.000000	621149.0000000000000000
202501	0013424139	0001426733	17000.000000	288830.0000000000000000
202501	0013428496	0001426076	15510.000000	381546.0000000000000000
202501	0013429757	0001423753	15000.000000	172350.0000000000000000
202501	0013432092	0001424558	4000.000000	111960.0000000000000000
202501	0013433206	0001427494	1000.000000	31990.0000000000000000
202501	0013436616	0001419358	50000.000000	1174500.0000000000000000
202501	0013436656	0001423764	47300.000000	519827.0000000000000000
202501	0013438374	0001424332	32000.000000	431680.0000000000000000
202501	0013439013	0001425566	59700.000000	626253.0000000000000000
202501	0013440657	0001420149	12000.000000	311880.0000000000000000
202501	0013441018	0001420049	13169.000000	250079.3100000000000000
202501	0013441138	0001421460	58800.000000	1881012.0000000000000000
202501	0013442715	0001427209	100000.000000	1199000.0000000000000000
202501	0013444124	0001420122	51938.000000	570798.6200000000000000
202501	0013446716	0001427265	117700.000000	1175823.0000000000000000
202501	0013449637	0001425894	31400.000000	517786.0000000000000000
202501	0013451630	0001419830	20940.000000	355770.6000000000000000
202501	0013455565	0001425960	22577.000000	598064.7300000000000000
202501	0013457557	0001419503	6300.000000	185787.0000000000000000
202501	0013460095	0001427870	20000.000000	179800.0000000000000000
202501	0013462672	0001423385	10400.000000	270296.0000000000000000
202501	0013465598	0001427420	62077.000000	930534.2300000000000000
202501	0013467028	0001423998	6900.000000	241431.0000000000000000
202501	0013469869	0001419417	6000.000000	227940.0000000000000000
202501	0013471483	0001425923	90000.000000	899100.0000000000000000
202501	0013472212	0001426617	30310.000000	545276.9000000000000000
202501	0013472899	0001422927	14300.000000	450307.0000000000000000
202501	0013474883	0001422707	16700.000000	408983.0000000000000000
202501	0013476588	0001424675	41000.000000	963090.0000000000000000
202501	0013481224	0001419332	15000.000000	404850.0000000000000000
202501	0013484184	0001421547	49800.000000	721602.0000000000000000
202501	0013484711	0001419541	62400.000000	1372176.0000000000000000
202501	0013486477	0001427439	3000.000000	83970.0000000000000000
202501	0013486682	0001426670	81000.000000	1578690.0000000000000000
202501	0013486780	0001424186	8000.000000	267920.0000000000000000
202501	0013487858	0001419506	11800.000000	342082.0000000000000000
202501	0013490282	0001425660	30000.000000	839700.0000000000000000
202501	0013490477	0001423666	4903.000000	53883.9700000000000000
202501	0013495496	0001420339	25400.000000	634746.0000000000000000
202501	0013495983	0001427127	10000.000000	184900.0000000000000000
202501	0013499081	0001421179	13600.000000	367064.0000000000000000
202501	0013499206	0001424298	30000.000000	734700.0000000000000000
202501	0013501797	0001424798	5000.000000	144950.0000000000000000
202501	0013504071	0001428008	69800.000000	1395302.0000000000000000
202501	0013505576	0001425784	47900.000000	1364671.0000000000000000
202501	0013505656	0001422807	36600.000000	530334.0000000000000000
202501	0013508735	0001420590	20387.000000	264827.1300000000000000
202501	0013508848	0001424613	8800.000000	219912.0000000000000000
202501	0013510641	0001422223	9500.000000	161405.0000000000000000
202501	0013514750	0001423622	3661.000000	65861.3900000000000000
202501	0013516749	0001427734	11640.000000	343263.6000000000000000
202501	0013517379	0001422923	45800.000000	480442.0000000000000000
202501	0013517925	0001428123	33000.000000	775170.0000000000000000
202501	0013520244	0001419840	6000.000000	209940.0000000000000000
202501	0013523918	0001422048	12030.000000	336719.7000000000000000
202501	0013530280	0001422459	22610.000000	508498.9000000000000000
202501	0013530672	0001423775	7000.000000	258930.0000000000000000
202501	0013531201	0001419735	6200.000000	235538.0000000000000000
202501	0013532244	0001425990	4500.000000	96705.0000000000000000
202501	0013532846	0001420506	26030.000000	598429.7000000000000000
202501	0013533412	0001425159	8500.000000	144415.0000000000000000
202501	0013535149	0001425571	5500.000000	203445.0000000000000000
202501	0013537038	0001424304	1000.000000	23490.0000000000000000
202501	0013537708	0001426202	18000.000000	440820.0000000000000000
202501	0013539608	0001427949	64000.000000	1503360.0000000000000000
202501	0013541816	0001420483	2500.000000	73725.0000000000000000
202501	0013542225	0001420863	109954.000000	1813141.4600000000000000
202501	0013544556	0001424651	5000.000000	79950.0000000000000000
202501	0013545792	0001423302	1000.000000	21490.0000000000000000
202501	0013546651	0001425980	15900.000000	341691.0000000000000000
202501	0013546697	0001423225	25890.000000	636894.0000000000000000
202501	0013548896	0001423051	81004.000000	1011739.9600000000000000
202501	0013548975	0001423409	24800.000000	656952.0000000000000000
202501	0013548986	0001425988	31000.000000	635190.0000000000000000
202501	0013550338	0001427922	80000.000000	799200.0000000000000000
202501	0013551451	0001424105	3000.000000	83970.0000000000000000
202501	0013551779	0001423262	13000.000000	259870.0000000000000000
202501	0013551896	0001427641	57900.000000	723171.0000000000000000
202501	0013551948	0001423585	4369.000000	63306.8100000000000000
202501	0013552425	0001427162	75000.000000	1386750.0000000000000000
202501	0013554528	0001418866	38010.000000	664794.9000000000000000
202501	0013555165	0001422956	17000.000000	569330.0000000000000000
202501	0013555461	0001423252	100000.000000	1199000.0000000000000000
202501	0013556198	0001423909	56600.000000	820134.0000000000000000
202501	0013557033	0001427504	22200.000000	321678.0000000000000000
202501	0013558508	0001423258	31600.000000	410484.0000000000000000
202501	0013567601	0001421189	9400.000000	366506.0000000000000000
202501	0013567858	0001419898	15000.000000	427350.0000000000000000
202501	0013568454	0001418797	60000.000000	1439400.0000000000000000
202501	0013570177	0001424252	22700.000000	204073.0000000000000000
202501	0013573325	0001425966	12300.000000	184377.0000000000000000
202501	0013573925	0001427705	3000.000000	92970.0000000000000000
202501	0013574378	0001423683	10252.000000	122921.4800000000000000
202501	0013575143	0001426894	1500.000000	33735.0000000000000000
202501	0013580238	0001421871	3000.000000	89970.0000000000000000
202501	0013580467	0001422042	110000.000000	1089000.0000000000000000
202501	0013580555	0001422981	6000.000000	140940.0000000000000000
202501	0013583372	0001421523	12000.000000	209880.0000000000000000
202501	0013583425	0001426753	20600.000000	401494.0000000000000000
202501	0013585884	0001422078	10000.000000	289900.0000000000000000
202501	0013586462	0001420488	33800.000000	624962.0000000000000000
202501	0013587016	0001419619	31200.000000	767520.0000000000000000
202501	0013589562	0001427640	15000.000000	134850.0000000000000000
202501	0013590201	0001421291	2000.000000	61980.0000000000000000
202501	0013592199	0001420670	26800.000000	562532.0000000000000000
202501	0013593771	0001419851	21250.000000	562912.5000000000000000
202501	0013596362	0001427822	31852.000000	748203.4800000000000000
202501	0013596702	0001422983	15354.000000	268541.4600000000000000
202501	0013597406	0001425925	100000.000000	1699000.0000000000000000
202501	0013597637	0001428078	13700.000000	383463.0000000000000000
202501	0013600539	0001426250	5707.000000	108375.9300000000000000
202501	0013600681	0001426402	11300.000000	191987.0000000000000000
202501	0013601595	0001422425	5669.000000	133164.8100000000000000
202501	0013602521	0001424255	25000.000000	615000.0000000000000000
202501	0013606898	0001423969	20185.000000	433775.6500000000000000
202501	0013607482	0001422965	6600.000000	89034.0000000000000000
202501	0013609978	0001425503	26700.000000	453633.0000000000000000
202501	0013612052	0001427754	28800.000000	316512.0000000000000000
202501	0013612934	0001421860	4250.000000	74332.5000000000000000
202501	0013613035	0001425510	45000.000000	1034550.0000000000000000
202501	0013613869	0001421831	3000.000000	89970.0000000000000000
202501	0013614587	0001423663	110000.000000	1098900.0000000000000000
202501	0013616764	0001425817	31100.000000	714989.0000000000000000
202501	0013620474	0001422116	3500.000000	118965.0000000000000000
202501	0013621716	0001426758	12000.000000	293880.0000000000000000
202501	0013621872	0001426326	8500.000000	191165.0000000000000000
202501	0013622083	0001424325	25429.000000	381180.7100000000000000
202501	0013622627	0001421212	7400.000000	136826.0000000000000000
202501	0013623406	0001426229	85300.000000	1449247.0000000000000000
202501	0013624035	0001423570	12300.000000	208977.0000000000000000
202501	0013625207	0001422820	19200.000000	472320.0000000000000000
202501	0013628393	0001427247	39200.000000	881608.0000000000000000
202501	0013630491	0001422990	64100.000000	960859.0000000000000000
202501	0013631027	0001424042	12500.000000	449875.0000000000000000
202501	0013631462	0001427089	18269.000000	557204.5000000000000000
202501	0013631965	0001427733	7000.000000	185430.0000000000000000
202501	0013632034	0001424710	25500.000000	777495.0000000000000000
202501	0013633051	0001426232	8700.000000	287013.0000000000000000
202501	0013634400	0001419847	7000.000000	188930.0000000000000000
202501	0013634776	0001424425	7900.000000	221121.0000000000000000
202501	0013634941	0001425493	84454.000000	843695.4600000000000000
202501	0013638044	0001426615	11600.000000	285360.0000000000000000
202501	0013638490	0001424728	20300.000000	385497.0000000000000000
202501	0013638528	0001421089	27800.000000	833722.0000000000000000
202501	0013639601	0001423705	14000.000000	377860.0000000000000000
202501	0013641270	0001426639	118716.000000	1067256.8400000000000000
202501	0013642643	0001427531	48577.000000	1189650.7300000000000000
202501	0013642771	0001423037	8000.000000	139920.0000000000000000
202501	0013642787	0001424487	5000.000000	109950.0000000000000000
202501	0013643535	0001425383	60000.000000	660000.0000000000000000
202501	0013644344	0001419340	4500.000000	110205.0000000000000000
202501	0013645647	0001425931	6500.000000	162435.0000000000000000
202501	0013645661	0001420260	21600.000000	626184.0000000000000000
202501	0013646292	0001426772	90000.000000	809100.0000000000000000
202501	0013648354	0001424157	5000.000000	84950.0000000000000000
202501	0013648683	0001427878	1000.000000	24490.0000000000000000
202501	0013648686	0001424892	35100.000000	578799.0000000000000000
202501	0013651506	0001419260	11200.000000	173488.0000000000000000
202501	0013652271	0001422862	5000.000000	147450.0000000000000000
202501	0013654775	0001426878	39700.000000	1329553.0000000000000000
202501	0013655425	0001421102	15000.000000	232350.0000000000000000
202501	0013655876	0001420210	40252.000000	724133.4800000000000000
202501	0013656528	0001427657	4000.000000	67960.0000000000000000
202501	0013659446	0001427030	18000.000000	350820.0000000000000000
202501	0013660865	0001419389	12800.000000	230272.0000000000000000
202501	0013663434	0001427780	4000.000000	127960.0000000000000000
202501	0013663882	0001421733	15000.000000	179850.0000000000000000
202501	0013666646	0001425341	34100.000000	340659.0000000000000000
202501	0013668900	0001422279	11600.000000	568284.0000000000000000
202501	0013671057	0001419296	31000.000000	836690.0000000000000000
202501	0013672170	0001423858	110000.000000	1098900.0000000000000000
202501	0013673077	0001426253	17100.000000	452979.0000000000000000
202501	0013674521	0001423412	11785.000000	394679.6500000000000000
202501	0013676203	0001426198	5500.000000	173195.0000000000000000
202501	0013680871	0001423102	37588.000000	413092.1200000000000000
202501	0013684542	0001422360	85000.000000	1019150.0000000000000000
202501	0013685655	0001428104	42700.000000	1536773.0000000000000000
202501	0013689949	0001424684	22000.000000	329780.0000000000000000
202501	0013692651	0001425737	90000.000000	809100.0000000000000000
202501	0013692784	0001425951	30000.000000	524700.0000000000000000
202501	0013696184	0001424087	46100.000000	944589.0000000000000000
202501	0013696852	0001418935	12600.000000	352674.0000000000000000
202501	0013697706	0001427334	53131.000000	583909.6900000000000000
202501	0013701418	0001419496	21000.000000	629790.0000000000000000
202501	0013706487	0001427362	6500.000000	168935.0000000000000000
202501	0013706674	0001422229	49900.000000	1147201.0000000000000000
202501	0013706830	0001421952	23185.000000	533023.1500000000000000
202501	0013707676	0001428081	44600.000000	713154.0000000000000000
202501	0013708346	0001421283	21000.000000	516600.0000000000000000
202501	0013708759	0001424650	5200.000000	254748.0000000000000000
202501	0013709840	0001421619	188700.000000	1885113.0000000000000000
202501	0013710389	0001426689	10100.000000	302899.0000000000000000
202501	0013717772	0001425565	10000.000000	119900.0000000000000000
202501	0013718639	0001424168	39400.000000	1122506.0000000000000000
202501	0013720338	0001424280	6600.000000	141834.0000000000000000
202501	0013725157	0001420502	6300.000000	308637.0000000000000000
202501	0013725170	0001420127	20000.000000	449800.0000000000000000
202501	0013726692	0001423044	80300.000000	922647.0000000000000000
202501	0013726766	0001427394	38570.000000	346744.3000000000000000
202501	0013730216	0001426526	3100.000000	108469.0000000000000000
202501	0013730309	0001423181	16640.000000	282713.6000000000000000
202501	0013731018	0001421868	30000.000000	569700.0000000000000000
202501	0013734619	0001422139	46588.000000	512002.1200000000000000
202501	0013735679	0001424924	15000.000000	329850.0000000000000000
202501	0013739918	0001420486	88000.000000	2111120.0000000000000000
202501	0013740663	0001423887	7000.000000	108430.0000000000000000
202501	0013741057	0001428035	14000.000000	370860.0000000000000000
202501	0013741663	0001419429	7500.000000	266175.0000000000000000
202501	0013742419	0001421887	3500.000000	125965.0000000000000000
202501	0013743746	0001423939	20000.000000	469800.0000000000000000
202501	0013746049	0001419426	9600.000000	153504.0000000000000000
202501	0013746689	0001423744	1000.000000	13990.0000000000000000
202501	0013746845	0001418879	36700.000000	329933.0000000000000000
202501	0013757863	0001422634	24200.000000	399058.0000000000000000
202501	0013757955	0001422731	40000.000000	399600.0000000000000000
202501	0013760139	0001419421	40000.000000	699600.0000000000000000
202501	0013761301	0001420755	5500.000000	159445.0000000000000000
202501	0013762901	0001425634	9530.000000	234438.0000000000000000
202501	0013763476	0001426377	89200.000000	1381708.0000000000000000
202501	0013766021	0001419299	24240.000000	596304.0000000000000000
202501	0013770229	0001420907	79400.000000	794000.0000000000000000
202501	0013771459	0001426449	8000.000000	179920.0000000000000000
202501	0013772441	0001423552	20000.000000	239800.0000000000000000
202501	0013772551	0001424047	82800.000000	1241172.0000000000000000
202501	0013774213	0001425764	45400.000000	907546.0000000000000000
202501	0013774274	0001426616	34080.000000	902779.2000000000000000
202501	0013776179	0001424107	6200.000000	164238.0000000000000000
202501	0013776662	0001421953	10500.000000	314895.0000000000000000
202501	0013776874	0001422147	50000.000000	1674500.0000000000000000
202501	0013777184	0001419035	20300.000000	720447.0000000000000000
202501	0013778265	0001423931	33607.000000	503768.9300000000000000
202501	0013779907	0001421425	10000.000000	289900.0000000000000000
202501	0013780381	0001419075	100000.000000	2460000.0000000000000000
202501	0013781608	0001425322	1000.000000	16990.0000000000000000
202501	0013784662	0001426104	25360.000000	532306.4000000000000000
202501	0013785076	0001425633	29900.000000	777101.0000000000000000
202501	0013785352	0001418833	17000.000000	152830.0000000000000000
202501	0013785599	0001424760	12000.000000	203880.0000000000000000
202501	0013786179	0001425274	50000.000000	774500.0000000000000000
202501	0013791390	0001419449	3800.000000	106362.0000000000000000
202501	0013791575	0001426443	13000.000000	344370.0000000000000000
202501	0013793374	0001422430	5000.000000	62450.0000000000000000
202501	0013797943	0001426194	6500.000000	139685.0000000000000000
202501	0013797964	0001420851	18369.000000	385565.3100000000000000
202501	0013799712	0001424301	7500.000000	127425.0000000000000000
202501	0013800070	0001426498	24500.000000	440755.0000000000000000
202501	0013800228	0001427564	31200.000000	701688.0000000000000000
202501	0013800289	0001424629	8500.000000	169915.0000000000000000
202501	0013800676	0001422769	31000.000000	495690.0000000000000000
202501	0013801482	0001425787	32100.000000	481179.0000000000000000
202501	0013801859	0001420371	26300.000000	788737.0000000000000000
202501	0013804341	0001426956	8500.000000	225165.0000000000000000
202501	0013806222	0001424350	5400.000000	178146.0000000000000000
202501	0013811178	0001426821	14000.000000	244860.0000000000000000
202501	0013812855	0001422760	19690.000000	531433.1000000000000000
202501	0013814037	0001425730	36100.000000	757739.0000000000000000
202501	0013814824	0001426541	10000.000000	189900.0000000000000000
202501	0013815669	0001419283	20500.000000	368795.0000000000000000
202501	0013815736	0001418818	27100.000000	595929.0000000000000000
202501	0013817583	0001424410	3000.000000	65970.0000000000000000
202501	0013817694	0001427431	10000.000000	174900.0000000000000000
202501	0013817987	0001420845	9969.000000	373737.8100000000000000
202501	0013818812	0001427840	51000.000000	1350990.0000000000000000
202501	0013822768	0001421497	58300.000000	1252867.0000000000000000
202501	0013830157	0001424805	25000.000000	499750.0000000000000000
202501	0013832833	0001426756	25700.000000	423793.0000000000000000
202501	0013834006	0001424930	68577.000000	1062257.7300000000000000
202501	0013834979	0001427883	28000.000000	279720.0000000000000000
202501	0013838578	0001423755	10000.000000	159900.0000000000000000
202501	0013838648	0001423653	8000.000000	111920.0000000000000000
202501	0013840004	0001424553	1500.000000	36735.0000000000000000
202501	0013842655	0001426356	14100.000000	303009.0000000000000000
202501	0013843508	0001424152	15000.000000	232350.0000000000000000
202501	0013844535	0001418798	22050.000000	617179.5000000000000000
202501	0013844959	0001421094	5000.000000	77450.0000000000000000
202501	0013845679	0001421721	5000.000000	87450.0000000000000000
202501	0013848281	0001422911	15000.000000	404850.0000000000000000
202501	0013852920	0001425427	12685.000000	374080.6500000000000000
202501	0013855012	0001419488	10200.000000	285498.0000000000000000
202501	0013856229	0001423669	15000.000000	307350.0000000000000000
202501	0013860434	0001419120	35289.000000	405470.6100000000000000
202501	0013860954	0001422855	54369.000000	1413050.3100000000000000
202501	0013862143	0001420321	82300.000000	1112696.0000000000000000
202501	0013863486	0001427079	59800.000000	776802.0000000000000000
202501	0013866547	0001427200	2000.000000	33980.0000000000000000
202501	0013867851	0001421368	19100.000000	469860.0000000000000000
202501	0013868127	0001427521	15000.000000	419850.0000000000000000
202501	0013868735	0001423546	50000.000000	1749500.0000000000000000
202501	0013869078	0001424069	15000.000000	404850.0000000000000000
202501	0013869425	0001423149	22240.000000	547104.0000000000000000
202501	0013870081	0001421244	10000.000000	289900.0000000000000000
202501	0013870611	0001422950	2700.000000	75573.0000000000000000
202501	0013870895	0001423184	6000.000000	197940.0000000000000000
202501	0013871676	0001422850	40000.000000	879600.0000000000000000
202501	0013872765	0001427062	7200.000000	187128.0000000000000000
202501	0013873150	0001427833	8000.000000	135920.0000000000000000
202501	0013876024	0001426723	8730.000000	196337.7000000000000000
202501	0013876191	0001418845	22600.000000	555960.0000000000000000
202501	0013876663	0001427858	51700.000000	904233.0000000000000000
202501	0013877552	0001421440	318800.000000	2706612.0000000000000000
202501	0013885936	0001427732	20100.000000	341499.0000000000000000
202501	0013886081	0001425780	24369.000000	596796.8100000000000000
202501	0013888288	0001426927	21380.000000	448766.2000000000000000
202501	0013888609	0001420798	2500.000000	64975.0000000000000000
202501	0013888978	0001419141	3600.000000	57564.0000000000000000
202501	0013891752	0001420020	10000.000000	289900.0000000000000000
202501	0013892223	0001422334	15900.000000	254241.0000000000000000
202501	0013893478	0001420207	25000.000000	974750.0000000000000000
202501	0013895125	0001419446	12000.000000	335880.0000000000000000
202501	0013895556	0001420369	20952.000000	387402.4800000000000000
202501	0013898167	0001424216	8369.000000	389074.8100000000000000
202501	0013898318	0001423023	1200.000000	24588.0000000000000000
202501	0013898380	0001424024	73200.000000	877668.0000000000000000
202501	0013898512	0001424161	7490.000000	112275.1000000000000000
202501	0013900539	0001427855	34725.000000	312177.7500000000000000
202501	0013903543	0001424941	55000.000000	494450.0000000000000000
202501	0013905097	0001426234	20000.000000	429800.0000000000000000
202501	0013905664	0001419544	33900.000000	1033611.0000000000000000
202501	0013911618	0001421367	95440.000000	1335205.6000000000000000
202501	0013912193	0001426263	36400.000000	691236.0000000000000000
202501	0013913147	0001426219	12500.000000	199875.0000000000000000
202501	0013913325	0001427919	90000.000000	989100.0000000000000000
202501	0013913798	0001418827	5600.000000	162344.0000000000000000
202501	0013915188	0001427303	4800.000000	213552.0000000000000000
202501	0013916130	0001426255	10700.000000	283443.0000000000000000
202501	0013916673	0001421180	19800.000000	603900.0000000000000000
202501	0013919096	0001426691	16500.000000	247335.0000000000000000
202501	0013919309	0001427353	19400.000000	543006.0000000000000000
202501	0013920822	0001424250	9650.000000	86753.5000000000000000
202501	0013922330	0001428164	9000.000000	184410.0000000000000000
202501	0013923086	0001423296	10000.000000	274900.0000000000000000
202501	0013924337	0001426065	27000.000000	647730.0000000000000000
202501	0013926919	0001427741	3000.000000	49470.0000000000000000
202501	0013927047	0001425952	13500.000000	526365.0000000000000000
202501	0013927228	0001423218	10000.000000	246000.0000000000000000
202501	0013929718	0001421864	3145.000000	138348.5500000000000000
202501	0013930187	0001420062	9000.000000	238410.0000000000000000
202501	0013933176	0001423784	45000.000000	449550.0000000000000000
202501	0013934882	0001424853	34252.000000	873083.4800000000000000
202501	0013935132	0001425809	10000.000000	264900.0000000000000000
202501	0013936881	0001427398	6000.000000	101940.0000000000000000
202501	0013937028	0001419893	1500.000000	41985.0000000000000000
202501	0013938275	0001426942	3370.000000	92641.3000000000000000
202501	0013939051	0001427723	20700.000000	662193.0000000000000000
202501	0013941119	0001423877	5000.000000	64950.0000000000000000
202501	0013943907	0001426577	6369.000000	165530.3100000000000000
202501	0013945856	0001424440	26800.000000	522332.0000000000000000
202501	0013946902	0001425883	9200.000000	294308.0000000000000000
202501	0013948656	0001424915	44800.000000	492352.0000000000000000
202501	0013948897	0001419812	10000.000000	259900.0000000000000000
202501	0013950017	0001421300	55800.000000	1115442.0000000000000000
202501	0013950067	0001423339	5100.000000	142749.0000000000000000
202501	0013956693	0001424439	4160.000000	120598.4000000000000000
202501	0013957288	0001420173	36400.000000	836836.0000000000000000
202501	0013963055	0001418791	45000.000000	944550.0000000000000000
202501	0013963988	0001421965	30000.000000	464700.0000000000000000
202501	0013968852	0001420283	3000.000000	77970.0000000000000000
202501	0013969118	0001425928	3754.000000	163261.4600000000000000
202501	0013969243	0001426530	46100.000000	875439.0000000000000000
202501	0013969908	0001426446	5000.000000	77450.0000000000000000
202501	0013970730	0001420139	40077.000000	660869.7300000000000000
202501	0013972274	0001418864	99000.000000	1533510.0000000000000000
202501	0013972579	0001427358	40000.000000	359600.0000000000000000
202501	0013972961	0001424058	6000.000000	116940.0000000000000000
202501	0013973803	0001423016	20200.000000	423998.0000000000000000
202501	0013975772	0001421713	7190.000000	176874.0000000000000000
202501	0013977099	0001422265	6500.000000	81185.0000000000000000
202501	0013977460	0001425287	17100.000000	384579.0000000000000000
202501	0013983079	0001424207	17000.000000	254830.0000000000000000
202501	0013985966	0001419295	2500.000000	122475.0000000000000000
202501	0013988670	0001426953	18300.000000	484767.0000000000000000
202501	0013988751	0001422238	8400.000000	205716.0000000000000000
202501	0013989011	0001419664	9000.000000	143910.0000000000000000
202501	0013992932	0001419658	15400.000000	446446.0000000000000000
202501	0013992948	0001427813	100000.000000	1299000.0000000000000000
202501	0013994293	0001424585	15440.000000	246885.6000000000000000
202501	0014001506	0001421149	8500.000000	246415.0000000000000000
202501	0014002088	0001421714	5000.000000	152450.0000000000000000
202501	0014002190	0001423082	77400.000000	1005426.0000000000000000
202501	0014002339	0001427202	10000.000000	234900.0000000000000000
202501	0014004675	0001419335	3000.000000	77970.0000000000000000
202501	0014005009	0001418816	6000.000000	200940.0000000000000000
202501	0014007230	0001419368	64000.000000	1695360.0000000000000000
202501	0014009340	0001424532	99200.000000	991008.0000000000000000
202501	0014010170	0001418840	20000.000000	489800.0000000000000000
202501	0014012004	0001421579	14700.000000	308553.0000000000000000
202501	0014012427	0001419393	30000.000000	719700.0000000000000000
202501	0014013934	0001428115	5700.000000	85443.0000000000000000
202501	0014014048	0001420080	24300.000000	461457.0000000000000000
202501	0014014980	0001427414	24000.000000	467760.0000000000000000
202501	0014017497	0001423333	10000.000000	214900.0000000000000000
202501	0014019401	0001419759	73100.000000	2229550.0000000000000000
202501	0014019589	0001425513	39289.000000	372852.6100000000000000
202501	0014019929	0001425940	52000.000000	1247480.0000000000000000
202501	0014021306	0001424929	22000.000000	362780.0000000000000000
202501	0014021748	0001422686	22300.000000	590727.0000000000000000
202501	0014021836	0001422466	50000.000000	549500.0000000000000000
202501	0014022112	0001425863	10000.000000	354900.0000000000000000
202501	0014022556	0001420804	4145.000000	62133.5500000000000000
202501	0014022663	0001423342	50300.000000	1382747.0000000000000000
202501	0014023186	0001424251	28500.000000	612465.0000000000000000
202501	0014023965	0001427183	5000.000000	112450.0000000000000000
202501	0014025739	0001421499	25000.000000	587250.0000000000000000
202501	0014028775	0001422110	30000.000000	599700.0000000000000000
202501	0014030258	0001425636	45877.000000	779450.2300000000000000
202501	0014033429	0001423381	10000.000000	204900.0000000000000000
202501	0014036421	0001420835	7800.000000	191880.0000000000000000
202501	0014037142	0001422766	10600.000000	354994.0000000000000000
202501	0014039624	0001424096	13500.000000	411750.0000000000000000
202501	0014042652	0001425900	80000.000000	1479200.0000000000000000
202501	0014044050	0001427853	40800.000000	591192.0000000000000000
202501	0014044298	0001423919	19800.000000	487080.0000000000000000
202501	0014045449	0001425879	72400.000000	1881676.0000000000000000
202501	0014048244	0001425856	100000.000000	1299000.0000000000000000
202501	0014051132	0001426107	12400.000000	254076.0000000000000000
202501	0014053093	0001421997	149900.000000	2546801.0000000000000000
202501	0014054237	0001425190	26000.000000	639600.0000000000000000
202501	0014055309	0001425337	30420.000000	562465.8000000000000000
202501	0014056260	0001419862	16400.000000	262236.0000000000000000
202501	0014056510	0001423752	10500.000000	230895.0000000000000000
202501	0014057017	0001424136	39200.000000	352408.0000000000000000
202501	0014057563	0001422715	12100.000000	157179.0000000000000000
202501	0014058957	0001424952	5000.000000	159950.0000000000000000
202501	0014059089	0001426098	96000.000000	1055040.0000000000000000
202501	0014065665	0001427335	7000.000000	213430.0000000000000000
202501	0014066025	0001420090	5000.000000	102450.0000000000000000
202501	0014068597	0001427814	7500.000000	239925.0000000000000000
202501	0014068678	0001419493	5000.000000	199950.0000000000000000
202501	0014070609	0001426221	16900.000000	380081.0000000000000000
202501	0014072709	0001426339	101799.000000	915173.0100000000000000
202501	0014073307	0001425420	27700.000000	913823.0000000000000000
202501	0014076255	0001428000	13885.000000	360871.1500000000000000
202501	0014079278	0001424017	13800.000000	296562.0000000000000000
202501	0014080178	0001427668	40000.000000	659600.0000000000000000
202501	0014083674	0001423341	20200.000000	464398.0000000000000000
202501	0014084999	0001419238	8000.000000	239920.0000000000000000
202501	0014085359	0001425920	82600.000000	1362074.0000000000000000
202501	0014085806	0001422392	49800.000000	746502.0000000000000000
202501	0014086857	0001427774	4000.000000	137960.0000000000000000
202501	0014088511	0001421746	80000.000000	719200.0000000000000000
202501	0014091737	0001423773	35000.000000	559650.0000000000000000
202501	0014092498	0001426916	15000.000000	269850.0000000000000000
202501	0014092862	0001419456	63000.000000	1070370.0000000000000000
202501	0014096268	0001418889	22600.000000	429174.0000000000000000
202501	0014096997	0001424499	20000.000000	309800.0000000000000000
202501	0014098226	0001420140	6700.000000	194233.0000000000000000
202501	0014100755	0001425727	55000.000000	686950.0000000000000000
202501	0014101212	0001426688	35577.000000	515510.7300000000000000
202501	0014101510	0001426364	6000.000000	158940.0000000000000000
202501	0014101792	0001427711	20500.000000	717295.0000000000000000
202501	0014103264	0001419012	2000.000000	77980.0000000000000000
202501	0014103321	0001419255	16500.000000	280335.0000000000000000
202501	0014103995	0001426578	96400.000000	866636.0000000000000000
202501	0014104307	0001428082	13800.000000	275862.0000000000000000
202501	0014104396	0001425344	45000.000000	629550.0000000000000000
202501	0014104846	0001423161	98000.000000	1077020.0000000000000000
202501	0014109744	0001425700	10000.000000	149900.0000000000000000
202501	0014114385	0001427569	3000.000000	79470.0000000000000000
202501	0014114799	0001424543	50000.000000	649500.0000000000000000
202501	0014116368	0001419974	24252.000000	363537.4800000000000000
202501	0014117365	0001423477	15869.000000	563190.8100000000000000
202501	0014118241	0001426747	12600.000000	453474.0000000000000000
202501	0014119490	0001426330	7200.000000	129528.0000000000000000
202501	0014119581	0001421268	25000.000000	487250.0000000000000000
202501	0014122060	0001419408	35100.000000	420849.0000000000000000
202501	0014123577	0001426662	90304.000000	902136.9600000000000000
202501	0014123801	0001423230	17100.000000	281979.0000000000000000
202501	0014124929	0001419390	7700.000000	246323.0000000000000000
202501	0014125517	0001427136	6700.000000	187533.0000000000000000
202501	0014127223	0001419052	11900.000000	582981.0000000000000000
202501	0014127825	0001423263	26900.000000	645331.0000000000000000
202501	0014131459	0001419091	1400.000000	40586.0000000000000000
202501	0014131674	0001428110	77800.000000	2411022.0000000000000000
202501	0014132550	0001418804	56020.000000	867749.8000000000000000
202501	0014133728	0001424763	55900.000000	893841.0000000000000000
202501	0014134226	0001419727	26877.000000	429763.2300000000000000
202501	0014135146	0001426908	38000.000000	512620.0000000000000000
202501	0014135943	0001421309	11254.000000	264356.4600000000000000
202501	0014135943	0001421351	11254.000000	264356.4600000000000000
202501	0014137008	0001424797	25000.000000	399750.0000000000000000
202501	0014138852	0001420204	12000.000000	179880.0000000000000000
202501	0014139398	0001425617	35000.000000	384650.0000000000000000
202501	0014141530	0001428140	14200.000000	219958.0000000000000000
202501	0014142549	0001423525	10000.000000	89900.0000000000000000
202501	0014142606	0001426069	59800.000000	717002.0000000000000000
202501	0014142608	0001427485	2500.000000	82475.0000000000000000
202501	0014145714	0001419596	13000.000000	220870.0000000000000000
202501	0014146985	0001427052	10100.000000	121099.0000000000000000
202501	0014148317	0001427737	25500.000000	904995.0000000000000000
202501	0014149379	0001421590	32577.000000	814099.2300000000000000
202501	0014151640	0001419881	18900.000000	464940.0000000000000000
202501	0014152672	0001420713	4000.000000	155960.0000000000000000
202501	0014154808	0001419714	15000.000000	397350.0000000000000000
202501	0014154904	0001424540	93100.000000	1162819.0000000000000000
202501	0014156098	0001422389	4630.000000	50883.7000000000000000
202501	0014158275	0001422199	6000.000000	182940.0000000000000000
202501	0014161515	0001420869	50000.000000	849500.0000000000000000
202501	0014161987	0001425653	103700.000000	1035963.0000000000000000
202501	0014166803	0001425816	9500.000000	280155.0000000000000000
202501	0014170790	0001427671	9900.000000	212751.0000000000000000
202501	0014172658	0001424837	2500.000000	48725.0000000000000000
202501	0014174003	0001424505	40185.000000	1245333.1500000000000000
202501	0014179427	0001427365	17500.000000	682325.0000000000000000
202501	0014179565	0001424615	7200.000000	190728.0000000000000000
202501	0014184246	0001427163	2500.000000	91225.0000000000000000
202501	0014185276	0001425509	52973.000000	714605.7700000000000000
202501	0014186052	0001425853	23185.000000	764873.1500000000000000
202501	0014186213	0001425438	10000.000000	234900.0000000000000000
202501	0014186867	0001424550	12000.000000	503880.0000000000000000
202501	0014187530	0001419562	25077.000000	426058.2300000000000000
202501	0014189207	0001425812	20400.000000	315996.0000000000000000
202501	0014189609	0001422754	59300.000000	888907.0000000000000000
202501	0014195606	0001424645	25000.000000	762250.0000000000000000
202501	0014197069	0001422791	37367.000000	410663.3300000000000000
202501	0014197830	0001426480	42700.000000	1365973.0000000000000000
202501	0014197906	0001421260	13500.000000	322650.0000000000000000
202501	0014198617	0001420280	6000.000000	140940.0000000000000000
202501	0014199779	0001427047	35230.000000	387177.7000000000000000
202501	0014199847	0001424287	31000.000000	340690.0000000000000000
202501	0014200052	0001424370	56500.000000	1129435.0000000000000000
202501	0014205225	0001426015	54000.000000	1106460.0000000000000000
202501	0014207597	0001426801	59000.000000	1451400.0000000000000000
202501	0014210109	0001425786	3000.000000	79470.0000000000000000
202501	0014210567	0001420278	30800.000000	584892.0000000000000000
202501	0014211404	0001425782	150000.000000	1648500.0000000000000000
202501	0014213241	0001426827	40577.000000	851711.2300000000000000
202501	0014215402	0001422111	7000.000000	153930.0000000000000000
202501	0014216393	0001427630	4921.940000	68857.9406000000000000
202501	0014218064	0001419594	25900.000000	1074591.0000000000000000
202501	0014219456	0001422638	55400.000000	1190546.0000000000000000
202501	0014222041	0001420404	7000.000000	202930.0000000000000000
202501	0014222699	0001425798	24000.000000	683760.0000000000000000
202501	0014223203	0001426737	80001.000000	759209.4900000000000000
202501	0014224043	0001423029	2000.000000	53980.0000000000000000
202501	0014224147	0001424597	40000.000000	879600.0000000000000000
202501	0014225443	0001424126	30800.000000	492492.0000000000000000
202501	0014226006	0001425148	7800.000000	382122.0000000000000000
202501	0014227279	0001423761	100000.000000	1499000.0000000000000000
202501	0014229113	0001423334	3500.000000	57715.0000000000000000
202501	0014229262	0001419038	10000.000000	174900.0000000000000000
202501	0014229549	0001426224	30000.000000	509700.0000000000000000
202501	0014229930	0001426791	10000.000000	159900.0000000000000000
202501	0014235440	0001427767	14540.000000	530564.6000000000000000
202501	0014237350	0001423507	7000.000000	150430.0000000000000000
202501	0014238077	0001425333	4000.000000	73960.0000000000000000
202501	0014243923	0001419057	17337.000000	259881.6300000000000000
202501	0014244813	0001423976	44839.000000	716975.6100000000000000
202501	0014248671	0001419638	13600.000000	319464.0000000000000000
202501	0014251075	0001425756	7500.000000	112425.0000000000000000
202501	0014254859	0001426963	12000.000000	371880.0000000000000000
202501	0014258944	0001426404	43600.000000	1067764.0000000000000000
202501	0014259982	0001420118	15000.000000	457500.0000000000000000
202501	0014261912	0001419104	20300.000000	294147.0000000000000000
202501	0014263548	0001423322	39400.000000	1201306.0000000000000000
202501	0014263759	0001424322	49277.000000	861854.7300000000000000
202501	0014264125	0001420544	76100.000000	1330989.0000000000000000
202501	0014264551	0001421350	24670.000000	604168.3000000000000000
202501	0014265925	0001425601	148000.000000	1330520.0000000000000000
202501	0014266149	0001419285	8100.000000	165969.0000000000000000
202501	0014266386	0001419316	28000.000000	825720.0000000000000000
202501	0014269997	0001423850	15000.000000	329850.0000000000000000
202501	0014275881	0001428058	55000.000000	604450.0000000000000000
202501	0014278501	0001419757	14000.000000	524860.0000000000000000
202501	0014281497	0001425748	13200.000000	316668.0000000000000000
202501	0014284675	0001418858	15600.000000	335244.0000000000000000
202501	0014287519	0001425564	90000.000000	1214100.0000000000000000
202501	0014287585	0001421540	15510.000000	279024.9000000000000000
202501	0014287924	0001427882	14400.000000	388656.0000000000000000
202501	0014291269	0001425843	500.000000	10745.0000000000000000
202501	0014293654	0001425434	5000.000000	134950.0000000000000000
202501	0014294908	0001424320	10900.000000	315991.0000000000000000
202501	0014296039	0001422640	10900.000000	533991.0000000000000000
202501	0014297996	0001427764	26500.000000	450235.0000000000000000
202501	0014298549	0001419163	14500.000000	282605.0000000000000000
202501	0014300875	0001421537	10400.000000	311896.0000000000000000
202501	0014301351	0001419750	2900.000000	121771.0000000000000000
202501	0014301398	0001428093	10000.000000	304900.0000000000000000
202501	0014308851	0001422924	22600.000000	609974.0000000000000000
202501	0014310025	0001421840	92000.000000	2391080.0000000000000000
202501	0014313772	0001423127	3000.000000	79470.0000000000000000
202501	0014314796	0001419990	5700.000000	170943.0000000000000000
202501	0014315186	0001427642	24400.000000	621956.0000000000000000
202501	0014316502	0001424269	5500.000000	134695.0000000000000000
202501	0014317499	0001427230	5369.000000	142224.8100000000000000
202501	0014318068	0001425981	100000.000000	1499000.0000000000000000
202501	0014318392	0001426887	3280.000000	124607.2000000000000000
202501	0014321033	0001427048	11800.000000	312582.0000000000000000
202501	0014322319	0001426185	40000.000000	779600.0000000000000000
202501	0014323556	0001424713	8800.000000	268312.0000000000000000
202501	0014323822	0001421503	12000.000000	155880.0000000000000000
202501	0014326951	0001425372	110000.000000	1373900.0000000000000000
202501	0014327247	0001423362	26600.000000	571634.0000000000000000
202501	0014329766	0001427910	122132.000000	1220098.6800000000000000
202501	0014334979	0001419765	4300.000000	73057.0000000000000000
202501	0014337271	0001421705	50000.000000	1574500.0000000000000000
202501	0014337485	0001427906	15000.000000	382350.0000000000000000
202501	0014337511	0001424396	10400.000000	509496.0000000000000000
202501	0014337764	0001423613	2000.000000	33980.0000000000000000
202501	0014338235	0001422366	27300.000000	436527.0000000000000000
202501	0014338363	0001427083	20000.000000	459800.0000000000000000
202501	0014341692	0001418861	34000.000000	407660.0000000000000000
202501	0014341991	0001419073	144000.000000	1582560.0000000000000000
202501	0014343251	0001420054	46500.000000	883035.0000000000000000
202501	0014343999	0001425898	22000.000000	560780.0000000000000000
202501	0014345568	0001425986	12754.000000	452639.4600000000000000
202501	0014345632	0001422472	700.000000	19593.0000000000000000
202501	0014346729	0001423375	50000.000000	1424500.0000000000000000
202501	0014354556	0001424279	31195.000000	483210.5500000000000000
202501	0014355181	0001424265	36454.000000	703562.2000000000000000
202501	0014355312	0001426771	14800.000000	355052.0000000000000000
202501	0014356549	0001427558	2000.000000	51980.0000000000000000
202501	0014358986	0001421630	5500.000000	192445.0000000000000000
202501	0014360074	0001427248	28077.000000	729721.2300000000000000
202501	0014360625	0001420580	15000.000000	314850.0000000000000000
202501	0014362285	0001426453	33544.000000	368648.5600000000000000
202501	0014363343	0001421643	32000.000000	572800.0000000000000000
202501	0014365200	0001421380	15000.000000	509850.0000000000000000
202501	0014365754	0001419326	4800.000000	160752.0000000000000000
202501	0014368197	0001427567	30454.000000	974223.4600000000000000
202501	0014372511	0001425855	30997.000000	511140.5300000000000000
202501	0014375393	0001422730	75000.000000	1724250.0000000000000000
202501	0014376048	0001423637	26454.000000	581723.4600000000000000
202501	0014379024	0001424667	10000.000000	304900.0000000000000000
202501	0014379409	0001425719	10000.000000	294900.0000000000000000
202501	0014379940	0001424206	3200.000000	54368.0000000000000000
202501	0014382287	0001427541	4000.000000	111960.0000000000000000
202501	0014382492	0001420124	15369.000000	407124.8100000000000000
202501	0014385091	0001424091	40000.000000	799600.0000000000000000
202501	0014385092	0001420872	30880.000000	941840.0000000000000000
202501	0014385368	0001418981	5252.000000	152255.4800000000000000
202501	0014386158	0001424500	15000.000000	352350.0000000000000000
202501	0014387652	0001419670	17900.000000	384671.0000000000000000
202501	0014389840	0001424503	91200.000000	1230288.0000000000000000
202501	0014390644	0001421310	20000.000000	479800.0000000000000000
202501	0014390719	0001422409	19800.000000	296802.0000000000000000
202501	0014391827	0001421384	42700.000000	1152473.0000000000000000
202501	0014392134	0001425785	12000.000000	227880.0000000000000000
202501	0014392337	0001422097	30000.000000	479700.0000000000000000
202501	0014393611	0001425480	119900.000000	1077901.0000000000000000
202501	0014394106	0001427465	3400.000000	50966.0000000000000000
202501	0014396540	0001421917	100000.000000	999000.0000000000000000
202501	0014397909	0001420074	21670.000000	606543.3000000000000000
202501	0014401857	0001423326	96100.000000	1536639.0000000000000000
202501	0014403597	0001423081	124500.000000	1430505.0000000000000000
202501	0014404795	0001420923	48000.000000	671520.0000000000000000
202501	0014405356	0001422843	12500.000000	287375.0000000000000000
202501	0014405482	0001421822	40000.000000	579600.0000000000000000
202501	0014406002	0001426928	85600.000000	812344.0000000000000000
202501	0014406248	0001419291	6070.000000	169899.3000000000000000
202501	0014406259	0001425198	11369.000000	380747.8100000000000000
202501	0014408091	0001423264	95600.000000	1385244.0000000000000000
202501	0014409773	0001426718	37900.000000	340721.0000000000000000
202501	0014411739	0001420005	28373.000000	453684.2700000000000000
202501	0014414173	0001426987	50000.000000	799500.0000000000000000
202501	0014419152	0001426966	17799.000000	489294.5100000000000000
202501	0014422507	0001421863	4000.000000	87960.0000000000000000
202501	0014425123	0001419212	11692.000000	287623.2000000000000000
202501	0014428526	0001427179	10730.000000	198397.7000000000000000
202501	0014428849	0001423490	7000.000000	195930.0000000000000000
202501	0014430933	0001424310	2000.000000	60980.0000000000000000
202501	0014432460	0001422671	75200.000000	1202448.0000000000000000
202501	0014433556	0001424782	5000.000000	102450.0000000000000000
202501	0014434891	0001427452	21270.000000	435822.3000000000000000
202501	0014438345	0001424847	33200.000000	364868.0000000000000000
202501	0014438347	0001419484	8200.000000	168018.0000000000000000
202501	0014438572	0001421452	20000.000000	309800.0000000000000000
202501	0014439601	0001422182	23700.000000	687063.0000000000000000
202501	0014439656	0001423027	20000.000000	339800.0000000000000000
202501	0014444205	0001421513	18700.000000	392513.0000000000000000
202501	0014463172	0001421382	12100.000000	447579.0000000000000000
202501	0014464600	0001421466	21220.000000	392357.8000000000000000
202501	0014464996	0001426349	46000.000000	551540.0000000000000000
202501	0014465685	0001422036	15376.000000	153606.2400000000000000
202501	0014466350	0001422979	20715.000000	248372.8500000000000000
202501	0014467160	0001422414	23400.000000	947466.0000000000000000
202501	0014469005	0001425476	43300.000000	1601667.0000000000000000
202501	0014469453	0001423121	4900.000000	227801.0000000000000000
202501	0014469961	0001422012	42000.000000	776580.0000000000000000
202501	0014471607	0001421526	41900.000000	1088981.0000000000000000
202501	0014471607	0001422992	42200.000000	991278.0000000000000000
202501	0014475516	0001419373	2000.000000	69980.0000000000000000
202501	0014476233	0001426580	5900.000000	165141.0000000000000000
202501	0014476628	0001425865	35800.000000	357642.0000000000000000
202501	0014479844	0001420034	38121.500000	342712.2850000000000000
202501	0014480136	0001422236	9300.000000	260307.0000000000000000
202501	0014480140	0001419621	63577.000000	1207327.2300000000000000
202501	0014486388	0001424309	15000.000000	457350.0000000000000000
202501	0014486711	0001420666	2500.000000	51225.0000000000000000
202501	0014487310	0001425168	17600.000000	325424.0000000000000000
202501	0014487528	0001427913	100000.000000	1399000.0000000000000000
202501	0014488788	0001427892	60000.000000	959400.0000000000000000
202501	0014489490	0001419029	4500.000000	132705.0000000000000000
202501	0014492248	0001423165	13000.000000	285870.0000000000000000
202501	0014492255	0001427226	30850.000000	740091.5000000000000000
202501	0014493357	0001425726	51390.000000	564776.1000000000000000
202501	0014494618	0001426019	14000.000000	279860.0000000000000000
202501	0014500058	0001424817	16000.000000	495840.0000000000000000
202501	0014500843	0001426869	17700.000000	371523.0000000000000000
202501	0014502117	0001419699	4680.000000	109933.2000000000000000
202501	0014505037	0001424744	100000.000000	999000.0000000000000000
202501	0014505796	0001424307	25800.000000	657642.0000000000000000
202501	0014512098	0001425471	14000.000000	237860.0000000000000000
202501	0014514355	0001420170	26100.000000	521739.0000000000000000
202501	0014515694	0001423178	18400.000000	349416.0000000000000000
202501	0014515824	0001426481	26214.000000	288091.8600000000000000
202501	0014516840	0001420515	20000.000000	579800.0000000000000000
202501	0014516877	0001422434	57900.000000	1070571.0000000000000000
202501	0014518174	0001427099	51700.000000	2041633.0000000000000000
202501	0014518790	0001420870	10000.000000	119900.0000000000000000
202501	0014519289	0001421653	19000.000000	294310.0000000000000000
202501	0014520769	0001419207	1000.000000	33990.0000000000000000
202501	0014521002	0001424918	2000.000000	33980.0000000000000000
202501	0014521718	0001421800	5000.000000	149950.0000000000000000
202501	0014523771	0001421170	4454.000000	129121.4600000000000000
202501	0014525924	0001420047	24400.000000	463356.0000000000000000
202501	0014527249	0001424659	10000.000000	379900.0000000000000000
202501	0014527912	0001423694	11900.000000	434231.0000000000000000
202501	0014529920	0001426374	40310.000000	584091.9000000000000000
202501	0014531645	0001425724	60000.000000	929400.0000000000000000
202501	0014538387	0001423370	4000.000000	147960.0000000000000000
202501	0014540494	0001425987	85080.000000	1488049.2000000000000000
202501	0014542101	0001421799	5200.000000	88348.0000000000000000
202501	0014544708	0001424264	110000.000000	1153900.0000000000000000
202501	0014544837	0001420251	51548.000000	772704.5200000000000000
202501	0014549660	0001424899	21959.000000	669749.5000000000000000
202501	0014551523	0001423421	11700.000000	415233.0000000000000000
202501	0014551855	0001425363	6050.000000	130014.5000000000000000
202501	0014552137	0001425382	49177.000000	687986.2300000000000000
202501	0014552544	0001425164	1500.000000	25485.0000000000000000
202501	0014552556	0001418931	37000.000000	850630.0000000000000000
202501	0014553569	0001421210	5000.000000	129950.0000000000000000
202501	0014554283	0001427807	48000.000000	815520.0000000000000000
202501	0014558710	0001427201	10000.000000	284900.0000000000000000
202501	0014559186	0001427132	46869.000000	726000.8100000000000000
202501	0014559188	0001424971	5100.000000	178449.0000000000000000
202501	0014560723	0001426186	6400.000000	131136.0000000000000000
202501	0014564066	0001422181	25900.000000	699041.0000000000000000
202501	0014565522	0001421541	23800.000000	618562.0000000000000000
202501	0014565684	0001425851	50800.000000	863092.0000000000000000
202501	0014566002	0001421710	3186.000000	62095.1400000000000000
202501	0014566366	0001427091	25294.000000	277981.0600000000000000
202501	0014568790	0001427255	20000.000000	199800.0000000000000000
202501	0014571183	0001425738	34400.000000	1134856.0000000000000000
202501	0014573125	0001427049	7600.000000	136724.0000000000000000
202501	0014574439	0001422661	6500.000000	142935.0000000000000000
202501	0014574460	0001423511	18000.000000	359820.0000000000000000
202501	0014576554	0001425668	30000.000000	434700.0000000000000000
202501	0014580317	0001420543	37000.000000	739630.0000000000000000
202501	0014580317	0001420546	37700.000000	753623.0000000000000000
202501	0014583150	0001427728	116000.000000	1332840.0000000000000000
202501	0014584037	0001420789	2500.000000	61225.0000000000000000
202501	0014585082	0001426465	10500.000000	236145.0000000000000000
202501	0014589818	0001426375	40700.000000	1001220.0000000000000000
202501	0014591365	0001419554	29600.000000	547304.0000000000000000
202501	0014594390	0001427093	48900.000000	953061.0000000000000000
202501	0014596571	0001420642	29000.000000	260710.0000000000000000
202501	0014597759	0001425961	10000.000000	259900.0000000000000000
202501	0014598527	0001421229	29500.000000	825705.0000000000000000
202501	0014599961	0001426217	18000.000000	449820.0000000000000000
202501	0014600119	0001424432	3000.000000	122970.0000000000000000
202501	0014602085	0001425962	10000.000000	89900.0000000000000000
202501	0014604660	0001427302	94577.000000	1654151.7300000000000000
202501	0014605481	0001419524	17000.000000	322830.0000000000000000
202501	0014608549	0001426715	63900.000000	574461.0000000000000000
202501	0014608735	0001419265	5000.000000	187450.0000000000000000
202501	0014611699	0001420667	28900.000000	1011211.0000000000000000
202501	0014612612	0001424816	30000.000000	584700.0000000000000000
202501	0014613599	0001424868	101000.000000	1311990.0000000000000000
202501	0014614806	0001426806	12000.000000	275880.0000000000000000
202501	0014615512	0001427758	10000.000000	204900.0000000000000000
202501	0014615907	0001427399	26552.000000	756466.4800000000000000
202501	0014618526	0001420484	10000.000000	249900.0000000000000000
202501	0014622078	0001425487	115000.000000	1148850.0000000000000000
202501	0014625295	0001424051	26000.000000	779740.0000000000000000
202501	0014625726	0001422227	67700.000000	1116373.0000000000000000
202501	0014626293	0001427212	16000.000000	335840.0000000000000000
202501	0014628129	0001424660	65000.000000	1104350.0000000000000000
202501	0014630787	0001424648	6600.000000	280434.0000000000000000
202501	0014633794	0001420038	7400.000000	182040.0000000000000000
202501	0014634031	0001419406	8000.000000	175920.0000000000000000
202501	0014638998	0001426786	20252.000000	263073.4800000000000000
202501	0014642122	0001421228	1800.000000	55782.0000000000000000
202501	0014649029	0001423269	62900.000000	1100121.0000000000000000
202501	0014649802	0001422801	9900.000000	366201.0000000000000000
202501	0014651281	0001426613	8000.000000	196800.0000000000000000
202501	0014652114	0001427129	4000.000000	139960.0000000000000000
202501	0014656623	0001418891	15600.000000	584844.0000000000000000
202501	0014663329	0001421372	92000.000000	873080.0000000000000000
202501	0014663954	0001424796	2000.000000	66980.0000000000000000
202501	0014664164	0001424052	40000.000000	939600.0000000000000000
202501	0014664741	0001420492	3200.000000	92768.0000000000000000
202501	0014666556	0001426197	4000.000000	97960.0000000000000000
202501	0014667241	0001422984	12185.000000	207023.1500000000000000
202501	0014674626	0001420911	15200.000000	455848.0000000000000000
202501	0014675535	0001424696	51600.000000	670284.0000000000000000
202501	0014677188	0001427340	100000.000000	1100000.0000000000000000
202501	0014677411	0001425747	30300.000000	635997.0000000000000000
202501	0014677953	0001424538	10000.000000	214900.0000000000000000
202501	0014678242	0001422045	2000.000000	77980.0000000000000000
202501	0014678851	0001421884	15000.000000	457500.0000000000000000
202501	0014679362	0001421155	15000.000000	449850.0000000000000000
202501	0014685545	0001421779	8500.000000	186915.0000000000000000
202501	0014688293	0001419462	46300.000000	832937.0000000000000000
202501	0014689459	0001419243	16700.000000	283733.0000000000000000
202501	0014690790	0001427859	10000.000000	389900.0000000000000000
202501	0014697411	0001419802	15000.000000	217350.0000000000000000
202501	0014697459	0001425906	11660.000000	198103.4000000000000000
202501	0014699672	0001420749	5000.000000	137450.0000000000000000
202501	0014700141	0001419662	22000.000000	318780.0000000000000000
202501	0014701639	0001427920	24000.000000	590400.0000000000000000
202501	0014702298	0001426410	20870.000000	187621.3000000000000000
202501	0014703513	0001421891	23500.000000	704765.0000000000000000
202501	0014703874	0001419424	24672.000000	283481.2800000000000000
202501	0014704624	0001423531	64999.000000	1754323.0100000000000000
202501	0014707701	0001422516	9000.000000	220410.0000000000000000
202501	0014708146	0001422441	12600.000000	308574.0000000000000000
202501	0014709156	0001418898	1380.000000	42076.2000000000000000
202501	0014710098	0001423255	13900.000000	500261.0000000000000000
202501	0014716466	0001422971	36700.000000	641883.0000000000000000
202501	0014717397	0001420762	37000.000000	702630.0000000000000000
202501	0014717731	0001423567	23000.000000	551770.0000000000000000
202501	0014718682	0001423751	8000.000000	187920.0000000000000000
202501	0014718839	0001420416	35600.000000	996444.0000000000000000
202501	0014720543	0001426672	3500.000000	120715.0000000000000000
202501	0014725200	0001426242	7000.000000	90930.0000000000000000
202501	0014729084	0001422999	7117.000000	110242.3300000000000000
202501	0014731083	0001427318	23700.000000	675213.0000000000000000
202501	0014732306	0001421793	150000.000000	1198500.0000000000000000
202501	0014733007	0001427937	25200.000000	554148.0000000000000000
202501	0014739283	0001422883	25000.000000	374750.0000000000000000
202501	0014745206	0001425233	80938.000000	889508.6200000000000000
202501	0014745341	0001424946	16850.000000	446356.5000000000000000
202501	0014748315	0001421806	4000.000000	119960.0000000000000000
202501	0014749612	0001418872	41400.000000	786186.0000000000000000
202501	0014751490	0001420108	6000.000000	167940.0000000000000000
202501	0014753512	0001419023	8500.000000	182665.0000000000000000
202501	0014755658	0001420778	1000.000000	27990.0000000000000000
202501	0014756700	0001426204	19000.000000	721810.0000000000000000
202501	0014756826	0001421468	9945.930000	139143.5607000000000000
202501	0014757552	0001420043	17640.000000	433944.0000000000000000
202501	0014759668	0001426520	88906.000000	977076.9400000000000000
202501	0014759700	0001424518	20145.000000	261683.5500000000000000
202501	0014760342	0001427285	23500.000000	422765.0000000000000000
202501	0014762953	0001423534	15000.000000	269850.0000000000000000
202501	0014765813	0001424140	2500.000000	48725.0000000000000000
202501	0014766354	0001424357	47900.000000	670121.0000000000000000
202501	0014769521	0001419659	5200.000000	155948.0000000000000000
202501	0014773775	0001420733	2000.000000	62980.0000000000000000
202501	0014775551	0001423543	100000.000000	1549000.0000000000000000
202501	0014776423	0001419078	7500.000000	146175.0000000000000000
202501	0014777592	0001421914	7500.000000	228675.0000000000000000
202501	0014779375	0001419230	2000.000000	57980.0000000000000000
202501	0014780356	0001419655	42200.000000	716978.0000000000000000
202501	0014780544	0001421847	8010.000000	144099.9000000000000000
202501	0014781353	0001424185	75500.000000	1509245.0000000000000000
202501	0014781370	0001423344	14100.000000	451059.0000000000000000
202501	0014786730	0001426496	11000.000000	159390.0000000000000000
202501	0014788142	0001424789	12800.000000	198272.0000000000000000
202501	0014789701	0001423227	16700.000000	559283.0000000000000000
202501	0014790095	0001426389	20400.000000	509796.0000000000000000
202501	0014790312	0001426416	56824.000000	624495.7600000000000000
202501	0014791292	0001424095	98800.000000	1234012.0000000000000000
202501	0014792663	0001426325	100000.000000	1599000.0000000000000000
202501	0014795778	0001424704	50000.000000	649500.0000000000000000
202501	0014796667	0001427017	80000.000000	1079200.0000000000000000
202501	0014796807	0001420902	15000.000000	449850.0000000000000000
202501	0014801362	0001426952	69500.000000	972305.0000000000000000
202501	0014806525	0001427776	3000.000000	50970.0000000000000000
202501	0014806529	0001427550	2500.000000	42475.0000000000000000
202501	0014808689	0001419720	31454.000000	597311.4600000000000000
202501	0014812840	0001425474	26600.000000	478534.0000000000000000
202501	0014812889	0001420281	46200.000000	808038.0000000000000000
202501	0014813275	0001419733	8500.000000	297415.0000000000000000
202501	0014813489	0001421315	14200.000000	390358.0000000000000000
202501	0014816994	0001426622	15000.000000	232350.0000000000000000
202501	0014817678	0001428010	3000.000000	50970.0000000000000000
202501	0014819651	0001425954	5000.000000	74950.0000000000000000
202501	0014823076	0001422846	2000.000000	44980.0000000000000000
202501	0014823224	0001420041	17000.000000	560830.0000000000000000
202501	0014824485	0001422435	24000.000000	623760.0000000000000000
202501	0014825051	0001426775	58000.000000	1217420.0000000000000000
202501	0014826434	0001426290	45500.000000	1182545.0000000000000000
202501	0014827883	0001422043	20000.000000	749800.0000000000000000
202501	0014835418	0001426306	89463.000000	804272.3700000000000000
202501	0014838881	0001421968	55600.000000	1139244.0000000000000000
202501	0014839941	0001427580	35000.000000	839650.0000000000000000
202501	0014844754	0001421671	41577.000000	872701.2300000000000000
202501	0014846191	0001421708	19000.000000	341810.0000000000000000
202501	0014847524	0001426083	15000.000000	397350.0000000000000000
202501	0014848278	0001427993	21800.000000	642882.0000000000000000
202501	0014849519	0001425595	1000.000000	27990.0000000000000000
202501	0014852317	0001425892	12800.000000	422272.0000000000000000
202501	0014854021	0001422803	10000.000000	169900.0000000000000000
202501	0014856955	0001420899	48000.000000	623520.0000000000000000
202501	0014857530	0001423524	95000.000000	2041550.0000000000000000
202501	0014859470	0001425991	100000.000000	1199000.0000000000000000
202501	0014867715	0001425347	2800.000000	72772.0000000000000000
202501	0014870440	0001423459	8200.000000	221318.0000000000000000
202501	0014871403	0001424589	15000.000000	254850.0000000000000000
202501	0014874317	0001423699	28000.000000	251720.0000000000000000
202501	0014875420	0001426554	32600.000000	928774.0000000000000000
202501	0014879380	0001423352	22000.000000	615780.0000000000000000
202501	0014879866	0001424867	19775.000000	296427.2500000000000000
202501	0014880489	0001427903	104000.000000	1038960.0000000000000000
202501	0014881104	0001421587	13000.000000	396500.0000000000000000
202501	0014882312	0001422997	12145.000000	169908.5500000000000000
202501	0014882742	0001427451	11600.000000	285360.0000000000000000
202501	0014883066	0001424770	8600.000000	189114.0000000000000000
202501	0014884176	0001424200	4000.000000	93960.0000000000000000
202501	0014884615	0001424856	57300.000000	629727.0000000000000000
202501	0014888122	0001420320	4900.000000	142051.0000000000000000
202501	0014889015	0001421700	7000.000000	136430.0000000000000000
202501	0014890346	0001420815	3000.000000	41970.0000000000000000
202501	0014893443	0001421608	25454.000000	725184.4600000000000000
202501	0014894824	0001425498	14000.000000	286860.0000000000000000
202501	0014897659	0001421110	6000.000000	134940.0000000000000000
202501	0014898275	0001424799	13000.000000	311870.0000000000000000
202501	0014900521	0001425332	22400.000000	1097376.0000000000000000
202501	0014904552	0001422135	5000.000000	169950.0000000000000000
202501	0014907645	0001426608	3000.000000	41970.0000000000000000
202501	0014908371	0001421773	28000.000000	811720.0000000000000000
202501	0014908446	0001427891	65500.000000	949095.0000000000000000
202501	0014908950	0001426767	3500.000000	87465.0000000000000000
202501	0014909524	0001426441	91500.000000	1280085.0000000000000000
202501	0014909797	0001425156	7300.000000	124027.0000000000000000
202501	0014912291	0001424232	7000.000000	255430.0000000000000000
202501	0014914164	0001420722	20000.000000	279800.0000000000000000
202501	0014917530	0001427078	3000.000000	71970.0000000000000000
202501	0014919005	0001422321	71860.000000	1113111.4000000000000000
202501	0014919454	0001421945	63600.000000	921564.0000000000000000
202501	0014919717	0001423449	5145.000000	187741.0500000000000000
202501	0014922153	0001419352	8870.000000	266011.3000000000000000
202501	0014922826	0001421115	32040.000000	992919.6000000000000000
202501	0014923432	0001422507	2500.000000	91225.0000000000000000
202501	0014924800	0001426315	3000.000000	83970.0000000000000000
202501	0014926487	0001426946	10000.000000	334900.0000000000000000
202501	0014928369	0001421998	2000.000000	60980.0000000000000000
202501	0014928423	0001419822	47000.000000	1156200.0000000000000000
202501	0014931117	0001419546	110000.000000	1648900.0000000000000000
202501	0014931387	0001419832	22685.000000	680323.1500000000000000
202501	0014933657	0001420940	8000.000000	71920.0000000000000000
202501	0014934705	0001419817	1500.000000	46485.0000000000000000
202501	0014937033	0001424869	15000.000000	322350.0000000000000000
202501	0014939389	0001422734	6400.000000	217536.0000000000000000
202501	0014940010	0001421489	1500.000000	35235.0000000000000000
202501	0014940905	0001422404	12000.000000	269880.0000000000000000
202501	0014942720	0001425175	12000.000000	191880.0000000000000000
202501	0014944837	0001420693	25000.000000	424750.0000000000000000
202501	0014947877	0001420616	7300.000000	124027.0000000000000000
202501	0014948123	0001419999	30252.000000	604737.4800000000000000
202501	0014949464	0001426289	137000.000000	1368630.0000000000000000
202501	0014950293	0001420839	15300.000000	512397.0000000000000000
202501	0014950714	0001427639	40000.000000	359600.0000000000000000
202501	0014954421	0001426510	45297.000000	1267863.0300000000000000
202501	0014957473	0001418899	14700.000000	264453.0000000000000000
202501	0014958749	0001425516	1975.000000	56267.7500000000000000
202501	0014961273	0001421482	4000.000000	111960.0000000000000000
202501	0014961311	0001427084	54000.000000	1079460.0000000000000000
202501	0014962976	0001422140	10000.000000	259900.0000000000000000
202501	0014963507	0001418859	7600.000000	167124.0000000000000000
202501	0014965051	0001425602	70400.000000	1618496.0000000000000000
202501	0014966555	0001423950	36800.000000	533232.0000000000000000
202501	0014967452	0001419201	6500.000000	188435.0000000000000000
202501	0014968414	0001422694	20200.000000	312898.0000000000000000
202501	0014968653	0001418920	8000.000000	187920.0000000000000000
202501	0014970525	0001421250	4000.000000	123960.0000000000000000
202501	0014970552	0001424138	20000.000000	179800.0000000000000000
202501	0014972048	0001421176	33800.000000	979862.0000000000000000
202501	0014972794	0001423519	35000.000000	699650.0000000000000000
202501	0014973536	0001424733	31100.000000	1025989.0000000000000000
202501	0014976190	0001421304	14000.000000	250600.0000000000000000
202501	0014976204	0001424590	100000.000000	999000.0000000000000000
202501	0014978527	0001427035	5300.000000	185447.0000000000000000
202501	0014980919	0001427945	13000.000000	240370.0000000000000000
202501	0014981142	0001427207	14300.000000	607607.0000000000000000
202501	0014983902	0001419109	3200.000000	62368.0000000000000000
202501	0014985363	0001424003	15317.000000	482332.3300000000000000
202501	0014988025	0001424750	4000.000000	67960.0000000000000000
202501	0014988542	0001418788	1000.000000	27990.0000000000000000
202501	0014988905	0001419468	1000.000000	30990.0000000000000000
202501	0014988965	0001421723	15000.000000	307350.0000000000000000
202501	0014989904	0001422157	12000.000000	173880.0000000000000000
202501	0014990515	0001426482	13000.000000	233870.0000000000000000
202501	0014997969	0001422444	14800.000000	364080.0000000000000000
202501	0014998036	0001427346	51800.000000	1087282.0000000000000000
202501	0014998756	0001420183	3000.000000	86970.0000000000000000
202501	0014999424	0001421243	2000.000000	51980.0000000000000000
202501	0015001257	0001424090	1000.000000	16990.0000000000000000
202501	0015002968	0001423239	23000.000000	344770.0000000000000000
202501	0015003196	0001424524	50606.000000	758583.9400000000000000
202501	0015003996	0001424097	10000.000000	89900.0000000000000000
202501	0015005344	0001426483	30252.000000	468603.4800000000000000
202501	0015005347	0001422879	2000.000000	97980.0000000000000000
202501	0015008851	0001419404	15500.000000	402845.0000000000000000
202501	0015011138	0001421853	17400.000000	373926.0000000000000000
202501	0015014005	0001419403	13300.000000	498617.0000000000000000
202501	0015014750	0001421912	40500.000000	769095.0000000000000000
202501	0015018725	0001424716	13000.000000	402870.0000000000000000
202501	0015020118	0001423231	75400.000000	941746.0000000000000000
202501	0015021059	0001418922	4000.000000	71960.0000000000000000
202501	0015021690	0001422727	11700.000000	321633.0000000000000000
202501	0015022095	0001422972	5200.000000	189748.0000000000000000
202501	0015023307	0001425470	20000.000000	439800.0000000000000000
202501	0015025124	0001424327	20000.000000	469800.0000000000000000
202501	0015025818	0001427333	14460.000000	355716.0000000000000000
202501	0015026179	0001419566	21700.000000	533820.0000000000000000
202501	0015026918	0001427400	4745.000000	135185.0500000000000000
202501	0015027725	0001423171	23700.000000	367113.0000000000000000
202501	0015027885	0001419620	26369.000000	553485.3100000000000000
202501	0015030015	0001420087	15000.000000	449850.0000000000000000
202501	0015032110	0001424202	12500.000000	199875.0000000000000000
202501	0015034497	0001420760	3550.000000	85164.5000000000000000
202501	0015035546	0001418971	8000.000000	223920.0000000000000000
202501	0015036256	0001424703	30000.000000	659700.0000000000000000
202501	0015036291	0001420958	5680.000000	176023.2000000000000000
202501	0015036644	0001424422	40000.000000	359600.0000000000000000
202501	0015036736	0001423012	30800.000000	615692.0000000000000000
202501	0015038186	0001427029	10100.000000	131199.0000000000000000
202501	0015038774	0001419602	5700.000000	139593.0000000000000000
202501	0015042085	0001419213	9900.000000	168201.0000000000000000
202501	0015043659	0001421663	9000.000000	220410.0000000000000000
202501	0015045791	0001422916	23100.000000	565719.0000000000000000
202501	0015045997	0001426279	50000.000000	2049500.0000000000000000
202501	0015047763	0001421726	18170.000000	454250.0000000000000000
202501	0015053711	0001423298	25800.000000	902742.0000000000000000
202501	0015055638	0001423164	25400.000000	672846.0000000000000000
202501	0015057501	0001427120	1000.000000	21490.0000000000000000
202501	0015057502	0001421620	10200.000000	305898.0000000000000000
202501	0015059253	0001420242	11500.000000	563385.0000000000000000
202501	0015060369	0001425628	39145.000000	860798.5500000000000000
202501	0015060964	0001419548	24900.000000	472851.0000000000000000
202501	0015064161	0001420782	80000.000000	1439200.0000000000000000
202501	0015064196	0001420768	14800.000000	236652.0000000000000000
202501	0015065066	0001419180	13569.000000	333797.4000000000000000
202501	0015067738	0001420655	100000.000000	1649000.0000000000000000
202501	0015069225	0001422003	18000.000000	674820.0000000000000000
202501	0015072251	0001425336	7650.000000	149098.5000000000000000
202501	0015072507	0001423226	50000.000000	1024500.0000000000000000
202501	0015074372	0001423563	100000.000000	2049000.0000000000000000
202501	0015074829	0001419113	15700.000000	439443.0000000000000000
202501	0015075824	0001422118	16400.000000	295036.0000000000000000
202501	0015076354	0001425850	80000.000000	919200.0000000000000000
202501	0015077033	0001418821	6100.000000	179889.0000000000000000
202501	0015079441	0001426245	5000.000000	139950.0000000000000000
202501	0015083419	0001425414	3000.000000	56970.0000000000000000
202501	0015085546	0001426637	11270.000000	191477.3000000000000000
202501	0015087635	0001425867	49577.000000	1040621.2300000000000000
202501	0015089342	0001425996	133800.000000	1202862.0000000000000000
202501	0015090030	0001427854	15000.000000	247350.0000000000000000
202501	0015090900	0001424890	65500.000000	981845.0000000000000000
202501	0015091787	0001424775	25600.000000	511744.0000000000000000
202501	0015092910	0001426961	83800.000000	2345562.0000000000000000
202501	0015094310	0001420323	7200.000000	201528.0000000000000000
202501	0015095445	0001427191	48700.000000	1070913.0000000000000000
202501	0015097525	0001420288	10345.000000	315522.5000000000000000
202501	0015100982	0001421954	7000.000000	342930.0000000000000000
202501	0015102115	0001421827	1500.000000	41985.0000000000000000
202501	0015102943	0001424664	45100.000000	585849.0000000000000000
202501	0015104457	0001419147	9300.000000	228780.0000000000000000
202501	0015110322	0001420142	18884.000000	216977.1600000000000000
202501	0015110596	0001427708	7000.000000	108430.0000000000000000
202501	0015114505	0001427726	4000.000000	63960.0000000000000000
202501	0015117798	0001425767	56364.000000	675804.3600000000000000
202501	0015118844	0001424717	20000.000000	659800.0000000000000000
202501	0015127694	0001419589	13700.000000	337020.0000000000000000
202501	0015128345	0001420478	8500.000000	144415.0000000000000000
202501	0015128415	0001426564	20000.000000	319800.0000000000000000
202501	0015129474	0001421218	10200.000000	361998.0000000000000000
202501	0015132807	0001424473	148900.000000	1487511.0000000000000000
202501	0015135544	0001426784	33500.000000	1121915.0000000000000000
202501	0015136324	0001424560	27200.000000	625328.0000000000000000
202501	0015136758	0001421408	23000.000000	275770.0000000000000000
202501	0015137277	0001420011	3000.000000	82470.0000000000000000
202501	0015137790	0001426524	20000.000000	429800.0000000000000000
202501	0015138819	0001420556	10100.000000	248460.0000000000000000
202501	0015140086	0001425467	1000.000000	16990.0000000000000000
202501	0015140121	0001428006	89900.000000	1032951.0000000000000000
202501	0015142146	0001424454	12400.000000	334676.0000000000000000
202501	0015145293	0001424447	26377.000000	487710.7300000000000000
202501	0015147228	0001421654	110000.000000	1639000.0000000000000000
202501	0015155814	0001425496	7600.000000	231724.0000000000000000
202501	0015155982	0001423180	17500.000000	376075.0000000000000000
202501	0015162221	0001427788	15000.000000	254850.0000000000000000
202501	0015167996	0001423886	3000.000000	73470.0000000000000000
202501	0015170285	0001423646	120600.000000	1084194.0000000000000000
202501	0015170871	0001419242	44000.000000	791560.0000000000000000
202501	0015171024	0001420228	7000.000000	174930.0000000000000000
202501	0015171366	0001424285	5400.000000	99846.0000000000000000
202501	0015171382	0001419682	55000.000000	851950.0000000000000000
202501	0015172706	0001425469	15000.000000	254850.0000000000000000
202501	0015172979	0001419863	8800.000000	268400.0000000000000000
202501	0015174693	0001425482	30000.000000	584700.0000000000000000
202501	0015176492	0001422250	58000.000000	753420.0000000000000000
202501	0015179005	0001425250	31400.000000	753286.0000000000000000
202501	0015182222	0001427430	11000.000000	230890.0000000000000000
202501	0015183250	0001425403	84400.000000	1138556.0000000000000000
202501	0015187190	0001426201	11310.000000	197811.9000000000000000
202501	0015188157	0001424246	5000.000000	44950.0000000000000000
202501	0015188325	0001427771	2500.000000	61225.0000000000000000
202501	0015188344	0001419309	60000.000000	1079400.0000000000000000
202501	0015188610	0001426317	50000.000000	1949500.0000000000000000
202501	0015190804	0001421852	11100.000000	216339.0000000000000000
202501	0015192025	0001423671	8600.000000	318114.0000000000000000
202501	0015192591	0001426559	12000.000000	311880.0000000000000000
202501	0015194097	0001419582	11000.000000	368390.0000000000000000
202501	0015197440	0001427546	5000.000000	107450.0000000000000000
202501	0015197727	0001423281	90400.000000	1083896.0000000000000000
202501	0015198838	0001421183	15000.000000	427350.0000000000000000
202501	0015201820	0001427777	72000.000000	1151280.0000000000000000
202501	0015201862	0001421718	25000.000000	487250.0000000000000000
202501	0015202036	0001425152	4000.000000	119960.0000000000000000
202501	0015202221	0001426732	8000.000000	291920.0000000000000000
202501	0015202518	0001419684	60000.000000	749400.0000000000000000
202501	0015202628	0001423141	28705.000000	358525.4500000000000000
202501	0015203608	0001423128	28500.000000	370215.0000000000000000
202501	0015203744	0001426627	9000.000000	197910.0000000000000000
202501	0015205700	0001425150	5900.000000	188741.0000000000000000
202501	0015207631	0001420788	6800.000000	166532.0000000000000000
202501	0015215401	0001426049	60354.000000	1508246.4600000000000000
202501	0015218157	0001424398	94000.000000	986060.0000000000000000
202501	0015218197	0001423924	33000.000000	1022670.0000000000000000
202501	0015221581	0001424128	2300.000000	63227.0000000000000000
202501	0015223097	0001423576	46100.000000	1313389.0000000000000000
202501	0015224495	0001422899	6000.000000	221940.0000000000000000
202501	0015227242	0001421127	22000.000000	527780.0000000000000000
202501	0015228038	0001426880	5000.000000	109950.0000000000000000
202501	0015229215	0001421474	8000.000000	71920.0000000000000000
202501	0015229220	0001421213	7000.000000	230930.0000000000000000
202501	0015229813	0001418911	24000.000000	503760.0000000000000000
202501	0015231119	0001426556	49600.000000	470704.0000000000000000
202501	0015232644	0001423566	4600.000000	225354.0000000000000000
202501	0015233807	0001423257	18000.000000	332820.0000000000000000
202501	0015234532	0001422474	7000.000000	104930.0000000000000000
202501	0015237411	0001422814	30000.000000	404700.0000000000000000
202501	0015238515	0001424570	35000.000000	314650.0000000000000000
202501	0015240049	0001421836	127000.000000	1268730.0000000000000000
202501	0015241203	0001425937	4700.000000	140953.0000000000000000
202501	0015241531	0001423655	5000.000000	69950.0000000000000000
202501	0015246004	0001419453	26000.000000	467740.0000000000000000
202501	0015249447	0001425173	6000.000000	200940.0000000000000000
202501	0015250657	0001426184	2500.000000	68725.0000000000000000
202501	0015251779	0001423318	90000.000000	1169100.0000000000000000
202501	0015252585	0001424414	24400.000000	329156.0000000000000000
202501	0015253758	0001418834	31000.000000	278690.0000000000000000
202501	0015261218	0001422005	64000.000000	895360.0000000000000000
202501	0015262256	0001427782	2000.000000	68980.0000000000000000
202501	0015262646	0001425554	130300.000000	1366847.0000000000000000
202501	0015263329	0001426064	40454.000000	525497.4600000000000000
202501	0015263402	0001421797	25900.000000	595441.0000000000000000
202501	0015264910	0001419721	16000.000000	327840.0000000000000000
202501	0015267236	0001427233	23500.000000	540265.0000000000000000
202501	0015270407	0001423846	8000.000000	159920.0000000000000000
202501	0015275906	0001424441	6300.000000	210987.0000000000000000
202501	0015276921	0001421545	3000.000000	65970.0000000000000000
202501	0015277609	0001425754	9100.000000	204659.0000000000000000
202501	0015279551	0001425708	22210.000000	799337.9000000000000000
202501	0015284458	0001426537	6580.000000	134824.2000000000000000
202501	0015285435	0001423747	30000.000000	554700.0000000000000000
202501	0015285459	0001426680	2800.000000	64372.0000000000000000
202501	0015286730	0001425149	6000.000000	131940.0000000000000000
202501	0015287348	0001421090	5000.000000	107450.0000000000000000
202501	0015287462	0001426740	4000.000000	111960.0000000000000000
202501	0015289228	0001421986	116600.000000	1164834.0000000000000000
202501	0015293282	0001427968	11000.000000	186890.0000000000000000
202501	0015296341	0001423569	30000.000000	374700.0000000000000000
202501	0015296853	0001427057	22000.000000	626780.0000000000000000
202501	0015298407	0001425776	7600.000000	239324.0000000000000000
202501	0015299120	0001421744	25100.000000	652349.0000000000000000
202501	0015304780	0001426739	9700.000000	164803.0000000000000000
202501	0015307179	0001424224	78400.000000	1253616.0000000000000000
202501	0015310613	0001422480	2500.000000	42475.0000000000000000
202501	0015311619	0001424281	68577.000000	1850893.2300000000000000
202501	0015311676	0001419523	38100.000000	609219.0000000000000000
202501	0015313715	0001424457	81000.000000	1133190.0000000000000000
202501	0015313955	0001426490	3000.000000	107970.0000000000000000
202501	0015314419	0001427801	2000.000000	31980.0000000000000000
202501	0015315575	0001425206	5000.000000	167450.0000000000000000
202501	0015317047	0001420481	11550.000000	392584.5000000000000000
202501	0015317186	0001424562	14100.000000	401709.0000000000000000
202501	0015323094	0001420509	20000.000000	339800.0000000000000000
202501	0015328049	0001425453	4000.000000	67960.0000000000000000
202501	0015328543	0001422853	45530.000000	636964.7000000000000000
202501	0015328690	0001427313	32460.000000	356735.4000000000000000
202501	0015333467	0001423314	16000.000000	183840.0000000000000000
202501	0015334149	0001418871	32890.000000	634777.0000000000000000
202501	0015334930	0001420157	31600.000000	821284.0000000000000000
202501	0015336401	0001423114	38400.000000	460416.0000000000000000
202501	0015336452	0001419037	31800.000000	556182.0000000000000000
202501	0015337911	0001419977	55000.000000	1099450.0000000000000000
202501	0015338393	0001425271	20000.000000	459800.0000000000000000
202501	0015341504	0001425689	9252.000000	221955.4800000000000000
202501	0015342729	0001428158	30000.000000	449700.0000000000000000
202501	0015342933	0001423267	5300.000000	188097.0000000000000000
202501	0015345522	0001421686	13400.000000	509066.0000000000000000
202501	0015345630	0001424690	46300.000000	1133887.0000000000000000
202501	0015346566	0001419466	11700.000000	222183.0000000000000000
202501	0015347771	0001422755	15185.000000	409843.1500000000000000
202501	0015348660	0001424737	3000.000000	80970.0000000000000000
202501	0015348778	0001419633	3073.000000	82940.2700000000000000
202501	0015349685	0001425178	3000.000000	50970.0000000000000000
202501	0015349980	0001427075	19976.000000	199560.2400000000000000
202501	0015352384	0001427926	12000.000000	215880.0000000000000000
202501	0015353565	0001418800	13900.000000	243111.0000000000000000
202501	0015354601	0001427578	8700.000000	269613.0000000000000000
202501	0015355272	0001427684	8000.000000	211920.0000000000000000
202501	0015357912	0001418801	20430.000000	398180.7000000000000000
202501	0015358807	0001421802	13000.000000	324870.0000000000000000
202501	0015360543	0001419361	17000.000000	322830.0000000000000000
202501	0015360880	0001426277	9000.000000	238410.0000000000000000
202501	0015360936	0001421611	52400.000000	1414276.0000000000000000
202501	0015361567	0001428018	63000.000000	1196370.0000000000000000
202501	0015362585	0001422210	15600.000000	366444.0000000000000000
202501	0015364900	0001423682	32200.000000	836878.0000000000000000
202501	0015367443	0001419732	2000.000000	59980.0000000000000000
202501	0015368633	0001427109	27700.000000	678373.0000000000000000
202501	0015371024	0001425815	9000.000000	161910.0000000000000000
202501	0015371787	0001424195	40000.000000	679600.0000000000000000
202501	0015378434	0001426803	20800.000000	446992.0000000000000000
202501	0015379419	0001421789	28500.000000	384465.0000000000000000
202501	0015380310	0001422192	40500.000000	688095.0000000000000000
202501	0015380421	0001427133	17300.000000	345827.0000000000000000
202501	0015380543	0001419009	100400.000000	1755996.0000000000000000
202501	0015386988	0001424580	1500.000000	32985.0000000000000000
202501	0015387123	0001427632	101500.000000	963235.0000000000000000
202501	0015388247	0001418857	5000.000000	139950.0000000000000000
202501	0015388504	0001420085	8500.000000	195415.0000000000000000
202501	0015389610	0001422830	6000.000000	101940.0000000000000000
202501	0015390268	0001424238	8000.000000	235920.0000000000000000
202501	0015390956	0001422257	44600.000000	512454.0000000000000000
202501	0015393109	0001423936	18000.000000	503820.0000000000000000
202501	0015395042	0001421246	35000.000000	1189650.0000000000000000
202501	0015395561	0001428019	11200.000000	263088.0000000000000000
202501	0015398626	0001419852	17000.000000	229330.0000000000000000
202501	0015399906	0001426958	29600.000000	547304.0000000000000000
202501	0015406102	0001421266	17170.000000	514928.3000000000000000
202501	0015408275	0001419063	10500.000000	278145.0000000000000000
202501	0015412862	0001424686	40000.000000	679600.0000000000000000
202501	0015414630	0001427957	3000.000000	61470.0000000000000000
202501	0015419235	0001424039	13000.000000	461370.0000000000000000
202501	0015421329	0001418837	32500.000000	292175.0000000000000000
202501	0015421640	0001426299	33500.000000	535665.0000000000000000
202501	0015423233	0001424668	2500.000000	58725.0000000000000000
202501	0015423299	0001425858	13700.000000	337020.0000000000000000
202501	0015425077	0001420637	24977.000000	299474.2300000000000000
202501	0015427022	0001427154	3300.000000	56067.0000000000000000
202501	0015427816	0001420769	10900.000000	424991.0000000000000000
202501	0015430739	0001423689	36200.000000	651238.0000000000000000
202501	0015433946	0001421386	30600.000000	458694.0000000000000000
202501	0015437683	0001426679	3000.000000	74970.0000000000000000
202501	0015441376	0001419805	15698.000000	141125.0200000000000000
202501	0015445755	0001422032	10000.000000	349900.0000000000000000
202501	0015445961	0001425325	20000.000000	329800.0000000000000000
202501	0015449663	0001425163	13300.000000	225967.0000000000000000
202501	0015454339	0001423867	21900.000000	481581.0000000000000000
202501	0015454740	0001427759	9200.000000	234508.0000000000000000
202501	0015455584	0001419384	14000.000000	433860.0000000000000000
202501	0015457768	0001427161	6800.000000	180132.0000000000000000
202501	0015460490	0001421553	5000.000000	174950.0000000000000000
202501	0015461195	0001423107	3500.000000	92715.0000000000000000
202501	0015463258	0001426579	30000.000000	554700.0000000000000000
202501	0015467446	0001424679	4900.000000	164101.0000000000000000
202501	0015468263	0001427185	5500.000000	145695.0000000000000000
202501	0015469903	0001426189	3400.000000	95166.0000000000000000
202501	0015471328	0001421197	20500.000000	379045.0000000000000000
202501	0015471504	0001422011	7000.000000	62930.0000000000000000
202501	0015474923	0001419717	13900.000000	250061.0000000000000000
202501	0015476567	0001421858	15000.000000	367350.0000000000000000
202501	0015476697	0001419447	85400.000000	1280146.0000000000000000
202501	0015481537	0001418930	1300.000000	38987.0000000000000000
202501	0015482793	0001425825	28500.000000	484215.0000000000000000
202501	0015483759	0001420735	10000.000000	329900.0000000000000000
202501	0015484835	0001419031	10000.000000	379900.0000000000000000
202501	0015485974	0001425289	1850.000000	50856.5000000000000000
202501	0015486597	0001426348	15500.000000	263345.0000000000000000
202501	0015487890	0001421614	27000.000000	836730.0000000000000000
202501	0015488002	0001426283	24600.000000	700854.0000000000000000
202501	0015488088	0001426074	89700.000000	851253.0000000000000000
202501	0015491755	0001423380	6600.000000	224334.0000000000000000
202501	0015492340	0001424609	10100.000000	171599.0000000000000000
202501	0015495227	0001423892	25500.000000	560745.0000000000000000
202501	0015497073	0001422878	25800.000000	580242.0000000000000000
202501	0015499614	0001425502	35577.000000	479933.7300000000000000
202501	0015499633	0001425147	36400.000000	1128036.0000000000000000
202501	0015501756	0001420565	10500.000000	320250.0000000000000000
202501	0015502214	0001420050	10600.000000	402694.0000000000000000
202501	0015502258	0001426873	18685.000000	541678.1500000000000000
202501	0015506028	0001423130	7000.000000	171430.0000000000000000
202501	0015507897	0001426607	87894.000000	1537266.0600000000000000
202501	0015511562	0001420412	9600.000000	139104.0000000000000000
202501	0015511703	0001425676	11700.000000	181233.0000000000000000
202501	0015513365	0001424784	24900.000000	547551.0000000000000000
202501	0015514636	0001420724	5500.000000	164945.0000000000000000
202501	0015514916	0001424025	10300.000000	401597.0000000000000000
202501	0015517791	0001424923	40000.000000	659600.0000000000000000
202501	0015518882	0001425346	83100.000000	830169.0000000000000000
202501	0015519601	0001428106	50000.000000	724500.0000000000000000
202501	0015521877	0001419788	18300.000000	420717.0000000000000000
202501	0015523310	0001425171	8000.000000	175920.0000000000000000
202501	0015524252	0001418989	5000.000000	87450.0000000000000000
202501	0015526309	0001421375	1600.000000	46384.0000000000000000
202501	0015528760	0001421625	14050.000000	421359.5000000000000000
202501	0015530995	0001423904	1000.000000	24490.0000000000000000
202501	0015532681	0001423555	10000.000000	179900.0000000000000000
202501	0015535253	0001423982	1000.000000	20990.0000000000000000
202501	0015537424	0001421414	9000.000000	260910.0000000000000000
202501	0015537964	0001420021	75000.000000	2361750.0000000000000000
202501	0015540810	0001423418	14400.000000	354240.0000000000000000
202501	0015540923	0001420751	3000.000000	41970.0000000000000000
202501	0015544338	0001427694	15000.000000	239850.0000000000000000
202501	0015544856	0001424854	100147.000000	900321.5300000000000000
202501	0015545715	0001424488	43000.000000	1096070.0000000000000000
202501	0015545860	0001424726	46190.000000	830958.1000000000000000
202501	0015546130	0001421370	27000.000000	863730.0000000000000000
202501	0015547093	0001425543	18584.000000	269282.1600000000000000
202501	0015555437	0001418809	1000.000000	17490.0000000000000000
202501	0015556354	0001419569	20577.000000	506194.2000000000000000
202501	0015558610	0001424041	38700.000000	657513.0000000000000000
202501	0015559836	0001423154	3600.000000	57564.0000000000000000
202501	0015560108	0001420828	65577.000000	1048576.2300000000000000
202501	0015562575	0001427885	3000.000000	83970.0000000000000000
202501	0015567932	0001420680	13200.000000	270468.0000000000000000
202501	0015568246	0001422115	2500.000000	83725.0000000000000000
202501	0015569386	0001427357	5000.000000	139950.0000000000000000
202501	0015569685	0001419574	4000.000000	115960.0000000000000000
202501	0015570468	0001425999	8000.000000	135920.0000000000000000
202501	0015570572	0001425814	33000.000000	478170.0000000000000000
202501	0015575998	0001427992	50000.000000	1399500.0000000000000000
202501	0015580125	0001420344	37700.000000	927420.0000000000000000
202501	0015580449	0001422881	17700.000000	548523.0000000000000000
202501	0015582351	0001426979	15400.000000	261646.0000000000000000
202501	0015587680	0001419150	22000.000000	780780.0000000000000000
202501	0015590677	0001423193	18900.000000	321111.0000000000000000
202501	0015590781	0001419005	22417.000000	392073.3300000000000000
202501	0015590798	0001423377	24400.000000	682956.0000000000000000
202501	0015591413	0001423905	20500.000000	532795.0000000000000000
202501	0015592162	0001421172	24800.000000	483352.0000000000000000
202501	0015595861	0001422725	24000.000000	815760.0000000000000000
202501	0015598109	0001423150	12500.000000	307500.0000000000000000
202501	0015600743	0001421429	33000.000000	379170.0000000000000000
202501	0015602666	0001420829	2000.000000	49980.0000000000000000
202501	0015604418	0001426708	20400.000000	183396.0000000000000000
202501	0015604463	0001424378	88600.000000	929414.0000000000000000
202501	0015607891	0001428036	15000.000000	172350.0000000000000000
202501	0015608411	0001423514	33500.000000	636165.0000000000000000
202501	0015614631	0001419556	30000.000000	284700.0000000000000000
202501	0015615007	0001426833	13400.000000	375066.0000000000000000
202501	0015617874	0001425529	35000.000000	314650.0000000000000000
202501	0015618958	0001427306	17000.000000	645830.0000000000000000
202501	0015619750	0001420144	35100.000000	666549.0000000000000000
202501	0015623347	0001425539	17369.000000	427277.4000000000000000
202501	0015623741	0001422743	30000.000000	449700.0000000000000000
202501	0015624142	0001420968	80000.000000	799200.0000000000000000
202501	0015624557	0001421286	25577.000000	524072.7300000000000000
202501	0015628151	0001424461	5500.000000	52195.0000000000000000
202501	0015628558	0001421280	7000.000000	255430.0000000000000000
202501	0015630321	0001419356	19500.000000	428805.0000000000000000
202501	0015631395	0001426562	43100.000000	796919.0000000000000000
202501	0015631526	0001425256	12700.000000	312420.0000000000000000
202501	0015634144	0001420745	15000.000000	367350.0000000000000000
202501	0015636125	0001422946	18100.000000	388969.0000000000000000
202501	0015636215	0001419577	30869.000000	894892.3100000000000000
202501	0015636259	0001426741	6700.000000	190883.0000000000000000
202501	0015639194	0001427260	11900.000000	292740.0000000000000000
202501	0015642769	0001422929	20454.000000	623847.0000000000000000
202501	0015643050	0001426259	4870.000000	136311.3000000000000000
202501	0015645401	0001419728	25113.000000	288548.3700000000000000
202501	0015645634	0001419095	28580.000000	557024.2000000000000000
202501	0015647482	0001427743	6000.000000	83940.0000000000000000
202501	0015647545	0001423685	50300.000000	829447.0000000000000000
202501	0015650078	0001427609	22000.000000	318780.0000000000000000
202501	0015650610	0001422270	20000.000000	389800.0000000000000000
202501	0015652506	0001419030	2000.000000	35980.0000000000000000
202501	0015653325	0001420586	14605.000000	359283.0000000000000000
202501	0015653686	0001422696	38000.000000	816620.0000000000000000
202501	0015654793	0001427151	15000.000000	382350.0000000000000000
202501	0015657390	0001427648	5000.000000	44950.0000000000000000
202501	0015662171	0001428044	17300.000000	190127.0000000000000000
202501	0015667302	0001426734	14700.000000	499653.0000000000000000
202501	0015678640	0001428064	13600.000000	414800.0000000000000000
202501	0015679309	0001426924	1800.000000	47682.0000000000000000
202501	0015679409	0001424840	3000.000000	47970.0000000000000000
202501	0015679542	0001420691	6000.000000	179940.0000000000000000
202501	0015679761	0001421100	26540.000000	358024.6000000000000000
202501	0015680073	0001427669	13000.000000	318370.0000000000000000
202501	0015680308	0001419320	13500.000000	283365.0000000000000000
202501	0015681344	0001425536	42000.000000	1070580.0000000000000000
202501	0015683131	0001425835	15000.000000	397350.0000000000000000
202501	0015684091	0001424582	35000.000000	839650.0000000000000000
202501	0015685999	0001422943	29000.000000	333210.0000000000000000
202501	0015686706	0001425549	37240.000000	669947.6000000000000000
202501	0015686743	0001419774	13500.000000	128115.0000000000000000
202501	0015689886	0001421892	10200.000000	285498.0000000000000000
202501	0015690594	0001421913	89400.000000	2547006.0000000000000000
202501	0015693196	0001427716	50000.000000	924500.0000000000000000
202501	0015694862	0001427962	20000.000000	669800.0000000000000000
202501	0015696173	0001424683	4000.000000	67960.0000000000000000
202501	0015696564	0001423900	13600.000000	333064.0000000000000000
202501	0015697232	0001427803	5000.000000	92450.0000000000000000
202501	0015697498	0001419239	31300.000000	563087.0000000000000000
202501	0015697511	0001425674	22700.000000	558420.0000000000000000
202501	0015697707	0001419040	10800.000000	221292.0000000000000000
202501	0015699505	0001422982	12000.000000	335880.0000000000000000
202501	0015700546	0001423592	14000.000000	412860.0000000000000000
202501	0015701078	0001427067	16000.000000	423840.0000000000000000
202501	0015701544	0001419870	11200.000000	296688.0000000000000000
202501	0015702928	0001420672	8000.000000	267920.0000000000000000
202501	0015704140	0001425982	25600.000000	729344.0000000000000000
202501	0015708840	0001421829	113745.000000	1136312.5500000000000000
202501	0015709025	0001425437	4000.000000	67960.0000000000000000
202501	0015709708	0001425186	5000.000000	109950.0000000000000000
202501	0015709710	0001421915	6000.000000	107940.0000000000000000
202501	0015709787	0001420331	6600.000000	158334.0000000000000000
202501	0015712925	0001424496	50000.000000	499500.0000000000000000
202501	0015715086	0001424314	5001.000000	84966.9900000000000000
202501	0015715864	0001419025	20300.000000	730597.0000000000000000
202501	0015717064	0001425528	11100.000000	366189.0000000000000000
202501	0015722153	0001427888	3000.000000	26970.0000000000000000
202501	0015727912	0001421982	78056.000000	1052975.4400000000000000
202501	0015728684	0001425542	45750.000000	434167.5000000000000000
202501	0015729301	0001427022	4000.000000	63960.0000000000000000
202501	0015729306	0001422194	32369.000000	695609.8100000000000000
202501	0015729993	0001419076	40000.000000	772000.0000000000000000
202501	0015730877	0001420070	20000.000000	179800.0000000000000000
202501	0015732017	0001423343	1500.000000	25485.0000000000000000
202501	0015732382	0001423750	60577.000000	665741.2300000000000000
202501	0015736968	0001421226	6900.000000	206931.0000000000000000
202501	0015744402	0001424825	2000.000000	60980.0000000000000000
202501	0015745574	0001419190	19970.000000	319320.3000000000000000
202501	0015746532	0001423036	16000.000000	479840.0000000000000000
202501	0015747762	0001419542	15600.000000	304044.0000000000000000
202501	0015748095	0001421685	100000.000000	2649000.0000000000000000
202501	0015751893	0001426497	10000.000000	204900.0000000000000000
202501	0015752016	0001419836	80000.000000	2159200.0000000000000000
202501	0015755066	0001425146	54400.000000	815456.0000000000000000
202501	0015755394	0001424489	131067.000000	1440426.3300000000000000
202501	0015755864	0001420650	23000.000000	620770.0000000000000000
202501	0015757170	0001425718	42000.000000	839580.0000000000000000
202501	0015758095	0001421219	5900.000000	94341.0000000000000000
202501	0015759782	0001424830	4000.000000	77960.0000000000000000
202501	0015762073	0001420037	21300.000000	606837.0000000000000000
202501	0015762488	0001427984	7300.000000	207977.0000000000000000
202501	0015764801	0001426401	16600.000000	389934.0000000000000000
202501	0015765961	0001425791	48200.000000	746618.0000000000000000
202501	0015769742	0001421473	100000.000000	1649000.0000000000000000
202501	0015772510	0001423917	28077.000000	589336.2300000000000000
202501	0015772597	0001424931	24700.000000	419653.0000000000000000
202501	0015773657	0001424059	8185.000000	143155.6500000000000000
202501	0015778611	0001419624	30369.000000	576707.3100000000000000
202501	0015779413	0001419090	6800.000000	197132.0000000000000000
202501	0015781595	0001420849	60577.000000	786895.2300000000000000
202501	0015782354	0001422084	20000.000000	699800.0000000000000000
202501	0015786403	0001426054	16000.000000	623840.0000000000000000
202501	0015790655	0001424863	46400.000000	718736.0000000000000000
202501	0015790763	0001424223	10000.000000	139900.0000000000000000
202501	0015791018	0001422013	25000.000000	299750.0000000000000000
202501	0015791125	0001426602	150000.000000	1498500.0000000000000000
202501	0015792056	0001424355	110000.000000	1098900.0000000000000000
202501	0015792263	0001422897	14800.000000	251452.0000000000000000
202501	0015794718	0001420335	37700.000000	885573.0000000000000000
202501	0015794733	0001427974	21684.000000	390095.1600000000000000
202501	0015796029	0001427872	15000.000000	584850.0000000000000000
202501	0015798747	0001424244	15000.000000	434850.0000000000000000
202501	0015798978	0001427963	21000.000000	524790.0000000000000000
202501	0015800407	0001427242	38700.000000	1005813.0000000000000000
202501	0015803171	0001420848	7000.000000	262430.0000000000000000
202501	0015803736	0001422464	18000.000000	377820.0000000000000000
202501	0015807009	0001422991	50000.000000	899500.0000000000000000
202501	0015807749	0001424966	81131.000000	729367.6900000000000000
202501	0015808960	0001427805	19400.000000	620606.0000000000000000
202501	0015811889	0001420258	7400.000000	214526.0000000000000000
202501	0015812050	0001423595	4150.000000	55983.5000000000000000
202501	0015813789	0001421716	28400.000000	823316.0000000000000000
202501	0015816140	0001426555	12500.000000	349875.0000000000000000
202501	0015816456	0001422234	49200.000000	540708.0000000000000000
202501	0015818872	0001421780	25000.000000	424750.0000000000000000
202501	0015822398	0001423080	20700.000000	362043.0000000000000000
202501	0015822936	0001421605	37400.000000	990726.0000000000000000
202501	0015824674	0001422955	23600.000000	330164.0000000000000000
202501	0015828639	0001421645	16077.000000	449995.2300000000000000
202501	0015829309	0001424520	16000.000000	303840.0000000000000000
202501	0015835119	0001423762	10000.000000	169900.0000000000000000
202501	0015839824	0001425678	5185.000000	64760.6500000000000000
202501	0015844484	0001426303	1000.000000	42990.0000000000000000
202501	0015845611	0001427425	12300.000000	430377.0000000000000000
202501	0015848075	0001426297	6252.000000	174993.4800000000000000
202501	0015850196	0001425237	70000.000000	1189300.0000000000000000
202501	0015851519	0001422960	30000.000000	779700.0000000000000000
202501	0015851539	0001419448	9400.000000	263106.0000000000000000
202501	0015852427	0001426257	20000.000000	529800.0000000000000000
202501	0015852436	0001425729	70100.000000	980699.0000000000000000
202501	0015852497	0001424712	6000.000000	101940.0000000000000000
202501	0015854489	0001425690	40000.000000	739600.0000000000000000
202501	0015854843	0001420575	22600.000000	881174.0000000000000000
202501	0015855656	0001426597	15000.000000	419850.0000000000000000
202501	0015856060	0001425871	4500.000000	76455.0000000000000000
202501	0015860571	0001425246	17700.000000	601623.0000000000000000
202501	0015862701	0001421923	100000.000000	1449000.0000000000000000
202501	0015863789	0001426207	19100.000000	525059.0000000000000000
202501	0015865525	0001427794	12000.000000	149880.0000000000000000
202501	0015866272	0001421896	3000.000000	97470.0000000000000000
202501	0015868175	0001426516	11400.000000	410286.0000000000000000
202501	0015868235	0001419529	11000.000000	307890.0000000000000000
202501	0015868334	0001422693	11600.000000	220284.0000000000000000
202501	0015868581	0001428162	3000.000000	64470.0000000000000000
202501	0015868679	0001426636	80900.000000	727291.0000000000000000
202501	0015869980	0001423349	23000.000000	379270.0000000000000000
202501	0015869991	0001426109	23500.000000	681265.0000000000000000
202501	0015870702	0001423584	40000.000000	839600.0000000000000000
202501	0015870993	0001427192	24680.000000	727813.2000000000000000
202501	0015872834	0001424148	2300.000000	39077.0000000000000000
202501	0015876193	0001422420	8000.000000	135920.0000000000000000
202501	0015876305	0001422065	30000.000000	509700.0000000000000000
202501	0015879174	0001427197	71709.000000	716372.9100000000000000
202501	0015879556	0001419823	100700.000000	1811593.0000000000000000
202501	0015882006	0001426505	14400.000000	338256.0000000000000000
202501	0015883090	0001425596	113500.000000	1020365.0000000000000000
202501	0015885549	0001419244	33300.000000	982017.0000000000000000
202501	0015886685	0001422973	23900.000000	561411.0000000000000000
202501	0015889207	0001419632	11300.000000	299337.0000000000000000
202501	0015889236	0001420773	54000.000000	1295460.0000000000000000
202501	0015890124	0001422077	14645.000000	291435.5000000000000000
202501	0015890459	0001421282	3500.000000	66465.0000000000000000
202501	0015893260	0001419328	8000.000000	299920.0000000000000000
202501	0015895131	0001421859	10000.000000	259900.0000000000000000
202501	0015896973	0001424586	3000.000000	58470.0000000000000000
202501	0015897612	0001422895	17500.000000	341075.0000000000000000
202501	0015900853	0001427850	29000.000000	713400.0000000000000000
202501	0015902530	0001420731	3000.000000	86970.0000000000000000
202501	0015903319	0001426246	15950.000000	574040.5000000000000000
202501	0015903539	0001424729	18900.000000	387261.0000000000000000
202501	0015905757	0001419806	6050.000000	126989.5000000000000000
202501	0015906267	0001426300	6700.000000	150683.0000000000000000
202501	0015907034	0001424810	5000.000000	84950.0000000000000000
202501	0015909685	0001419413	10000.000000	299900.0000000000000000
202501	0015909989	0001423351	3000.000000	68970.0000000000000000
202501	0015913396	0001424885	12800.000000	345472.0000000000000000
202501	0015917080	0001425330	1000.000000	30990.0000000000000000
202501	0015921925	0001421393	43000.000000	1117570.0000000000000000
202501	0015923661	0001419048	24900.000000	522651.0000000000000000
202501	0015927450	0001426211	1000.000000	26490.0000000000000000
202501	0015931808	0001422852	4590.000000	128474.1000000000000000
202501	0015932760	0001422212	70300.000000	983497.0000000000000000
202501	0015933222	0001421394	23600.000000	589764.0000000000000000
202501	0015935829	0001426976	10252.000000	174181.4800000000000000
202501	0015939079	0001419097	3500.000000	101465.0000000000000000
202501	0015939973	0001426239	15800.000000	268442.0000000000000000
202501	0015943856	0001423754	2200.000000	32978.0000000000000000
202501	0015944077	0001428112	11500.000000	235635.0000000000000000
202501	0015945242	0001427418	47200.000000	1203128.0000000000000000
202501	0015946306	0001423972	15000.000000	337350.0000000000000000
202501	0015946616	0001426744	22400.000000	492576.0000000000000000
202501	0015946750	0001425711	10000.000000	154900.0000000000000000
202501	0015947338	0001422636	29300.000000	395257.0000000000000000
202501	0015949103	0001422268	26000.000000	441740.0000000000000000
202501	0015951748	0001420270	47000.000000	1057030.0000000000000000
202501	0015954516	0001427645	2500.000000	42475.0000000000000000
202501	0015956145	0001421668	5000.000000	84950.0000000000000000
202501	0015958531	0001423026	26500.000000	569485.0000000000000000
202501	0015960684	0001419349	9900.000000	346401.0000000000000000
202501	0015961570	0001424387	96577.000000	1061381.2300000000000000
202501	0015962328	0001423329	100000.000000	1349000.0000000000000000
202501	0015963372	0001428025	67613.000000	743066.8700000000000000
202501	0015964646	0001426492	5000.000000	147450.0000000000000000
202501	0015965644	0001425781	10000.000000	244900.0000000000000000
202501	0015966174	0001425995	100000.000000	1499000.0000000000000000
202501	0015972689	0001423763	38100.000000	628269.0000000000000000
202501	0015974311	0001426583	45000.000000	719550.0000000000000000
202501	0015974867	0001423968	15000.000000	524850.0000000000000000
202501	0015977615	0001425725	73475.000000	807490.2500000000000000
202501	0015980011	0001425177	1550.000000	24784.5000000000000000
202501	0015982912	0001424377	5000.000000	132450.0000000000000000
202501	0015984473	0001418854	6000.000000	140940.0000000000000000
202501	0015988425	0001421516	58300.000000	1165417.0000000000000000
202501	0015997006	0001419028	2700.000000	47223.0000000000000000
202501	0016000014	0001419975	12077.000000	241419.2300000000000000
202501	0016001272	0001419715	6145.000000	159708.5500000000000000
202501	0016001513	0001419997	38300.000000	708167.0000000000000000
202501	0016001571	0001419712	6500.000000	259935.0000000000000000
202501	0016003063	0001427893	70000.000000	1357300.0000000000000000
202501	0016005219	0001421478	46600.000000	838334.0000000000000000
202501	0016007806	0001427661	24400.000000	512156.0000000000000000
202501	0016008722	0001420822	22500.000000	596025.0000000000000000
202501	0016008955	0001427614	100000.000000	1699000.0000000000000000
202501	0016009031	0001420843	19500.000000	682305.0000000000000000
202501	0016011343	0001422770	37300.000000	540477.0000000000000000
202501	0016011841	0001427455	5000.000000	122450.0000000000000000
202501	0016013720	0001427696	6500.000000	331435.0000000000000000
202501	0016015438	0001423228	4000.000000	195960.0000000000000000
202501	0016017961	0001425927	22100.000000	485979.0000000000000000
202501	0016018152	0001421560	40000.000000	1439600.0000000000000000
202501	0016018340	0001419378	9000.000000	233910.0000000000000000
202501	0016022484	0001423159	1000.000000	37990.0000000000000000
202501	0016023575	0001425585	7400.000000	159026.0000000000000000
202501	0016023696	0001424464	12145.000000	449243.5500000000000000
202501	0016024047	0001426883	37954.000000	1081309.4600000000000000
202501	0016025024	0001421445	36954.000000	701756.4600000000000000
202501	0016029068	0001422427	10000.000000	209900.0000000000000000
202501	0016030782	0001426051	16700.000000	450733.0000000000000000
202501	0016031652	0001421104	22000.000000	428780.0000000000000000
202501	0016034366	0001427045	4260.000000	117107.4000000000000000
202501	0016038518	0001421215	23000.000000	839270.0000000000000000
202501	0016038847	0001419545	19500.000000	633555.0000000000000000
202501	0016039021	0001421711	62000.000000	1642380.0000000000000000
202501	0016041316	0001427471	29300.000000	541757.0000000000000000
202501	0016041635	0001423396	6145.000000	119766.0500000000000000
202501	0016042466	0001420039	46200.000000	738738.0000000000000000
202501	0016046826	0001422741	28252.000000	494127.4800000000000000
202501	0016047951	0001423300	7000.000000	202930.0000000000000000
202501	0016049161	0001422344	34400.000000	894056.0000000000000000
202501	0016049272	0001419474	50200.000000	1379998.0000000000000000
202501	0016050934	0001425158	3000.000000	100470.0000000000000000
202501	0016051069	0001419559	12850.000000	391925.0000000000000000
202501	0016052998	0001421984	27500.000000	962225.0000000000000000
202501	0016053009	0001427618	12800.000000	217472.0000000000000000
202501	0016053505	0001425475	20000.000000	319800.0000000000000000
202501	0016054722	0001424848	13100.000000	536969.0000000000000000
202501	0016055661	0001421586	3550.000000	83389.5000000000000000
202501	0016057228	0001426529	6000.000000	158940.0000000000000000
202501	0016058207	0001424008	15069.000000	459604.5000000000000000
202501	0016059381	0001426929	11000.000000	186890.0000000000000000
202501	0016059776	0001424080	88000.000000	879120.0000000000000000
202501	0016060690	0001421126	11200.000000	274288.0000000000000000
202501	0016061206	0001427579	99600.000000	1293804.0000000000000000
202501	0016061677	0001422964	5500.000000	93445.0000000000000000
202501	0016062790	0001423500	6000.000000	155940.0000000000000000
202501	0016064732	0001420245	17500.000000	656075.0000000000000000
202501	0016065772	0001425320	10000.000000	119900.0000000000000000
202501	0016066292	0001419110	25000.000000	612250.0000000000000000
202501	0016068071	0001424884	29700.000000	415503.0000000000000000
202501	0016068091	0001420495	9000.000000	242910.0000000000000000
202501	0016068910	0001425187	1200.000000	20988.0000000000000000
202501	0016069211	0001425154	4132.000000	70202.6800000000000000
202501	0016070022	0001425283	20000.000000	179800.0000000000000000
202501	0016072765	0001426769	16054.000000	394928.4000000000000000
202501	0016072840	0001427072	40900.000000	1022091.0000000000000000
202501	0016073610	0001427779	2000.000000	33980.0000000000000000
202501	0016074372	0001425588	2000.000000	66980.0000000000000000
202501	0016074499	0001420573	22300.000000	423477.0000000000000000
202501	0016082759	0001421734	25438.000000	279563.6200000000000000
202501	0016083138	0001418824	3000.000000	83970.0000000000000000
202501	0016084902	0001426233	14000.000000	307860.0000000000000000
202501	0016085789	0001421703	18000.000000	287820.0000000000000000
202501	0016089187	0001421217	1896.000000	33938.4000000000000000
202501	0016090230	0001427152	1000.000000	23490.0000000000000000
202501	0016090559	0001420222	3000.000000	91470.0000000000000000
202501	0016091843	0001421426	8252.000000	255729.4800000000000000
202501	0016092252	0001422810	25369.000000	431019.3100000000000000
202501	0016093291	0001424502	44300.000000	664057.0000000000000000
202501	0016095322	0001420512	29600.000000	858104.0000000000000000
202501	0016096075	0001425745	27000.000000	580230.0000000000000000
202501	0016098120	0001427916	31400.000000	627686.0000000000000000
202501	0016099712	0001424751	30500.000000	777445.0000000000000000
202501	0016101289	0001424362	20000.000000	569800.0000000000000000
202501	0016102591	0001421339	3500.000000	33215.0000000000000000
202501	0016104702	0001424968	16600.000000	780034.0000000000000000
202501	0016104918	0001418923	7400.000000	214526.0000000000000000
202501	0016104924	0001424672	15000.000000	352350.0000000000000000
202501	0016106716	0001424226	33000.000000	610170.0000000000000000
202501	0016106866	0001423345	1000.000000	16990.0000000000000000
202501	0016109337	0001425840	27500.000000	989725.0000000000000000
202501	0016109747	0001425808	21590.000000	531114.0000000000000000
202501	0016109760	0001424566	49090.000000	760404.1000000000000000
202501	0016112340	0001423151	66000.000000	1385340.0000000000000000
202501	0016113840	0001425334	7000.000000	276430.0000000000000000
202501	0016117007	0001423473	13000.000000	383370.0000000000000000
202501	0016118418	0001425228	6000.000000	218940.0000000000000000
202501	0016125288	0001426045	6100.000000	131089.0000000000000000
202501	0016129941	0001424753	6100.000000	91439.0000000000000000
202501	0016131587	0001426032	11600.000000	516084.0000000000000000
202501	0016134973	0001420791	20000.000000	369800.0000000000000000
202501	0016135138	0001421883	12000.000000	299880.0000000000000000
202501	0016135751	0001427446	30100.000000	421099.0000000000000000
202501	0016138616	0001420036	11252.000000	196797.4800000000000000
202501	0016139128	0001426882	5000.000000	69950.0000000000000000
202501	0016147405	0001426860	19600.000000	401604.0000000000000000
202501	0016147653	0001424297	44100.000000	749259.0000000000000000
202501	0016152453	0001424912	49900.000000	548401.0000000000000000
202501	0016153147	0001419186	8252.000000	214469.4800000000000000
202501	0016154459	0001419882	10252.000000	266449.4800000000000000
202501	0016154462	0001427071	10000.000000	194900.0000000000000000
202501	0016155676	0001421273	15000.000000	584850.0000000000000000
202501	0016155748	0001424169	30000.000000	509700.0000000000000000
202501	0016157696	0001425804	450539.320000	3149269.8468000000000000
202501	0016160326	0001419158	1500.000000	43485.0000000000000000
202501	0016160934	0001423690	48500.000000	1090765.0000000000000000
202501	0016161605	0001426439	60380.000000	965476.2000000000000000
202501	0016165869	0001427812	13500.000000	411750.0000000000000000
202501	0016165943	0001420012	49000.000000	1077510.0000000000000000
202501	0016168403	0001422679	10100.000000	161499.0000000000000000
202501	0016170904	0001421184	68800.000000	1340912.0000000000000000
202501	0016173131	0001424655	15100.000000	256549.0000000000000000
202501	0016173356	0001428126	57800.000000	1097622.0000000000000000
202501	0016175876	0001425189	16600.000000	408360.0000000000000000
202501	0016177039	0001423310	3000.000000	82470.0000000000000000
202501	0016177758	0001422289	35300.000000	687997.0000000000000000
202501	0016179393	0001427024	42800.000000	1090972.0000000000000000
202501	0016180584	0001421167	1800.000000	35982.0000000000000000
202501	0016181653	0001421990	1700.000000	50983.0000000000000000
202501	0016186146	0001419044	26000.000000	480740.0000000000000000
202501	0016189919	0001427350	3000.000000	26970.0000000000000000
202501	0016190002	0001425743	73200.000000	877668.0000000000000000
202501	0016190220	0001424088	4800.000000	134352.0000000000000000
202501	0016190828	0001422442	100000.000000	1749000.0000000000000000
202501	0016192635	0001425652	31600.000000	584284.0000000000000000
202501	0016192814	0001423912	5300.000000	84747.0000000000000000
202501	0016193830	0001422387	2800.000000	57372.0000000000000000
202501	0016194186	0001426251	8500.000000	157165.0000000000000000
202501	0016197384	0001425619	26900.000000	416681.0000000000000000
202501	0016197668	0001424881	50200.000000	2459298.0000000000000000
202501	0016197953	0001427572	11000.000000	351890.0000000000000000
202501	0016198526	0001424321	15565.000000	264449.3500000000000000
202501	0016203744	0001427613	30000.000000	434700.0000000000000000
202501	0016206119	0001421678	50000.000000	449500.0000000000000000
202501	0016206169	0001419843	5000.000000	92450.0000000000000000
202501	0016207673	0001424417	11400.000000	280440.0000000000000000
202501	0016208054	0001421285	15000.000000	359850.0000000000000000
202501	0016208438	0001427119	16000.000000	295840.0000000000000000
202501	0016213773	0001426072	86892.000000	1997647.0800000000000000
202501	0016214275	0001427155	8500.000000	225165.0000000000000000
202501	0016214357	0001424596	8000.000000	187920.0000000000000000
202501	0016215010	0001426742	31100.000000	714989.0000000000000000
202501	0016216476	0001423444	12900.000000	317340.0000000000000000
202501	0016219921	0001420970	4000.000000	87960.0000000000000000
202501	0016219960	0001419906	14830.000000	251961.7000000000000000
202501	0016220126	0001427538	43200.000000	539568.0000000000000000
202501	0016224875	0001425389	28900.000000	635511.0000000000000000
202501	0016224929	0001419604	11000.000000	131890.0000000000000000
202501	0016227568	0001426191	12000.000000	335880.0000000000000000
202501	0016250608	0001426101	19400.000000	407206.0000000000000000
202501	0016255256	0001425485	9500.000000	232655.0000000000000000
202501	0016255665	0001419445	6000.000000	209940.0000000000000000
202501	0016257383	0001423384	50000.000000	1599500.0000000000000000
202501	0016259538	0001422729	17900.000000	545771.0000000000000000
202501	0016265151	0001427481	13100.000000	536969.0000000000000000
202501	0016265190	0001427478	19900.000000	616701.0000000000000000
202501	0016267954	0001425913	10000.000000	209900.0000000000000000
202501	0016268282	0001420598	16000.000000	335840.0000000000000000
202501	0016269297	0001419521	11000.000000	390390.0000000000000000
202501	0016269557	0001422316	11000.000000	362890.0000000000000000
202501	0016270898	0001426266	19770.000000	751062.3000000000000000
202501	0016273871	0001424743	49000.000000	832510.0000000000000000
202501	0016275394	0001423933	5500.000000	101695.0000000000000000
202501	0016276495	0001420701	3200.000000	43168.0000000000000000
202501	0016277366	0001423974	3880.000000	95021.2000000000000000
202501	0016279104	0001420823	25000.000000	299750.0000000000000000
202501	0016283268	0001421319	10000.000000	157400.0000000000000000
202501	0016283943	0001423897	33000.000000	857670.0000000000000000
202501	0016284403	0001423908	15000.000000	539850.0000000000000000
202501	0016290692	0001424567	3000.000000	103470.0000000000000000
202501	0016293751	0001424910	67600.000000	742924.0000000000000000
202501	0016299151	0001424234	6000.000000	179940.0000000000000000
202501	0016300113	0001426397	30000.000000	719700.0000000000000000
202501	0016305614	0001419415	28100.000000	674119.0000000000000000
202501	0016306305	0001421517	40577.000000	1034307.7300000000000000
202501	0016307224	0001425753	6500.000000	181935.0000000000000000
202501	0016311030	0001424747	3000.000000	80970.0000000000000000
202501	0016313645	0001419674	5000.000000	114950.0000000000000000
202501	0016313815	0001421258	10600.000000	275494.0000000000000000
202501	0016313856	0001427384	35100.000000	596349.0000000000000000
202501	0016315179	0001425501	16600.000000	514434.0000000000000000
202501	0016317204	0001423187	23000.000000	620770.0000000000000000
202501	0016320196	0001421480	3300.000000	115467.0000000000000000
202501	0016321206	0001422740	5700.000000	279243.0000000000000000
202501	0016324743	0001427376	63000.000000	629370.0000000000000000
202501	0016328910	0001419667	35454.000000	886350.0000000000000000
202501	0016336256	0001418874	6900.000000	289731.0000000000000000
202501	0016339592	0001425522	27752.000000	457630.4800000000000000
202501	0016340230	0001426425	31860.000000	843971.4000000000000000
202501	0016341054	0001422380	16950.000000	457480.5000000000000000
202501	0016343464	0001426549	5000.000000	117450.0000000000000000
202501	0016343534	0001420728	5000.000000	49950.0000000000000000
202501	0016345109	0001427907	36500.000000	897900.0000000000000000
202501	0016349214	0001424203	4000.000000	97960.0000000000000000
202501	0016351051	0001423758	1300.000000	45487.0000000000000000
202501	0016353112	0001422440	8500.000000	209100.0000000000000000
202501	0016354940	0001420808	4600.000000	172454.0000000000000000
202501	0016354985	0001419505	17000.000000	501330.0000000000000000
202501	0016357345	0001421812	15100.000000	437749.0000000000000000
202501	0016357367	0001427349	41800.000000	1128182.0000000000000000
202501	0016357667	0001420274	5700.000000	165243.0000000000000000
202501	0016359064	0001426485	11120.000000	289008.8000000000000000
202501	0016359990	0001422153	3000.000000	103470.0000000000000000
202501	0016361040	0001419601	3000.000000	82470.0000000000000000
202501	0016363809	0001422072	6100.000000	100589.0000000000000000
202501	0016365478	0001423013	10000.000000	169900.0000000000000000
202501	0016366538	0001422317	36000.000000	503640.0000000000000000
202501	0016367950	0001426993	74700.000000	858303.0000000000000000
202501	0016368871	0001418946	30000.000000	734700.0000000000000000
202501	0016368993	0001423807	14500.000000	173855.0000000000000000
202501	0016374062	0001425807	12300.000000	344277.0000000000000000
202501	0016374915	0001423214	19535.000000	292829.6500000000000000
202501	0016380104	0001426435	6000.000000	149940.0000000000000000
202501	0016381604	0001426982	42100.000000	1031029.0000000000000000
202501	0016384260	0001425659	33400.000000	684366.0000000000000000
202501	0016387797	0001420922	5500.000000	151195.0000000000000000
202501	0016389073	0001427516	9000.000000	152910.0000000000000000
202501	0016394469	0001423636	20000.000000	610000.0000000000000000
202501	0016394937	0001419900	9371.000000	248237.7900000000000000
202501	0016395395	0001425497	35000.000000	682150.0000000000000000
202501	0016396415	0001427770	86400.000000	1165536.0000000000000000
202501	0016397795	0001426388	6000.000000	167940.0000000000000000
202501	0016397847	0001420499	7000.000000	202930.0000000000000000
202501	0016398627	0001423223	8685.000000	108475.6500000000000000
202501	0016400278	0001423616	12751.000000	274018.9900000000000000
202501	0016401427	0001420844	4130.000000	119728.7000000000000000
202501	0016402990	0001427553	3000.000000	67470.0000000000000000
202501	0016405295	0001422773	99100.000000	1733259.0000000000000000
202501	0016406139	0001424687	2000.000000	31980.0000000000000000
202501	0016406358	0001427382	6500.000000	256685.0000000000000000
202501	0016406722	0001423930	12000.000000	515880.0000000000000000
202501	0016408362	0001423561	15000.000000	254850.0000000000000000
202501	0016411742	0001422512	89400.000000	1295406.0000000000000000
202501	0016411798	0001424787	8900.000000	253561.0000000000000000
202501	0016412426	0001425169	19000.000000	588810.0000000000000000
202501	0016414912	0001427821	17000.000000	390830.0000000000000000
202501	0016416415	0001421856	11000.000000	313390.0000000000000000
202501	0016418696	0001424669	1000.000000	29990.0000000000000000
202501	0016421149	0001420919	10001.000000	119911.9900000000000000
202501	0016421532	0001426056	8000.000000	171920.0000000000000000
202501	0016423000	0001419605	24300.000000	692307.0000000000000000
202501	0016423167	0001425876	28000.000000	503720.0000000000000000
202501	0016423389	0001426016	7369.000000	206258.3100000000000000
202501	0016434205	0001427211	7000.000000	199430.0000000000000000
202501	0016435111	0001426521	3000.000000	83970.0000000000000000
202501	0016435489	0001419784	12300.000000	215127.0000000000000000
202501	0016438054	0001418822	6000.000000	224940.0000000000000000
202501	0016439512	0001422292	20000.000000	479800.0000000000000000
202501	0016442418	0001426387	35900.000000	933041.0000000000000000
202501	0016445690	0001419983	8200.000000	196718.0000000000000000
202501	0016447595	0001427159	9700.000000	164803.0000000000000000
202501	0016458442	0001426717	100000.000000	1549000.0000000000000000
202501	0016458550	0001422300	1000.000000	24490.0000000000000000
202501	0016458570	0001421683	75200.000000	1766448.0000000000000000
202501	0016459135	0001427225	20800.000000	415792.0000000000000000
202501	0016461227	0001425523	16500.000000	148335.0000000000000000
202501	0016461368	0001420837	53253.000000	953228.7000000000000000
202501	0016463634	0001422922	5500.000000	93445.0000000000000000
202501	0016464005	0001419710	14300.000000	357500.0000000000000000
202501	0016464679	0001428084	18369.000000	284535.8100000000000000
202501	0016466392	0001422812	10669.000000	394646.3100000000000000
202501	0016466563	0001426225	85000.000000	1614150.0000000000000000
202501	0016469429	0001419630	4600.000000	114954.0000000000000000
202501	0016469998	0001425185	18000.000000	314820.0000000000000000
202501	0016471972	0001427672	7800.000000	218322.0000000000000000
202501	0016475794	0001427719	5000.000000	139950.0000000000000000
202501	0016475884	0001426812	90000.000000	1034100.0000000000000000
202501	0016480698	0001427713	14900.000000	454450.0000000000000000
202501	0016480705	0001423319	9300.000000	167307.0000000000000000
202501	0016483739	0001423574	10200.000000	173298.0000000000000000
202501	0016494324	0001418960	23241.000000	906166.5900000000000000
202501	0016494797	0001423725	3800.000000	108262.0000000000000000
202501	0016495399	0001425226	5080.000000	248869.2000000000000000
202501	0016496681	0001425196	11300.000000	214587.0000000000000000
202501	0016501568	0001422918	25120.000000	765908.8000000000000000
202501	0016506081	0001418988	22000.000000	791780.0000000000000000
202501	0016508249	0001423714	2000.000000	63980.0000000000000000
202501	0016508538	0001419889	18980.000000	466908.0000000000000000
202501	0016508781	0001425736	113000.000000	904000.0000000000000000
202501	0016510718	0001427717	61000.000000	1402390.0000000000000000
202501	0016511695	0001421939	41243.000000	535746.5700000000000000
202501	0016512042	0001421976	20300.000000	588497.0000000000000000
202501	0016513327	0001423518	8000.000000	223920.0000000000000000
202501	0016514664	0001419767	10000.000000	299900.0000000000000000
202501	0016517360	0001420186	130000.000000	1428700.0000000000000000
202501	0016529007	0001420797	11800.000000	227740.0000000000000000
202501	0016533549	0001425416	10500.000000	267645.0000000000000000
202501	0016535002	0001424862	70000.000000	1119300.0000000000000000
202501	0016536610	0001422799	60577.000000	1483530.7300000000000000
202501	0016538810	0001418926	14800.000000	303252.0000000000000000
202501	0016540710	0001427911	78000.000000	701220.0000000000000000
202501	0016541373	0001426765	7145.000000	203561.0500000000000000
202501	0016542759	0001420737	72675.000000	1380098.2500000000000000
202501	0016543255	0001427816	35975.000000	431340.2500000000000000
202501	0016543612	0001425910	15000.000000	644850.0000000000000000
202501	0016549478	0001427571	6900.000000	213831.0000000000000000
202501	0016552931	0001422259	12010.000000	150004.9000000000000000
202501	0016556574	0001426037	59500.000000	1129905.0000000000000000
202501	0016556956	0001428088	69252.000000	1176591.4800000000000000
202501	0016558017	0001423222	3000.000000	79470.0000000000000000
202501	0016559263	0001426411	7000.000000	172200.0000000000000000
202501	0016559277	0001425230	9000.000000	440910.0000000000000000
202501	0016562759	0001425638	72200.000000	865678.0000000000000000
202501	0016563823	0001426222	5000.000000	84950.0000000000000000
202501	0016563831	0001427456	20379.490000	244350.0851000000000000
202501	0016564070	0001424904	76700.000000	842933.0000000000000000
202501	0016566611	0001425473	6600.000000	201234.0000000000000000
202501	0016566937	0001424132	13000.000000	292370.0000000000000000
202501	0016567571	0001424958	25000.000000	1224750.0000000000000000
202501	0016570706	0001421747	73700.000000	1104763.0000000000000000
202501	0016571087	0001422443	47705.000000	524277.9500000000000000
202501	0016575488	0001418846	4000.000000	125960.0000000000000000
202501	0016576521	0001420820	3500.000000	101465.0000000000000000
202501	0016576937	0001426039	22454.000000	516217.4600000000000000
202501	0016584836	0001427925	1600.000000	37584.0000000000000000
202501	0016586529	0001419047	13400.000000	435366.0000000000000000
202501	0016589798	0001426933	6000.000000	149940.0000000000000000
202501	0016590329	0001425884	43800.000000	875562.0000000000000000
202501	0016591287	0001428037	12400.000000	452476.0000000000000000
202501	0016591708	0001423317	2000.000000	73980.0000000000000000
202501	0016593064	0001426240	4000.000000	35960.0000000000000000
202501	0016601998	0001421293	12500.000000	293625.0000000000000000
202501	0016603191	0001419196	19000.000000	560310.0000000000000000
202501	0016612540	0001424835	1000.000000	16990.0000000000000000
202501	0016614675	0001424876	27000.000000	472230.0000000000000000
202501	0016617894	0001424970	1600.000000	54384.0000000000000000
202501	0016618793	0001421284	10085.000000	211684.1500000000000000
202501	0016620899	0001420156	1000.000000	17990.0000000000000000
202501	0016622258	0001428041	39000.000000	959400.0000000000000000
202501	0016623287	0001419962	61740.000000	616782.6000000000000000
202501	0016625464	0001422333	26498.000000	476699.0200000000000000
202501	0016628010	0001426651	55700.000000	751393.0000000000000000
202501	0016632954	0001427864	31505.000000	535269.9500000000000000
202501	0016633214	0001427748	100000.000000	999000.0000000000000000
202501	0016633622	0001422188	100000.000000	999000.0000000000000000
202501	0016634308	0001426522	11400.000000	279186.0000000000000000
202501	0016636325	0001427178	35270.000000	387617.3000000000000000
202501	0016637788	0001419016	2000.000000	31980.0000000000000000
202501	0016639619	0001425932	14700.000000	676053.0000000000000000
202501	0016639730	0001426589	92000.000000	1931080.0000000000000000
202501	0016639764	0001426954	21700.000000	715883.0000000000000000
202501	0016648939	0001422912	64800.000000	1295352.0000000000000000
202501	0016649836	0001423948	10477.000000	345636.2300000000000000
202501	0016650219	0001427868	59900.000000	688251.0000000000000000
202501	0016651494	0001424841	26000.000000	363740.0000000000000000
202501	0016651528	0001422845	3000.000000	103470.0000000000000000
202501	0016652694	0001425286	71900.000000	790181.0000000000000000
202501	0016652754	0001426705	35000.000000	664650.0000000000000000
202501	0016654569	0001419465	10600.000000	206594.0000000000000000
202501	0016657364	0001426752	17160.000000	274388.4000000000000000
202501	0016659763	0001422969	3200.000000	79968.0000000000000000
202501	0016664281	0001426681	42852.000000	599499.4800000000000000
202501	0016666194	0001421232	6000.000000	179940.0000000000000000
202501	0016666854	0001428127	12000.000000	263880.0000000000000000
202501	0016667243	0001426864	29080.000000	697629.2000000000000000
202501	0016668477	0001421113	26300.000000	339270.0000000000000000
202501	0016670890	0001421333	11000.000000	313390.0000000000000000
202501	0016671016	0001419897	15400.000000	354046.0000000000000000
202501	0016675540	0001427561	7200.000000	223128.0000000000000000
202501	0016678708	0001424388	37100.000000	723079.0000000000000000
202501	0016680549	0001419089	4500.000000	105705.0000000000000000
202501	0016683687	0001427881	30000.000000	734700.0000000000000000
202501	0016685129	0001421622	7700.000000	134673.0000000000000000
202501	0016687628	0001419476	4000.000000	149960.0000000000000000
202501	0016689759	0001426923	97665.000000	1219835.8500000000000000
202501	0016693939	0001422033	28000.000000	433720.0000000000000000
202501	0016698268	0001427828	45000.000000	877050.0000000000000000
202501	0016698639	0001425770	20300.000000	497147.0000000000000000
202501	0016702488	0001426899	8000.000000	147920.0000000000000000
202501	0016707037	0001425788	50000.000000	1024500.0000000000000000
202501	0016708083	0001420746	16800.000000	419832.0000000000000000
202501	0016709387	0001426751	11000.000000	313390.0000000000000000
202501	0016710352	0001423505	5000.000000	44950.0000000000000000
202501	0016715427	0001425184	15000.000000	254850.0000000000000000
202501	0016732050	0001423994	68700.000000	1167213.0000000000000000
202501	0016733767	0001426757	9100.000000	495859.0000000000000000
202501	0016738634	0001419530	5000.000000	162450.0000000000000000
202501	0016743996	0001418910	5530.000000	171374.7000000000000000
202501	0016762282	0001420652	12390.000000	239127.0000000000000000
202501	0016773802	0001421168	6400.000000	185536.0000000000000000
202501	0016774373	0001427666	50000.000000	1424500.0000000000000000
202501	0016775281	0001428079	27800.000000	444522.0000000000000000
202501	0016780091	0001426241	1000.000000	28490.0000000000000000
202501	0016780313	0001420073	1000.000000	29990.0000000000000000
202501	0016789640	0001419518	9000.000000	233910.0000000000000000
202501	0016795644	0001421673	4300.000000	154757.0000000000000000
202501	0016817343	0001426886	2000.000000	48980.0000000000000000
202501	0016823442	0001424000	14104.770000	169116.1923000000000000
202501	0016846752	0001427660	2000.000000	66980.0000000000000000
202501	0016864217	0001419159	12000.000000	359880.0000000000000000
202501	0016876525	0001422122	51000.000000	866490.0000000000000000
202501	0016881875	0001424117	31100.000000	528389.0000000000000000
202501	0016884962	0001425376	2500.000000	47475.0000000000000000
202501	0016890216	0001425280	13000.000000	311870.0000000000000000
202501	0016896437	0001424673	15185.000000	508545.6500000000000000
202501	0016903443	0001422034	5000.000000	84950.0000000000000000
202501	0016908847	0001428119	6200.000000	195238.0000000000000000
202501	0016909472	0001419173	14100.000000	422859.0000000000000000
202501	0016912136	0001427498	4000.000000	121960.0000000000000000
202501	0016923854	0001421994	17832.000000	438667.2000000000000000
202501	0016924718	0001420881	80000.000000	879200.0000000000000000
202501	0016928621	0001426910	15130.000000	370533.7000000000000000
202501	0016933860	0001426099	40000.000000	359600.0000000000000000
202501	0016944951	0001419416	13000.000000	493870.0000000000000000
202501	0016950552	0001423898	11000.000000	445390.0000000000000000
202501	0016960324	0001427488	2000.000000	64980.0000000000000000
202501	0016961809	0001427121	3500.000000	155715.0000000000000000
202501	0016962225	0001420192	15000.000000	404850.0000000000000000
202501	0016962929	0001424739	96000.000000	2111040.0000000000000000
202501	0016968638	0001421295	1000.000000	34990.0000000000000000
202501	0016969285	0001425179	4000.000000	87960.0000000000000000
202501	0016976645	0001421627	10100.000000	308050.0000000000000000
202501	0016989145	0001425887	20577.000000	627598.5000000000000000
202501	0016989514	0001423244	16600.000000	408360.0000000000000000
202501	0016992966	0001423315	1000.000000	18990.0000000000000000
202501	0016997296	0001419964	8000.000000	283920.0000000000000000
202501	0017017516	0001419623	9600.000000	235104.0000000000000000
202501	0017018461	0001427415	7400.000000	133126.0000000000000000
202501	0017020751	0001426332	17300.000000	371777.0000000000000000
202501	0017021318	0001428047	22000.000000	541200.0000000000000000
202501	0017021369	0001420592	10700.000000	245993.0000000000000000
202501	0017022654	0001419289	15000.000000	369000.0000000000000000
202501	0017024406	0001421484	16500.000000	405900.0000000000000000
202501	0017025213	0001418969	20500.000000	368795.0000000000000000
202501	0017031481	0001427186	12785.000000	314511.0000000000000000
202501	0017031512	0001424822	3000.000000	74970.0000000000000000
202501	0017032372	0001420520	1200.000000	58788.0000000000000000
202501	0017036222	0001423778	36300.000000	616737.0000000000000000
202501	0017041924	0001426467	28600.000000	914914.0000000000000000
202501	0017042829	0001427930	14100.000000	366459.0000000000000000
202501	0017051231	0001426454	77300.000000	2047677.0000000000000000
202501	0017057137	0001422649	1000.000000	14990.0000000000000000
202501	0017064697	0001426716	17000.000000	526830.0000000000000000
202501	0017067217	0001425477	8000.000000	127920.0000000000000000
202501	0017069260	0001419622	49600.000000	768304.0000000000000000
202501	0017092783	0001421958	5583.000000	72523.1700000000000000
202501	0017111103	0001426551	6200.000000	161138.0000000000000000
202501	0017112386	0001421897	2000.000000	56980.0000000000000000
202501	0017114532	0001424688	65000.000000	1494350.0000000000000000
202501	0017119277	0001421496	14000.000000	405860.0000000000000000
202501	0017128804	0001424935	4700.000000	192653.0000000000000000
202501	0017142043	0001426704	2000.000000	67980.0000000000000000
202501	0017142894	0001419697	40300.000000	543647.0000000000000000
202501	0017149629	0001427917	11400.000000	415986.0000000000000000
202501	0017150710	0001423278	11700.000000	391833.0000000000000000
202501	0017160096	0001426588	17700.000000	389223.0000000000000000
202501	0017167931	0001425577	105400.000000	1632646.0000000000000000
202501	0017172943	0001425219	11500.000000	408135.0000000000000000
202501	0017173450	0001424572	17000.000000	441830.0000000000000000
202501	0017173564	0001427766	49000.000000	783510.0000000000000000
202501	0017173894	0001426874	20000.000000	239800.0000000000000000
202501	0017182307	0001426046	3000.000000	85470.0000000000000000
202501	0017184327	0001427901	22346.000000	491388.5400000000000000
202501	0017184827	0001418895	16900.000000	515450.0000000000000000
202501	0017190872	0001426855	40000.000000	919600.0000000000000000
202501	0017198460	0001420547	18600.000000	492714.0000000000000000
202501	0017205866	0001426429	10000.000000	279900.0000000000000000
202501	0017206068	0001427575	4000.000000	103960.0000000000000000
202501	0017207642	0001424315	8000.000000	255920.0000000000000000
202501	0017213949	0001427403	88000.000000	1698400.0000000000000000
202501	0017217191	0001422837	15000.000000	479850.0000000000000000
202501	0017219571	0001425447	6000.000000	167940.0000000000000000
202501	0017224772	0001425615	15200.000000	463448.0000000000000000
202501	0017235092	0001424367	30000.000000	719700.0000000000000000
202501	0017241661	0001419351	15000.000000	299850.0000000000000000
202501	0017242784	0001420562	86260.000000	1163647.4000000000000000
202501	0017247789	0001424028	32890.000000	608136.1000000000000000
202501	0017253071	0001425621	49200.000000	1352508.0000000000000000
202501	0017254072	0001424288	5000.000000	142450.0000000000000000
202501	0017255018	0001427007	10500.000000	258300.0000000000000000
202501	0017261605	0001422732	28700.000000	875350.0000000000000000
202501	0017262117	0001420707	3000.000000	71970.0000000000000000
202501	0017263317	0001426393	40000.000000	839600.0000000000000000
202501	0017265441	0001424922	6000.000000	83940.0000000000000000
202501	0017267456	0001421519	20000.000000	519800.0000000000000000
202501	0017267480	0001420643	40946.000000	572834.5400000000000000
202501	0017268012	0001425530	8100.000000	327969.0000000000000000
202501	0017273573	0001423942	11600.000000	353800.0000000000000000
202501	0017275313	0001422028	3500.000000	117215.0000000000000000
202501	0017278763	0001427473	8900.000000	253561.0000000000000000
202501	0017287317	0001422968	41100.000000	944889.0000000000000000
202501	0017291431	0001426463	3000.000000	83970.0000000000000000
202501	0017292669	0001425481	5000.000000	84950.0000000000000000
202501	0017293522	0001426260	4100.000000	65559.0000000000000000
202501	0017293813	0001423795	46230.000000	1016597.7000000000000000
202501	0017304968	0001427157	20000.000000	319800.0000000000000000
202501	0017305167	0001420155	16600.000000	408360.0000000000000000
202501	0017309323	0001423280	4000.000000	77960.0000000000000000
202501	0017329199	0001421927	10000.000000	184900.0000000000000000
202501	0017329375	0001426831	45800.000000	709442.0000000000000000
202501	0017329519	0001419106	40000.000000	699600.0000000000000000
202501	0017332028	0001421728	27000.000000	634230.0000000000000000
202501	0017337357	0001423007	25600.000000	575744.0000000000000000
202501	0017337368	0001426383	17600.000000	589424.0000000000000000
202501	0017343462	0001424676	5600.000000	137144.0000000000000000
202501	0017347283	0001423224	4650.000000	172003.5000000000000000
202501	0017353315	0001424657	50000.000000	1424500.0000000000000000
202501	0017356165	0001424504	76000.000000	1785240.0000000000000000
202501	0017368981	0001419940	2050.000000	77879.5000000000000000
202501	0017380878	0001427898	1500.000000	39735.0000000000000000
202501	0017385754	0001424493	9790.000000	269127.1000000000000000
202501	0017385949	0001427831	100000.000000	1930000.0000000000000000
202501	0017391850	0001419709	28000.000000	461720.0000000000000000
202501	0017392332	0001426986	15400.000000	446446.0000000000000000
202501	0017393866	0001422433	12554.000000	332555.4600000000000000
202501	0017394756	0001423087	45000.000000	404550.0000000000000000
202501	0017405630	0001427690	30252.000000	725745.4800000000000000
202501	0017418286	0001425405	4000.000000	55960.0000000000000000
202501	0017418711	0001425440	1000.000000	26490.0000000000000000
202501	0017432092	0001420661	11900.000000	344981.0000000000000000
202501	0017446072	0001426024	25000.000000	712250.0000000000000000
202501	0017453991	0001424865	98100.000000	980019.0000000000000000
202501	0017458736	0001427565	19700.000000	334703.0000000000000000
202501	0017460974	0001421435	14848.000000	170603.5200000000000000
202501	0017462937	0001426683	2000.000000	56980.0000000000000000
202501	0017468769	0001419206	4800.000000	139152.0000000000000000
202501	0017476931	0001425306	1000.000000	32990.0000000000000000
202501	0017487936	0001418811	3000.000000	58470.0000000000000000
202501	0017488849	0001422758	100000.000000	1849000.0000000000000000
202501	0017498585	0001421652	6200.000000	185938.0000000000000000
202501	0017498802	0001424632	4060.000000	125819.4000000000000000
202501	0017500257	0001424460	14200.000000	349320.0000000000000000
202501	0017506537	0001421861	20400.000000	652596.0000000000000000
202501	0017517376	0001425582	21000.000000	314790.0000000000000000
202501	0017518924	0001418979	3500.000000	97965.0000000000000000
202501	0017522208	0001419184	2500.000000	72475.0000000000000000
202501	0017540832	0001423772	6000.000000	293940.0000000000000000
202501	0017541577	0001426904	20000.000000	369800.0000000000000000
202501	0017542135	0001418942	12500.000000	337375.0000000000000000
202501	0017544569	0001419377	14400.000000	539856.0000000000000000
202501	0017544656	0001420358	100000.000000	1199000.0000000000000000
202501	0017554215	0001423921	28000.000000	643720.0000000000000000
202501	0017554476	0001425272	43400.000000	824166.0000000000000000
202501	0017562634	0001423001	4000.000000	67960.0000000000000000
202501	0017564901	0001427760	30100.000000	842499.0000000000000000
202501	0017565651	0001424709	10000.000000	169900.0000000000000000
202501	0017568400	0001419756	33000.000000	626670.0000000000000000
202501	0017568783	0001426642	22791.000000	204891.0900000000000000
202501	0017569471	0001424329	6500.000000	240435.0000000000000000
202501	0017570207	0001422089	12000.000000	197880.0000000000000000
202501	0017575602	0001424563	6600.000000	184734.0000000000000000
202501	0017580003	0001425450	15890.320000	190524.9368000000000000
202501	0017580134	0001425697	50000.000000	1099500.0000000000000000
202501	0017583042	0001424833	3600.000000	109764.0000000000000000
202501	0017585343	0001426930	25000.000000	449750.0000000000000000
202501	0017587398	0001420068	5000.000000	149950.0000000000000000
202501	0017590407	0001420291	2000.000000	46980.0000000000000000
202501	0017591062	0001419634	15000.000000	734850.0000000000000000
202501	0017591867	0001424790	16000.000000	367840.0000000000000000
202501	0017596573	0001427638	9500.000000	151905.0000000000000000
202501	0017599546	0001421879	100000.000000	3149000.0000000000000000
202501	0017601281	0001426050	100000.000000	1999000.0000000000000000
202501	0017605861	0001427996	42000.000000	881580.0000000000000000
202501	0017607156	0001426196	16300.000000	276937.0000000000000000
202501	0017608810	0001421572	6500.000000	191685.0000000000000000
202501	0017616842	0001419304	17000.000000	263330.0000000000000000
202501	0017619851	0001427164	55600.000000	1389444.0000000000000000
202501	0017621861	0001422148	12252.000000	293925.4800000000000000
202501	0017622411	0001422805	17500.000000	507325.0000000000000000
202501	0017623143	0001426038	10700.000000	299493.0000000000000000
202501	0017624288	0001424098	11960.000000	179280.4000000000000000
202501	0017632293	0001426187	3200.000000	54368.0000000000000000
202501	0017635279	0001425578	15800.000000	386942.0000000000000000
202501	0017637027	0001427942	49486.000000	543851.1400000000000000
202501	0017638252	0001420581	42000.000000	1217580.0000000000000000
202501	0017642330	0001423305	20500.000000	348295.0000000000000000
202501	0017643745	0001420834	12269.000000	301817.4000000000000000
202501	0017649239	0001423017	30000.000000	509700.0000000000000000
202501	0017651187	0001425740	37100.000000	815829.0000000000000000
202501	0017660181	0001427408	30577.000000	381906.7300000000000000
202501	0017662692	0001420519	23600.000000	448164.0000000000000000
202501	0017665969	0001419614	2000.000000	64980.0000000000000000
202501	0017668035	0001424639	1500.000000	50235.0000000000000000
202501	0017670624	0001428135	2600.000000	44174.0000000000000000
202501	0017671058	0001422437	8720.000000	278952.8000000000000000
202501	0017685175	0001420413	4900.000000	134701.0000000000000000
202501	0017685330	0001421308	15700.000000	486543.0000000000000000
202501	0017686839	0001423172	6000.000000	116940.0000000000000000
202501	0017688009	0001423607	15700.000000	386220.0000000000000000
202501	0017697242	0001421702	23500.000000	211265.0000000000000000
202501	0017697757	0001423112	44227.000000	817757.2300000000000000
202501	0017701750	0001424642	4145.000000	147106.0500000000000000
202501	0017708423	0001420852	10000.000000	389900.0000000000000000
202501	0017711121	0001419489	2500.000000	94975.0000000000000000
202501	0017711256	0001424228	5000.000000	182450.0000000000000000
202501	0017712660	0001424266	2000.000000	73980.0000000000000000
202501	0017722077	0001427165	2600.000000	38974.0000000000000000
202501	0017739989	0001423706	15000.000000	517350.0000000000000000
202501	0017740351	0001426216	10500.000000	178395.0000000000000000
202501	0017742395	0001421525	5000.000000	44950.0000000000000000
202501	0017745530	0001423129	8600.000000	348214.0000000000000000
202501	0017752549	0001424038	7000.000000	262430.0000000000000000
202501	0017763608	0001419460	4800.000000	139152.0000000000000000
202501	0017767202	0001426244	17500.000000	516075.0000000000000000
202501	0017769941	0001422963	47700.000000	715023.0000000000000000
202501	0017770063	0001426052	3785.000000	100264.6500000000000000
202501	0017770402	0001422738	3000.000000	26970.0000000000000000
202501	0017774328	0001420131	21000.000000	608790.0000000000000000
202501	0017776245	0001426235	39200.000000	1077608.0000000000000000
202501	0017777444	0001425276	35577.000000	568876.2300000000000000
202501	0017777486	0001426041	50000.000000	799500.0000000000000000
202501	0017786712	0001424075	49000.000000	1249010.0000000000000000
202501	0017792351	0001427090	26100.000000	443439.0000000000000000
202501	0017794215	0001420266	11000.000000	186890.0000000000000000
202501	0017797967	0001422431	40000.000000	759600.0000000000000000
202501	0017808376	0001425635	24000.000000	671760.0000000000000000
202501	0017811420	0001424663	43000.000000	859570.0000000000000000
202501	0017811922	0001421502	20000.000000	529800.0000000000000000
202501	0017812972	0001425394	9000.000000	242910.0000000000000000
202501	0017814869	0001423586	63600.000000	1462164.0000000000000000
202501	0017815245	0001420622	30300.000000	878397.0000000000000000
202501	0017816495	0001426366	21600.000000	496584.0000000000000000
202501	0017823242	0001420370	21300.000000	617487.0000000000000000
202501	0017828571	0001419353	110000.000000	2913900.0000000000000000
202501	0017829979	0001425170	2000.000000	39980.0000000000000000
202501	0017831636	0001425326	12000.000000	239880.0000000000000000
202501	0017832458	0001426004	15000.000000	247350.0000000000000000
202501	0017833361	0001425586	5000.000000	167450.0000000000000000
202501	0017837812	0001422246	6000.000000	185940.0000000000000000
202501	0017838585	0001421886	52000.000000	1741480.0000000000000000
202501	0017840354	0001420689	20000.000000	579800.0000000000000000
202501	0017842313	0001424071	10000.000000	229900.0000000000000000
202501	0017851887	0001425625	8160.000000	183518.4000000000000000
202501	0017854441	0001424526	6700.000000	127233.0000000000000000
202501	0017856010	0001427978	5000.000000	152450.0000000000000000
202501	0017857188	0001425607	21045.000000	347032.0500000000000000
202501	0017861550	0001425339	5000.000000	79950.0000000000000000
202501	0017864672	0001420583	16400.000000	582036.0000000000000000
202501	0017864723	0001427475	26286.000000	288883.1400000000000000
202501	0017865504	0001418943	16000.000000	383840.0000000000000000
202501	0017867188	0001421150	7000.000000	83930.0000000000000000
202501	0017869413	0001427838	11400.000000	358986.0000000000000000
202501	0017871688	0001420285	18300.000000	658617.0000000000000000
202501	0017872324	0001419094	11000.000000	329890.0000000000000000
202501	0017874776	0001426823	16200.000000	1044738.0000000000000000
202501	0017876586	0001419998	6500.000000	227435.0000000000000000
202501	0017878322	0001423291	18100.000000	579019.0000000000000000
202501	0017879160	0001423354	27500.000000	480975.0000000000000000
202501	0017883489	0001419148	90000.000000	1394100.0000000000000000
202501	0017884368	0001424741	11656.000000	133927.4400000000000000
202501	0017884487	0001421691	7700.000000	227073.0000000000000000
202501	0017884632	0001423494	18100.000000	445260.0000000000000000
202501	0017885588	0001420243	10000.000000	184900.0000000000000000
202501	0017890281	0001423966	3000.000000	110970.0000000000000000
202501	0017894174	0001424588	27300.000000	832377.0000000000000000
202501	0017894681	0001419050	10800.000000	345492.0000000000000000
202501	0017898430	0001424111	12700.000000	317373.0000000000000000
202501	0017899075	0001426657	50000.000000	999500.0000000000000000
202501	0017912157	0001422692	5000.000000	199950.0000000000000000
202501	0017912628	0001426667	20200.000000	423998.0000000000000000
202501	0017915121	0001425489	5000.000000	152450.0000000000000000
202501	0017917629	0001419618	45500.000000	727545.0000000000000000
202501	0017918767	0001425760	88000.000000	1363120.0000000000000000
202501	0017918938	0001426318	9000.000000	184410.0000000000000000
202501	0017919556	0001427551	38200.000000	610818.0000000000000000
202501	0017920090	0001421376	1000.000000	34990.0000000000000000
202501	0017937497	0001426398	14900.000000	469201.0000000000000000
202501	0017943442	0001427063	8300.000000	236467.0000000000000000
202501	0017947776	0001420093	8500.000000	246415.0000000000000000
202501	0017951035	0001421464	25000.000000	224750.0000000000000000
202501	0017952388	0001422909	34400.000000	532856.0000000000000000
202501	0017953803	0001421406	3000.000000	86970.0000000000000000
202501	0017954573	0001425331	5300.000000	84747.0000000000000000
202501	0017954575	0001424407	3000.000000	26970.0000000000000000
202501	0017954655	0001422875	10000.000000	169900.0000000000000000
202501	0017960896	0001426574	12900.000000	432021.0000000000000000
202501	0017966450	0001424366	30000.000000	359700.0000000000000000
202501	0017967394	0001427747	10500.000000	225645.0000000000000000
202501	0017972120	0001423665	35000.000000	489650.0000000000000000
202501	0017978697	0001425540	22154.000000	697629.4600000000000000
202501	0017982651	0001426785	21500.000000	300785.0000000000000000
202501	0017985510	0001422486	49900.000000	1321851.0000000000000000
202501	0017986340	0001420602	4000.000000	75960.0000000000000000
202501	0017987533	0001423189	15700.000000	266743.0000000000000000
202501	0017990799	0001420332	17700.000000	300723.0000000000000000
202501	0018000644	0001419758	23900.000000	477761.0000000000000000
202501	0018006459	0001425181	8600.000000	232114.0000000000000000
202501	0018008350	0001422737	13900.000000	389061.0000000000000000
202501	0018010191	0001423565	37300.000000	894827.0000000000000000
202501	0018010648	0001421638	15000.000000	352350.0000000000000000
202501	0018014947	0001423625	13760.000000	419680.0000000000000000
202501	0018022340	0001425308	35700.000000	535143.0000000000000000
202501	0018026891	0001425328	31000.000000	762600.0000000000000000
202501	0018028404	0001424335	6000.000000	140940.0000000000000000
202501	0018031162	0001423099	9600.000000	259104.0000000000000000
202501	0018035955	0001424860	6000.000000	149940.0000000000000000
202501	0018035985	0001422280	32300.000000	920227.0000000000000000
202501	0018041706	0001425572	1200.000000	25188.0000000000000000
202501	0018042016	0001420896	21300.000000	617487.0000000000000000
202501	0018043205	0001426800	16000.000000	343840.0000000000000000
202501	0018046634	0001419787	9300.000000	283557.0000000000000000
202501	0018048001	0001424785	6000.000000	83940.0000000000000000
202501	0018048684	0001423428	11000.000000	208890.0000000000000000
202501	0018063187	0001425313	8000.000000	183920.0000000000000000
202501	0018068003	0001420130	15369.000000	637659.8100000000000000
202501	0018068403	0001425751	46000.000000	988540.0000000000000000
202501	0018069024	0001425145	5000.000000	189950.0000000000000000
202501	0018073489	0001425500	28700.000000	961163.0000000000000000
202501	0018074267	0001423307	3900.000000	66261.0000000000000000
202501	0018074332	0001423959	24300.000000	631557.0000000000000000
202501	0018083176	0001423547	6000.000000	161940.0000000000000000
202501	0018087149	0001427107	12869.000000	340899.8100000000000000
202501	0018090071	0001427244	15000.000000	442350.0000000000000000
202501	0018094937	0001421520	12000.000000	449880.0000000000000000
202501	0018099284	0001420146	11920.000000	293232.0000000000000000
202501	0018101900	0001426231	4700.000000	159753.0000000000000000
202501	0018108287	0001427371	15500.000000	511345.0000000000000000
202501	0018109961	0001428015	40600.000000	892794.0000000000000000
202501	0018110097	0001426850	34900.000000	1011751.0000000000000000
202501	0018110503	0001421223	6500.000000	116935.0000000000000000
202501	0018110830	0001425459	8000.000000	243920.0000000000000000
202501	0018112205	0001424124	7000.000000	118930.0000000000000000
202501	0018115087	0001426892	25000.000000	224750.0000000000000000
202501	0018121301	0001426262	10300.000000	247097.0000000000000000
202501	0018122120	0001423771	2000.000000	31980.0000000000000000
202501	0018123386	0001420340	7100.000000	177500.0000000000000000
202501	0018127248	0001421636	5600.000000	95144.0000000000000000
202501	0018127598	0001425739	14000.000000	237860.0000000000000000
202501	0018127686	0001426296	25000.000000	974750.0000000000000000
202501	0018135409	0001428152	20000.000000	529800.0000000000000000
202501	0018135462	0001427543	3000.000000	71970.0000000000000000
202501	0018136825	0001423074	10000.000000	354900.0000000000000000
202501	0018143533	0001426745	25701.000000	436659.9900000000000000
202501	0018143897	0001425278	5600.000000	170744.0000000000000000
202501	0018147973	0001423734	95800.000000	1148642.0000000000000000
202501	0018148229	0001421235	3000.000000	77970.0000000000000000
202501	0018158626	0001427005	10000.000000	249900.0000000000000000
202501	0018161316	0001426344	7800.000000	148122.0000000000000000
202501	0018170592	0001422989	5060.000000	197289.4000000000000000
202501	0018172062	0001420212	2550.000000	73924.5000000000000000
202501	0018175198	0001426386	4700.000000	131553.0000000000000000
202501	0018180457	0001419781	6070.000000	133479.3000000000000000
202501	0018181781	0001424150	3500.000000	83965.0000000000000000
202501	0018184248	0001423760	2000.000000	33980.0000000000000000
202501	0018193265	0001420800	92000.000000	2345080.0000000000000000
202501	0018195360	0001423416	20000.000000	529800.0000000000000000
202501	0018195616	0001419024	12400.000000	371876.0000000000000000
202501	0018199050	0001427171	32100.000000	789660.0000000000000000
202501	0018202416	0001418826	5500.000000	159445.0000000000000000
202501	0018204871	0001420018	20577.000000	506194.2000000000000000
202501	0018206951	0001423332	18600.000000	297414.0000000000000000
202501	0018207791	0001420337	20454.000000	685004.4600000000000000
202501	0018212079	0001423881	5000.000000	154950.0000000000000000
202501	0018216983	0001424765	113888.000000	1080797.1200000000000000
202501	0018218993	0001426272	42060.000000	1034676.0000000000000000
202501	0018224646	0001427359	4700.000000	44603.0000000000000000
202501	0018225229	0001422838	3800.000000	127262.0000000000000000
202501	0018230461	0001428002	54205.000000	812532.9500000000000000
202501	0018232633	0001418927	10000.000000	234900.0000000000000000
202501	0018235028	0001421398	120000.000000	1258800.0000000000000000
202501	0018237246	0001420781	10000.000000	279900.0000000000000000
202501	0018246447	0001419868	1000.000000	39490.0000000000000000
202501	0018247197	0001421894	5000.000000	122450.0000000000000000
202501	0018256310	0001420847	8500.000000	169915.0000000000000000
202501	0018265973	0001426749	2500.000000	62475.0000000000000000
202501	0018266332	0001421220	11000.000000	208890.0000000000000000
202501	0018272154	0001427069	10000.000000	304900.0000000000000000
202501	0018276708	0001427004	29800.000000	565902.0000000000000000
202501	0018299821	0001419418	7000.000000	202930.0000000000000000
202501	0018305338	0001423071	16100.000000	450639.0000000000000000
202501	0018307689	0001424153	10000.000000	179900.0000000000000000
202501	0018317770	0001427390	3000.000000	50970.0000000000000000
202501	0018319603	0001423325	2000.000000	55980.0000000000000000
202501	0018327473	0001424855	8000.000000	319920.0000000000000000
202501	0018332471	0001425398	43700.000000	1332850.0000000000000000
202501	0018357264	0001419133	16300.000000	472537.0000000000000000
202501	0018357941	0001426948	5000.000000	194950.0000000000000000
202501	0018358323	0001425218	120000.000000	1438800.0000000000000000
202501	0018369977	0001421646	10000.000000	489900.0000000000000000
202501	0018382580	0001419319	6400.000000	287936.0000000000000000
202501	0018387492	0001423246	7500.000000	251175.0000000000000000
202501	0018395219	0001426917	93586.000000	1122096.1400000000000000
202501	0018405166	0001425406	6800.000000	115532.0000000000000000
202501	0018413603	0001426346	5145.000000	87413.5500000000000000
202501	0018415507	0001426313	23700.000000	473763.0000000000000000
202501	0018421518	0001422784	4600.000000	167854.0000000000000000
202501	0018423156	0001419395	25331.000000	291053.1900000000000000
202501	0018424292	0001421911	59600.000000	828440.0000000000000000
202501	0018426348	0001420644	6900.000000	248331.0000000000000000
202501	0018430602	0001420147	43000.000000	752070.0000000000000000
202501	0018430970	0001421240	6000.000000	224940.0000000000000000
202501	0018435065	0001423275	14500.000000	231855.0000000000000000
202501	0018435163	0001422836	1800.000000	37782.0000000000000000
202501	0018444016	0001420649	10900.000000	381391.0000000000000000
202501	0018448497	0001419322	100000.000000	1799000.0000000000000000
202501	0018456085	0001426675	2900.000000	81171.0000000000000000
202501	0018475507	0001425772	26500.000000	423735.0000000000000000
202501	0018475507	0001426311	75800.000000	1666842.0000000000000000
202501	0018479387	0001421257	15500.000000	263345.0000000000000000
202501	0018487267	0001426696	11000.000000	318890.0000000000000000
202501	0018487299	0001422191	8400.000000	184716.0000000000000000
202501	0018490851	0001424557	5000.000000	79950.0000000000000000
202501	0018493053	0001418954	63000.000000	1070370.0000000000000000
202501	0018494445	0001427769	4000.000000	111960.0000000000000000
202501	0018496606	0001419885	12000.000000	377880.0000000000000000
202501	0018496642	0001425486	1600.000000	27184.0000000000000000
202501	0018498902	0001423557	30000.000000	449700.0000000000000000
202501	0018502674	0001426922	7145.000000	114248.5500000000000000
202501	0018502805	0001426738	2000.000000	56980.0000000000000000
202501	0018503096	0001427750	3500.000000	92715.0000000000000000
202501	0018503973	0001419987	20000.000000	569800.0000000000000000
202501	0018510149	0001425465	8900.000000	142311.0000000000000000
202501	0018514139	0001422713	8800.000000	189112.0000000000000000
202501	0018518464	0001419492	7600.000000	254524.0000000000000000
202501	0018519285	0001419362	6300.000000	188937.0000000000000000
202501	0018530576	0001422020	8800.000000	216480.0000000000000000
202501	0018543276	0001422281	36000.000000	1025640.0000000000000000
202501	0018551105	0001426433	29500.000000	973205.0000000000000000
202501	0018555926	0001423657	81500.000000	1995935.0000000000000000
202501	0018562079	0001422457	25500.000000	471495.0000000000000000
202501	0018562182	0001423587	2000.000000	53980.0000000000000000
202501	0018563637	0001422354	15700.000000	415893.0000000000000000
202501	0018565547	0001427772	39320.000000	1061246.8000000000000000
202501	0018567650	0001425541	20000.000000	519800.0000000000000000
202501	0018567658	0001427944	19200.000000	326208.0000000000000000
202501	0018572193	0001427998	70000.000000	1351000.0000000000000000
202501	0018577409	0001422104	1450.000000	43485.5000000000000000
202501	0018578039	0001424960	7700.000000	207823.0000000000000000
202501	0018579300	0001423382	35900.000000	861241.0000000000000000
202501	0018579591	0001425698	12900.000000	432021.0000000000000000
202501	0018584785	0001427519	5000.000000	139950.0000000000000000
202501	0018587361	0001427039	8500.000000	225165.0000000000000000
202501	0018588750	0001419472	3500.000000	136465.0000000000000000
202501	0018597260	0001418976	20000.000000	492000.0000000000000000
202501	0018603935	0001427715	20000.000000	519800.0000000000000000
202501	0018619089	0001425354	28800.000000	561312.0000000000000000
202501	0018623870	0001421925	13700.000000	246463.0000000000000000
202501	0018626800	0001425658	3000.000000	28470.0000000000000000
202501	0018627859	0001419139	8000.000000	251920.0000000000000000
202501	0018630220	0001424172	3700.000000	59163.0000000000000000
202501	0018633760	0001427753	7000.000000	167930.0000000000000000
202501	0018636765	0001420327	178656.000000	1248805.4400000000000000
202501	0018645742	0001423873	4100.000000	145509.0000000000000000
202501	0018646094	0001422121	16252.000000	399799.2000000000000000
202501	0018646227	0001427688	4500.000000	89955.0000000000000000
202501	0018650562	0001423294	15000.000000	524850.0000000000000000
202501	0018656740	0001420533	85000.000000	806650.0000000000000000
202501	0018659099	0001423999	11000.000000	192390.0000000000000000
202501	0018669942	0001424142	23400.000000	666666.0000000000000000
202501	0018675420	0001427643	4900.000000	44051.0000000000000000
202501	0018676652	0001421487	12000.000000	155880.0000000000000000
202501	0018679745	0001425717	27977.000000	671168.2300000000000000
202501	0018686360	0001421095	14600.000000	525454.0000000000000000
202501	0018690605	0001425192	20800.000000	540592.0000000000000000
202501	0018691348	0001427297	12640.000000	310944.0000000000000000
202501	0018692213	0001427535	138300.000000	1312467.0000000000000000
202501	0018692967	0001420523	100000.000000	999000.0000000000000000
202501	0018700399	0001422947	38700.000000	638163.0000000000000000
202501	0018702305	0001426701	2200.000000	37378.0000000000000000
202501	0018705926	0001424189	4900.000000	83251.0000000000000000
202501	0018707409	0001422515	25400.000000	533146.0000000000000000
202501	0018707578	0001425461	5000.000000	134950.0000000000000000
202501	0018710893	0001423133	40500.000000	1235250.0000000000000000
202501	0018712439	0001426890	10200.000000	300798.0000000000000000
202501	0018713654	0001423432	21000.000000	566790.0000000000000000
202501	0018719382	0001425400	9440.000000	221745.6000000000000000
202501	0018721903	0001422768	30600.000000	1040094.0000000000000000
202501	0018732677	0001425429	8300.000000	174217.0000000000000000
202501	0018734331	0001419770	25000.000000	299750.0000000000000000
202501	0018736353	0001424843	15900.000000	389391.0000000000000000
202501	0018738071	0001419410	13100.000000	322260.0000000000000000
202501	0018738357	0001419372	11100.000000	244089.0000000000000000
202501	0018738835	0001426730	30000.000000	569700.0000000000000000
202501	0018739995	0001424969	9500.000000	227905.0000000000000000
202501	0018742574	0001422109	7000.000000	129430.0000000000000000
202501	0018743637	0001425616	10000.000000	149900.0000000000000000
202501	0018745746	0001427977	5190.000000	150458.1000000000000000
202501	0018748663	0001425918	41300.000000	742987.0000000000000000
202501	0018753038	0001422513	9600.000000	302304.0000000000000000
202501	0018761253	0001420014	40000.000000	619600.0000000000000000
202501	0018770287	0001424240	5200.000000	119548.0000000000000000
202501	0018779889	0001419270	7700.000000	200123.0000000000000000
202501	0018782751	0001427682	20000.000000	399800.0000000000000000
202501	0018786443	0001424665	5000.000000	139950.0000000000000000
202501	0018786685	0001422058	14000.000000	405860.0000000000000000
202501	0018789256	0001423153	12000.000000	233880.0000000000000000
202501	0018793449	0001422698	5000.000000	79950.0000000000000000
202501	0018801469	0001424786	6300.000000	157437.0000000000000000
202501	0018801693	0001426267	20577.000000	545084.7300000000000000
202501	0018804025	0001425656	90000.000000	809100.0000000000000000
202501	0018807072	0001421209	4000.000000	77960.0000000000000000
202501	0018812506	0001425204	6000.000000	116940.0000000000000000
202501	0018812959	0001424134	38800.000000	717412.0000000000000000
202501	0018818912	0001418883	33600.000000	974064.0000000000000000
202501	0018820072	0001425182	8000.000000	243920.0000000000000000
202501	0018822399	0001424839	64100.000000	832659.0000000000000000
202501	0018822408	0001423028	36030.000000	972449.7000000000000000
202501	0018822704	0001424131	37000.000000	443630.0000000000000000
202501	0018824172	0001426527	73000.000000	1532270.0000000000000000
202501	0018825275	0001425296	26577.000000	690736.2300000000000000
202501	0018825493	0001422391	3000.000000	80970.0000000000000000
202501	0018825656	0001423390	14969.000000	456554.5000000000000000
202501	0018847015	0001423340	11200.000000	218288.0000000000000000
202501	0018848733	0001426011	18454.000000	453968.4000000000000000
202501	0018850490	0001422190	3000.000000	80970.0000000000000000
202501	0018852837	0001422278	43500.000000	739065.0000000000000000
202501	0018855795	0001427444	5000.000000	159950.0000000000000000
202501	0018860219	0001425231	7300.000000	116727.0000000000000000
202501	0018861892	0001420514	9000.000000	260910.0000000000000000
202501	0018864827	0001425687	27000.000000	661230.0000000000000000
202501	0018866664	0001418932	10169.000000	467672.3100000000000000
202501	0018867356	0001422057	14000.000000	223860.0000000000000000
202501	0018876838	0001419068	6200.000000	179738.0000000000000000
202501	0018877322	0001427615	7600.000000	250724.0000000000000000
202501	0018881326	0001422203	11200.000000	246288.0000000000000000
202501	0018889905	0001424826	10000.000000	194900.0000000000000000
202501	0018892049	0001425224	71000.000000	1064290.0000000000000000
202501	0018892234	0001422168	9800.000000	240002.0000000000000000
202501	0018895502	0001421804	16369.000000	409061.3100000000000000
202501	0018902675	0001423632	11400.000000	239286.0000000000000000
202501	0018903275	0001425345	17400.000000	408726.0000000000000000
202501	0018904315	0001425618	10185.000000	325818.1500000000000000
202501	0018906370	0001419813	2500.000000	74975.0000000000000000
202501	0018915502	0001420063	3990.000000	151580.1000000000000000
202501	0018917812	0001420345	25000.000000	499750.0000000000000000
202501	0018919474	0001427948	3500.000000	97965.0000000000000000
202501	0018927241	0001425455	15000.000000	254850.0000000000000000
202501	0018928049	0001423597	10000.000000	184900.0000000000000000
202501	0018931914	0001419706	100000.000000	2649000.0000000000000000
202501	0018937573	0001418916	5600.000000	201544.0000000000000000
202501	0018942204	0001422890	30000.000000	794700.0000000000000000
202501	0018942257	0001423301	4400.000000	74756.0000000000000000
202501	0018954594	0001420374	34900.000000	662751.0000000000000000
202501	0018957578	0001421850	9400.000000	460506.0000000000000000
202501	0018960430	0001421657	10000.000000	304900.0000000000000000
202501	0018969019	0001418972	31000.000000	371690.0000000000000000
202501	0018979205	0001424490	3000.000000	74970.0000000000000000
202501	0018980441	0001419066	15000.000000	217350.0000000000000000
202501	0018987698	0001424084	85000.000000	2124150.0000000000000000
202501	0018991463	0001426968	12000.000000	335880.0000000000000000
202501	0018994583	0001425430	1000.000000	16990.0000000000000000
202501	0018995926	0001419431	4500.000000	112455.0000000000000000
202501	0018998737	0001419591	13800.000000	489762.0000000000000000
202501	0018999846	0001426436	7100.000000	113529.0000000000000000
202501	0019000147	0001421854	6400.000000	230336.0000000000000000
202501	0019006685	0001423213	4000.000000	107960.0000000000000000
202501	0019010700	0001420918	3000.000000	41970.0000000000000000
202501	0019012308	0001421417	7773.000000	93198.2700000000000000
202501	0019015643	0001423048	23000.000000	356270.0000000000000000
202501	0019022434	0001420286	11400.000000	280440.0000000000000000
202501	0019029127	0001420876	15000.000000	232350.0000000000000000
202501	0019037334	0001421270	42000.000000	1133580.0000000000000000
202501	0019039948	0001423756	99400.000000	1241506.0000000000000000
202501	0019040169	0001426614	6500.000000	152685.0000000000000000
202501	0019062365	0001420401	6000.000000	53940.0000000000000000
202501	0019062680	0001424619	19750.000000	533052.5000000000000000
202501	0019070387	0001426706	7860.000000	149261.4000000000000000
202501	0019072035	0001426258	1200.000000	20388.0000000000000000
202501	0019076906	0001427243	6900.000000	158631.0000000000000000
202501	0019081839	0001422809	12400.000000	272676.0000000000000000
202501	0019098326	0001425172	3300.000000	56067.0000000000000000
202501	0019109081	0001423937	6000.000000	170940.0000000000000000
202501	0019109813	0001422314	23400.000000	678366.0000000000000000
202501	0019120471	0001425365	3000.000000	70470.0000000000000000
202501	0019122816	0001427337	5145.000000	195458.5500000000000000
202501	0019127545	0001421248	52800.000000	1372272.0000000000000000
202501	0019135017	0001425629	9500.000000	161405.0000000000000000
202501	0019135303	0001420702	48100.000000	1466569.0000000000000000
202501	0019141462	0001423573	7500.000000	236175.0000000000000000
202501	0019143823	0001424601	80000.000000	1239200.0000000000000000
202501	0019159816	0001419914	43300.000000	1065180.0000000000000000
202501	0019159909	0001421962	1500.000000	25485.0000000000000000
202501	0019163175	0001425823	26377.000000	751480.7300000000000000
202501	0019163733	0001427373	75000.000000	974250.0000000000000000
202501	0019169574	0001421816	1000.000000	28990.0000000000000000
202501	0019170424	0001428086	42200.000000	1244478.0000000000000000
202501	0019172093	0001423399	39300.000000	1178607.0000000000000000
202501	0019175456	0001427532	9800.000000	377202.0000000000000000
202501	0019184547	0001427122	39800.000000	775702.0000000000000000
202501	0019185807	0001421136	5400.000000	156546.0000000000000000
202501	0019185841	0001424761	10800.000000	221292.0000000000000000
202501	0019189572	0001421267	32900.000000	608321.0000000000000000
202501	0019190640	0001420148	15000.000000	284850.0000000000000000
202501	0019200012	0001419233	9600.000000	211104.0000000000000000
202501	0019213881	0001427036	10500.000000	383145.0000000000000000
202501	0019231712	0001421423	67510.000000	1079484.9000000000000000
202501	0019238146	0001426920	14577.000000	444598.5000000000000000
202501	0019240932	0001426988	48800.000000	1439112.0000000000000000
202501	0019252462	0001427994	11300.000000	214587.0000000000000000
202501	0019261429	0001427401	30800.000000	1108492.0000000000000000
202501	0019278821	0001422417	5700.000000	176643.0000000000000000
202501	0019284069	0001426489	19100.000000	649209.0000000000000000
202501	0019294800	0001418886	11000.000000	329890.0000000000000000
202501	0019300995	0001422044	4500.000000	150705.0000000000000000
202501	0019311504	0001423529	10001.000000	119911.9900000000000000
202501	0019314901	0001423920	10000.000000	204900.0000000000000000
202501	0019316982	0001419486	25000.000000	774750.0000000000000000
202501	0019322108	0001422073	19233.000000	480632.6700000000000000
202501	0019322845	0001423934	54987.000000	604307.1300000000000000
202501	0019326145	0001421207	4500.000000	168705.0000000000000000
202501	0019333603	0001423701	3000.000000	41970.0000000000000000
202501	0019338363	0001423293	1000.000000	27990.0000000000000000
202501	0019352174	0001423148	26000.000000	311740.0000000000000000
202501	0019356897	0001425563	29000.000000	652210.0000000000000000
202501	0019357994	0001424911	29300.000000	512457.0000000000000000
202501	0019372987	0001427236	10000.000000	244900.0000000000000000
202501	0019380603	0001419302	20800.000000	519792.0000000000000000
202501	0019391201	0001425975	12300.000000	190527.0000000000000000
202501	0019400558	0001426876	8990.000000	161730.1000000000000000
202501	0019403443	0001428155	3500.000000	59465.0000000000000000
202501	0019406313	0001427442	37180.000000	761818.2000000000000000
202501	0019406422	0001424303	51467.000000	771490.3300000000000000
202501	0019418956	0001423668	25000.000000	499750.0000000000000000
202501	0019420710	0001421950	10000.000000	289900.0000000000000000
202501	0019441347	0001419824	1500.000000	53235.0000000000000000
202501	0019444413	0001419607	11080.000000	199329.2000000000000000
202501	0019446144	0001420942	60000.000000	629400.0000000000000000
202501	0019451857	0001418918	45055.000000	517681.9500000000000000
202501	0019461533	0001423787	6145.000000	205796.0500000000000000
202501	0019467885	0001425693	58500.000000	1023165.0000000000000000
202501	0019483236	0001426971	50000.000000	449500.0000000000000000
202501	0019501265	0001425165	1000.000000	23490.0000000000000000
202501	0019504028	0001423988	31300.000000	1251687.0000000000000000
202501	0019505621	0001425644	12196.000000	134034.0400000000000000
202501	0019514002	0001425793	28320.000000	665236.8000000000000000
202501	0019517783	0001425662	11000.000000	98890.0000000000000000
202501	0019517827	0001428016	1001.000000	35525.4900000000000000
202501	0019533065	0001425492	9800.000000	166502.0000000000000000
202501	0019533135	0001424561	17000.000000	586330.0000000000000000
202501	0019533595	0001426566	38580.000000	732634.2000000000000000
202501	0019536033	0001420126	10800.000000	323892.0000000000000000
202501	0019546980	0001426911	20100.000000	532449.0000000000000000
202501	0019550185	0001424293	47430.000000	1446615.0000000000000000
202501	0019556057	0001427355	59948.000000	538932.5200000000000000
202501	0019571350	0001425742	4000.000000	67960.0000000000000000
202501	0019574780	0001421676	37300.000000	1267827.0000000000000000
202501	0019575766	0001419359	30000.000000	614700.0000000000000000
202501	0019582726	0001420529	36100.000000	829939.0000000000000000
202501	0019586041	0001419550	11000.000000	340890.0000000000000000
202501	0019586791	0001419816	55000.000000	521950.0000000000000000
202501	0019586912	0001424515	3500.000000	48965.0000000000000000
202501	0019598187	0001426421	4100.000000	143459.0000000000000000
202501	0019599594	0001420777	16000.000000	439840.0000000000000000
202501	0019600015	0001427745	10000.000000	344900.0000000000000000
202501	0019600123	0001423611	43900.000000	526361.0000000000000000
202501	0019608396	0001427824	25490.000000	904640.1000000000000000
202501	0019614102	0001423248	35600.000000	875760.0000000000000000
202501	0019618872	0001426223	5000.000000	139950.0000000000000000
202501	0019621113	0001423034	12000.000000	359880.0000000000000000
202501	0019622479	0001423094	36600.000000	731634.0000000000000000
202501	0019626741	0001420060	5000.000000	194950.0000000000000000
202501	0019630499	0001423759	29800.000000	700002.0000000000000000
202501	0019631312	0001421991	87789.000000	1359851.6100000000000000
202501	0019633513	0001419470	1200.000000	34788.0000000000000000
202501	0019641680	0001421322	2000.000000	59980.0000000000000000
202501	0019642062	0001426940	11200.000000	313488.0000000000000000
202501	0019642824	0001425757	16000.000000	263840.0000000000000000
202501	0019643322	0001426925	12145.000000	273141.0500000000000000
202501	0019647405	0001422010	4000.000000	151960.0000000000000000
202501	0019647876	0001421758	20000.000000	369800.0000000000000000
202501	0019653512	0001427386	5900.000000	165141.0000000000000000
202501	0019654648	0001424334	5000.000000	92450.0000000000000000
202501	0019659410	0001423209	10100.000000	222099.0000000000000000
202501	0019664860	0001426932	30000.000000	584700.0000000000000000
202501	0019665468	0001424015	4000.000000	39960.0000000000000000
202501	0019671455	0001421462	21400.000000	620386.0000000000000000
202501	0019672161	0001418812	3500.000000	99715.0000000000000000
202501	0019675746	0001426305	5000.000000	132450.0000000000000000
202501	0019678476	0001427134	10000.000000	244900.0000000000000000
202501	0019682445	0001420316	3145.000000	110043.5500000000000000
202501	0019687396	0001427217	13600.000000	285464.0000000000000000
202501	0019691077	0001419490	4700.000000	79853.0000000000000000
202501	0019692372	0001427124	54000.000000	836460.0000000000000000
202501	0019693179	0001423457	3300.000000	92367.0000000000000000
202501	0019700742	0001421327	15000.000000	569850.0000000000000000
202501	0019705039	0001421600	37577.000000	1070568.7300000000000000
202501	0019713211	0001423174	10000.000000	379900.0000000000000000
202501	0019715835	0001427900	9400.000000	286700.0000000000000000
202501	0019723304	0001424965	40450.000000	606345.5000000000000000
202501	0019725759	0001423106	40817.000000	734297.8300000000000000
202501	0019729538	0001422908	16270.000000	496235.0000000000000000
202501	0019736826	0001421234	15100.000000	256549.0000000000000000
202501	0019740403	0001423391	2600.000000	74074.0000000000000000
202501	0019743574	0001426671	21577.000000	636305.7300000000000000
202501	0019748683	0001424793	20000.000000	339800.0000000000000000
202501	0019759049	0001426502	5505.000000	242164.9500000000000000
202501	0019760117	0001423681	2800.000000	47572.0000000000000000
202501	0019761723	0001420732	27300.000000	818727.0000000000000000
202501	0019775473	0001423313	1700.000000	33133.0000000000000000
202501	0019778787	0001423360	26600.000000	678034.0000000000000000
202501	0019779620	0001420715	14500.000000	340605.0000000000000000
202501	0019789948	0001426081	37100.000000	1056979.0000000000000000
202501	0019791403	0001419071	26800.000000	522332.0000000000000000
202501	0019792400	0001423906	6700.000000	194233.0000000000000000
202501	0019793549	0001426394	10000.000000	239900.0000000000000000
202501	0019793612	0001420158	30800.000000	892892.0000000000000000
202501	0019799362	0001425907	11900.000000	315231.0000000000000000
202501	0019802416	0001420188	19410.000000	477486.0000000000000000
202501	0019802560	0001425155	14000.000000	307860.0000000000000000
202501	0019807689	0001422306	6000.000000	167940.0000000000000000
202501	0019809120	0001422639	1000.000000	28990.0000000000000000
202501	0019815577	0001418925	1500.000000	52485.0000000000000000
202501	0019823252	0001421456	10000.000000	309900.0000000000000000
202501	0019827823	0001427887	37250.000000	521127.5000000000000000
202501	0019835450	0001427877	6500.000000	110435.0000000000000000
202501	0019836251	0001425294	16000.000000	495840.0000000000000000
202501	0019840751	0001422477	5000.000000	149950.0000000000000000
202501	0019841162	0001423626	15100.000000	415099.0000000000000000
202501	0019843425	0001424236	10000.000000	279900.0000000000000000
202501	0019847566	0001427187	10000.000000	379900.0000000000000000
202501	0019851957	0001420909	25900.000000	828541.0000000000000000
202501	0019852030	0001421785	2000.000000	33980.0000000000000000
202501	0019852518	0001426422	4000.000000	111960.0000000000000000
202501	0019855955	0001419564	27100.000000	758529.0000000000000000
202501	0019861737	0001427810	34400.000000	550056.0000000000000000
202501	0019868674	0001420841	18600.000000	457560.0000000000000000
202501	0019870376	0001423639	25700.000000	667943.0000000000000000
202501	0019871579	0001424113	12000.000000	197880.0000000000000000
202501	0019878569	0001421131	3000.000000	116970.0000000000000000
202501	0019887873	0001426782	5000.000000	149950.0000000000000000
202501	0019894566	0001427935	23400.000000	575640.0000000000000000
202501	0019896678	0001424276	42000.000000	398580.0000000000000000
202501	0019900656	0001422921	14977.000000	553999.2300000000000000
202501	0019906425	0001421782	15000.000000	449850.0000000000000000
202501	0019906680	0001419088	7145.000000	221423.5500000000000000
202501	0019908669	0001418908	100000.000000	2299000.0000000000000000
202501	0019913470	0001425279	20000.000000	439800.0000000000000000
202501	0019922709	0001421848	13900.000000	382111.0000000000000000
202501	0019925899	0001423104	20000.000000	449800.0000000000000000
202501	0019932165	0001425872	16400.000000	377036.0000000000000000
202501	0019939484	0001420787	31700.000000	586133.0000000000000000
202501	0019941191	0001423287	10000.000000	439900.0000000000000000
202501	0019944835	0001423781	3000.000000	68970.0000000000000000
202501	0019946491	0001423953	13145.000000	328493.5500000000000000
202501	0019951007	0001420276	3000.000000	41970.0000000000000000
202501	0019951551	0001419730	10000.000000	289900.0000000000000000
202501	0019970144	0001424641	3000.000000	46470.0000000000000000
202501	0019970558	0001419401	36830.000000	901966.7000000000000000
202501	0019972707	0001425395	12420.000000	305532.0000000000000000
202501	0019973260	0001427228	33900.000000	833940.0000000000000000
202501	0019974489	0001427328	50000.000000	1299500.0000000000000000
202501	0019974647	0001427559	3000.000000	26970.0000000000000000
202501	0019983399	0001424693	2000.000000	33980.0000000000000000
202501	0019990556	0001420497	3000.000000	50970.0000000000000000
202501	0019991132	0001419595	5800.000000	205842.0000000000000000
202501	0019992617	0001426760	11000.000000	258390.0000000000000000
202501	0019993387	0001427021	19131.000000	401559.6900000000000000
202501	0020000974	0001424606	20000.000000	549800.0000000000000000
202501	0020008851	0001424666	1000.000000	24490.0000000000000000
202501	0020034029	0001425974	31000.000000	836690.0000000000000000
202501	0020037532	0001425478	20100.000000	321399.0000000000000000
202501	0020063939	0001427128	20000.000000	569800.0000000000000000
202501	0020082001	0001419079	15000.000000	307350.0000000000000000
202501	0020088757	0001423088	11252.000000	264309.4800000000000000
202501	0020101561	0001427009	15000.000000	322350.0000000000000000
202501	0020102597	0001424874	2000.000000	53980.0000000000000000
202501	0020123665	0001422130	55900.000000	1229241.0000000000000000
202501	0020139387	0001426188	10000.000000	379900.0000000000000000
202501	0020144184	0001423190	17270.000000	466117.3000000000000000
202501	0020149240	0001419237	3145.000000	99036.0500000000000000
202501	0020172238	0001423499	20700.000000	537993.0000000000000000
202501	0020174715	0001424104	13100.000000	386319.0000000000000000
202501	0020200396	0001427663	10000.000000	344900.0000000000000000
202501	0020203154	0001420615	2000.000000	69980.0000000000000000
202501	0020210595	0001428133	87000.000000	1043130.0000000000000000
202501	0020211773	0001420490	6800.000000	241332.0000000000000000
202501	0020216476	0001419522	3000.000000	82470.0000000000000000
202501	0020220911	0001422179	14100.000000	317109.0000000000000000
202501	0020242580	0001425893	6500.000000	133185.0000000000000000
202501	0020245011	0001421433	3000.000000	101970.0000000000000000
202501	0020248014	0001420596	30500.000000	1234945.0000000000000000
202501	0020256486	0001424491	1200.000000	20388.0000000000000000
202501	0020258991	0001426034	22369.000000	380049.3100000000000000
202501	0020271847	0001424371	7000.000000	185430.0000000000000000
202501	0020278663	0001421379	20540.000000	646804.6000000000000000
202501	0020283815	0001427988	28000.000000	643720.0000000000000000
202501	0020286373	0001427270	3500.000000	34965.0000000000000000
202501	0020291552	0001419430	4000.000000	143960.0000000000000000
202501	0020294519	0001425409	13000.000000	370370.0000000000000000
202501	0020316790	0001425188	10000.000000	194900.0000000000000000
202501	0020326782	0001427055	15000.000000	269850.0000000000000000
202501	0020330145	0001426373	100000.000000	1799000.0000000000000000
202501	0020333028	0001425251	9200.000000	156308.0000000000000000
202501	0020342017	0001423346	14400.000000	266256.0000000000000000
202501	0020344903	0001419666	3000.000000	41970.0000000000000000
202501	0020348447	0001418810	10000.000000	359900.0000000000000000
202501	0020358507	0001425534	25800.000000	451242.0000000000000000
202501	0020376579	0001423571	30000.000000	644700.0000000000000000
202501	0020379405	0001427472	14000.000000	510860.0000000000000000
202501	0020382534	0001427557	10000.000000	89900.0000000000000000
202501	0020393132	0001419171	4000.000000	195960.0000000000000000
202501	0020394281	0001423635	15000.000000	539850.0000000000000000
202501	0020396833	0001427189	10252.000000	184433.4800000000000000
202501	0020400250	0001419307	17500.000000	498575.0000000000000000
202501	0020406819	0001421902	20000.000000	389800.0000000000000000
202501	0020411761	0001425456	27000.000000	418230.0000000000000000
202501	0020418140	0001423659	20000.000000	539800.0000000000000000
202501	0020421211	0001419874	7000.000000	244930.0000000000000000
202501	0020421552	0001424705	49852.000000	1519987.4800000000000000
202501	0020424442	0001418958	23000.000000	724270.0000000000000000
202501	0020430567	0001424086	16400.000000	254036.0000000000000000
202501	0020433600	0001428101	1210.000000	53832.9000000000000000
202501	0020440117	0001424898	2000.000000	41980.0000000000000000
202501	0020442965	0001419708	73500.000000	1359015.0000000000000000
202501	0020443313	0001422722	20117.000000	432314.3300000000000000
202501	0020452860	0001423163	5646.000000	62049.5400000000000000
202501	0020457531	0001420279	6185.000000	207135.6500000000000000
202501	0020459338	0001418803	36800.000000	956432.0000000000000000
202501	0020465079	0001425600	25800.000000	631842.0000000000000000
202501	0020477680	0001425270	7000.000000	171430.0000000000000000
202501	0020483725	0001419838	11000.000000	208890.0000000000000000
202501	0020485648	0001425463	41900.000000	942331.0000000000000000
202501	0020491563	0001421515	3500.000000	33215.0000000000000000
202501	0020495683	0001423785	4000.000000	55960.0000000000000000
202501	0020497276	0001421255	14300.000000	421707.0000000000000000
202501	0020530243	0001424894	17000.000000	509830.0000000000000000
202501	0020538326	0001424658	30000.000000	704700.0000000000000000
202501	0020542358	0001419010	4700.000000	117453.0000000000000000
202501	0020573608	0001421558	5800.000000	220342.0000000000000000
202501	0020575216	0001425670	3000.000000	50970.0000000000000000
202501	0020580328	0001424137	5000.000000	174950.0000000000000000
202501	0020595492	0001426847	1500.000000	41985.0000000000000000
202501	0020608055	0001421134	5700.000000	159543.0000000000000000
202501	0020608485	0001427374	7710.000000	219657.9000000000000000
202501	0020615111	0001424681	17500.000000	533575.0000000000000000
202501	0020617575	0001425978	51800.000000	1242682.0000000000000000
202501	0020617599	0001421570	22220.000000	399737.8000000000000000
202501	0020620795	0001423309	4000.000000	67960.0000000000000000
202501	0020624252	0001426062	20000.000000	589800.0000000000000000
202501	0020624949	0001422709	65400.000000	1078446.0000000000000000
202501	0020632574	0001427001	3000.000000	67470.0000000000000000
202501	0020635260	0001424769	9100.000000	127309.0000000000000000
202501	0020637870	0001427160	5000.000000	109950.0000000000000000
202501	0020649988	0001424180	2500.000000	58725.0000000000000000
202501	0020650707	0001423004	12000.000000	197880.0000000000000000
202501	0020653225	0001426460	19000.000000	446310.0000000000000000
202501	0020664337	0001424746	10700.000000	245993.0000000000000000
202501	0020665910	0001421821	5400.000000	48546.0000000000000000
202501	0020673666	0001425852	9300.000000	264957.0000000000000000
202501	0020688365	0001419519	12000.000000	359880.0000000000000000
202501	0020692552	0001419653	1000.000000	29990.0000000000000000
202501	0020702732	0001423651	10005.000000	119959.9500000000000000
202501	0020707589	0001420000	2000.000000	61980.0000000000000000
202501	0020718240	0001424187	1500.000000	25485.0000000000000000
202501	0020721990	0001426950	31000.000000	728190.0000000000000000
202501	0020739895	0001422976	4800.000000	129552.0000000000000000
202501	0020753697	0001427290	1000.000000	32490.0000000000000000
202501	0020755487	0001420664	14900.000000	454301.0000000000000000
202501	0020769846	0001418944	10000.000000	89900.0000000000000000
202501	0020771825	0001421707	56000.000000	1539440.0000000000000000
202501	0020775522	0001425340	41800.000000	542982.0000000000000000
202501	0020780020	0001423152	33000.000000	907170.0000000000000000
202501	0020780151	0001425546	34200.000000	649458.0000000000000000
202501	0020787314	0001419483	3000.000000	89970.0000000000000000
202501	0020787437	0001423946	40000.000000	1019600.0000000000000000
202501	0020792277	0001421373	380000.000000	3036200.0000000000000000
202501	0020796737	0001419099	10000.000000	374900.0000000000000000
202501	0020799384	0001422242	2000.000000	36980.0000000000000000
202501	0020804388	0001427674	48052.000000	1272897.4800000000000000
202501	0020849756	0001419006	28700.000000	889413.0000000000000000
202501	0020853848	0001427309	21100.000000	601139.0000000000000000
202501	0020858143	0001421751	27700.000000	581423.0000000000000000
202501	0020873193	0001423160	26230.000000	681717.7000000000000000
202501	0020875117	0001422749	4000.000000	39960.0000000000000000
202501	0020878623	0001420628	50000.000000	799500.0000000000000000
202501	0020884134	0001427284	45373.380000	453280.0662000000000000
202501	0020893290	0001421265	45500.000000	773045.0000000000000000
202501	0020898322	0001424635	33300.000000	765567.0000000000000000
202501	0020904842	0001425722	36000.000000	1025640.0000000000000000
202501	0020911402	0001425451	39800.000000	875202.0000000000000000
202501	0020920047	0001418990	3185.000000	111443.1500000000000000
202501	0020927504	0001419074	34577.000000	1002387.2300000000000000
202501	0020932858	0001423376	39010.000000	721294.9000000000000000
202501	0020937782	0001423895	5000.000000	152450.0000000000000000
202501	0020949509	0001426243	4000.000000	67960.0000000000000000
202501	0020963042	0001422930	17500.000000	577325.0000000000000000
202501	0020974540	0001425479	1000.000000	30490.0000000000000000
202501	0020983154	0001419647	40000.000000	1039600.0000000000000000
202501	0020986854	0001423183	4550.000000	145554.5000000000000000
202501	0020993273	0001423564	100000.000000	1649000.0000000000000000
202501	0020996274	0001419938	18000.000000	449820.0000000000000000
202501	0020997480	0001421776	7500.000000	224925.0000000000000000
202501	0021016267	0001427245	18610.000000	539503.9000000000000000
202501	0021016771	0001425844	5000.000000	139950.0000000000000000
202501	0021023176	0001425555	3252.000000	94275.4800000000000000
202501	0021023266	0001423840	43000.000000	902570.0000000000000000
202501	0021036848	0001428021	10000.000000	279900.0000000000000000
202501	0021037688	0001425176	14630.000000	292453.7000000000000000
202501	0021049602	0001424612	7000.000000	118930.0000000000000000
202501	0021053941	0001425933	26100.000000	573939.0000000000000000
202501	0021056293	0001424781	14100.000000	225459.0000000000000000
202501	0021058505	0001427983	8000.000000	135920.0000000000000000
202501	0021060044	0001420759	50000.000000	2074500.0000000000000000
202501	0021067408	0001424068	20900.000000	814891.0000000000000000
202501	0021087545	0001425167	28000.000000	433720.0000000000000000
202501	0021088976	0001422133	2000.000000	53980.0000000000000000
202501	0021106978	0001421607	8000.000000	195920.0000000000000000
202501	0021111794	0001423369	20000.000000	609800.0000000000000000
202501	0021116197	0001427479	10000.000000	119900.0000000000000000
202501	0021116457	0001421449	18486.000000	295591.1400000000000000
202501	0021120482	0001419122	31300.000000	907387.0000000000000000
202501	0021121271	0001420831	11000.000000	527890.0000000000000000
202501	0021124089	0001422753	56000.000000	503440.0000000000000000
202501	0021127799	0001426868	39730.000000	1092177.7000000000000000
202501	0021131113	0001422655	3100.000000	29419.0000000000000000
202501	0021135295	0001420317	6100.000000	179889.0000000000000000
202501	0021143056	0001426487	13800.000000	427800.0000000000000000
202501	0021145079	0001427044	3000.000000	41970.0000000000000000
202501	0021146979	0001423393	10000.000000	269900.0000000000000000
202501	0021148359	0001425731	11100.000000	238539.0000000000000000
202501	0021149057	0001426994	5000.000000	69950.0000000000000000
202501	0021160649	0001426073	16700.000000	459083.0000000000000000
202501	0021163517	0001421506	18200.000000	554918.0000000000000000
202501	0021164014	0001419819	13300.000000	472017.0000000000000000
202501	0021187486	0001424027	17400.000000	460926.0000000000000000
202501	0021189402	0001418873	5000.000000	154950.0000000000000000
202501	0021213960	0001427010	76713.000000	843075.8700000000000000
202501	0021225319	0001428071	68700.000000	1407663.0000000000000000
202501	0021250631	0001423463	9796.000000	176230.0400000000000000
202501	0021254938	0001425837	39969.000000	1578375.8100000000000000
202501	0021264586	0001427234	25430.000000	584635.7000000000000000
202501	0021280102	0001425929	4500.000000	112455.0000000000000000
202501	0021297274	0001423774	4000.000000	105960.0000000000000000
202501	0021302020	0001420859	5000.000000	162450.0000000000000000
202501	0021318109	0001420166	3000.000000	41970.0000000000000000
202501	0021328836	0001420086	9730.000000	291802.7000000000000000
202501	0021329745	0001422193	10000.000000	354900.0000000000000000
202501	0021341883	0001426324	3000.000000	110970.0000000000000000
202501	0021345832	0001421107	15000.000000	569850.0000000000000000
202501	0021364734	0001426532	34000.000000	883660.0000000000000000
202501	0021369555	0001423711	1000.000000	23990.0000000000000000
202501	0021372107	0001419126	15000.000000	449850.0000000000000000
202501	0021374382	0001425794	12000.000000	437880.0000000000000000
202501	0021379204	0001420132	9100.000000	286559.0000000000000000
202501	0021384031	0001422216	32700.000000	849873.0000000000000000
202501	0021385118	0001422436	5000.000000	84950.0000000000000000
202501	0021385483	0001419293	10300.000000	253380.0000000000000000
202501	0021390515	0001419371	10000.000000	289900.0000000000000000
202501	0021393083	0001419567	3000.000000	89970.0000000000000000
202501	0021398720	0001423404	13590.000000	359999.1000000000000000
202501	0021399414	0001422874	10945.000000	366548.0500000000000000
202501	0021399919	0001419077	4000.000000	115960.0000000000000000
202501	0021401630	0001418792	5000.000000	162450.0000000000000000
202501	0021402012	0001418835	5000.000000	149950.0000000000000000
202501	0021402634	0001418904	5800.000000	168142.0000000000000000
202501	0021403147	0001420763	15670.000000	415098.3000000000000000
202501	0021403414	0001419011	86400.000000	992736.0000000000000000
202501	0021404120	0001419070	15294.000000	175728.0600000000000000
202501	0021404268	0001419108	7300.000000	259077.0000000000000000
202501	0021404277	0001419085	7700.000000	223223.0000000000000000
202501	0021404414	0001419112	5100.000000	147849.0000000000000000
202501	0021404589	0001419162	26631.000000	425829.6900000000000000
202501	0021404826	0001419282	12000.000000	143880.0000000000000000
202501	0021405084	0001419204	15000.000000	367350.0000000000000000
202501	0021405529	0001419276	5369.000000	161016.3100000000000000
202501	0021405854	0001419839	7950.000000	250345.5000000000000000
202501	0021405994	0001419338	7000.000000	209930.0000000000000000
202501	0021406118	0001419357	4800.000000	143952.0000000000000000
202501	0021406296	0001419367	7900.000000	236921.0000000000000000
202501	0021406307	0001419365	20000.000000	699800.0000000000000000
202501	0021406436	0001419388	3000.000000	89970.0000000000000000
202501	0021407009	0001419442	1500.000000	48735.0000000000000000
202501	0021407700	0001419498	23000.000000	413770.0000000000000000
202501	0021408547	0001419592	10000.000000	289900.0000000000000000
202501	0021408619	0001422159	10000.000000	269900.0000000000000000
202501	0021409496	0001424009	11500.000000	310385.0000000000000000
202501	0021409615	0001419729	19500.000000	584805.0000000000000000
202501	0021409716	0001419737	52577.000000	945860.2300000000000000
202501	0021409751	0001419743	5000.000000	149950.0000000000000000
202501	0021409926	0001419768	14900.000000	558601.0000000000000000
202501	0021410753	0001419876	5500.000000	192445.0000000000000000
202501	0021411102	0001419919	5000.000000	154950.0000000000000000
202501	0021411104	0001419911	5700.000000	165243.0000000000000000
202501	0021411220	0001419921	7500.000000	262425.0000000000000000
202501	0021411340	0001419937	4980.000000	144370.2000000000000000
202501	0021411566	0001421129	17000.000000	418200.0000000000000000
202501	0021411591	0001419986	10600.000000	333794.0000000000000000
202501	0021411956	0001420392	15500.000000	209095.0000000000000000
202501	0021413461	0001420182	5145.000000	133718.5500000000000000
202501	0021413543	0001420201	10100.000000	292799.0000000000000000
202501	0021413755	0001420240	11000.000000	329890.0000000000000000
202501	0021413932	0001423614	28200.000000	930318.0000000000000000
202501	0021414073	0001420301	5000.000000	149950.0000000000000000
202501	0021414651	0001420382	6800.000000	203932.0000000000000000
202501	0021414757	0001420415	5000.000000	144950.0000000000000000
202501	0021415341	0001420599	2500.000000	74975.0000000000000000
202501	0021415779	0001420548	16500.000000	569085.0000000000000000
202501	0021416031	0001420569	5030.000000	145819.7000000000000000
202501	0021416307	0001420609	5300.000000	172197.0000000000000000
202501	0021416329	0001426970	28500.000000	740715.0000000000000000
202501	0021416508	0001420623	4000.000000	119960.0000000000000000
202501	0021417998	0001421294	30971.120000	588141.5688000000000000
202501	0021418112	0001420786	39000.000000	1130610.0000000000000000
202501	0021418357	0001420802	20000.000000	579800.0000000000000000
202501	0021418526	0001420817	17000.000000	535330.0000000000000000
202501	0021418977	0001420871	23697.000000	378915.0300000000000000
202501	0021419664	0001421092	20000.000000	359800.0000000000000000
202501	0021419911	0001421141	15100.000000	490599.0000000000000000
202501	0021420354	0001421198	16000.000000	247840.0000000000000000
202501	0021421145	0001425976	40000.000000	639600.0000000000000000
202501	0021421631	0001421318	81665.000000	1264990.8500000000000000
202501	0021421812	0001421330	12900.000000	464271.0000000000000000
202501	0021421912	0001421348	5600.000000	167944.0000000000000000
202501	0021421993	0001421366	12000.000000	419880.0000000000000000
202501	0021422002	0001421362	4400.000000	153956.0000000000000000
202501	0021422071	0001423061	73022.000000	1350176.7800000000000000
202501	0021422650	0001421471	9000.000000	269910.0000000000000000
202501	0021422828	0001421415	10000.000000	299900.0000000000000000
202501	0021423361	0001421459	15000.000000	427350.0000000000000000
202501	0021423548	0001421745	42500.000000	807075.0000000000000000
202501	0021424293	0001424463	112000.000000	1118880.0000000000000000
202501	0021424784	0001421623	20890.000000	595156.1000000000000000
202501	0021425023	0001424390	38900.000000	388611.0000000000000000
202501	0021425028	0001421650	5001.000000	157481.4900000000000000
202501	0021425337	0001422974	29436.000000	514835.6400000000000000
202501	0021425382	0001421681	29733.000000	475430.6700000000000000
202501	0021425384	0001421684	17962.190000	287215.4181000000000000
202501	0021425748	0001421742	27600.000000	1324524.0000000000000000
202501	0021425856	0001425733	8500.000000	284665.0000000000000000
202501	0021426238	0001425559	156110.000000	1481483.9000000000000000
202501	0021426250	0001421811	32000.000000	927680.0000000000000000
202501	0021426382	0001421834	1500.000000	26235.0000000000000000
202501	0021427032	0001421937	10000.000000	289900.0000000000000000
202501	0021427035	0001421916	15800.000000	458042.0000000000000000
202501	0021427159	0001421946	15000.000000	569850.0000000000000000
202501	0021427228	0001423451	5400.000000	151146.0000000000000000
202501	0021427506	0001425548	56000.000000	727440.0000000000000000
202501	0021427635	0001423537	15000.000000	434850.0000000000000000
202501	0021427654	0001422000	42416.000000	487359.8400000000000000
202501	0021428047	0001422035	25900.000000	673141.0000000000000000
202501	0021428489	0001422079	33577.000000	604050.2300000000000000
202501	0021428729	0001422103	3500.000000	101465.0000000000000000
202501	0021428866	0001422120	4710.000000	143607.9000000000000000
202501	0021428989	0001422132	11000.000000	225390.0000000000000000
202501	0021429681	0001422253	5200.000000	145548.0000000000000000
202501	0021430407	0001422418	5800.000000	156542.0000000000000000
202501	0021430465	0001422426	3145.000000	84883.5500000000000000
202501	0021430475	0001422446	10000.000000	269900.0000000000000000
202501	0021430618	0001423698	9841.030000	137676.0097000000000000
202501	0021431139	0001422657	7200.000000	201528.0000000000000000
202501	0021431320	0001422699	41000.000000	1045090.0000000000000000
202501	0021431658	0001422777	10000.000000	339900.0000000000000000
202501	0021431715	0001424435	22954.000000	539189.4600000000000000
202501	0021431722	0001422800	12252.000000	330681.4800000000000000
202501	0021432040	0001422857	24800.000000	594952.0000000000000000
202501	0021432135	0001422876	41000.000000	1045090.0000000000000000
202501	0021432140	0001422870	10000.000000	279900.0000000000000000
202501	0021432270	0001422917	21100.000000	548389.0000000000000000
202501	0021432518	0001422941	20300.000000	679847.0000000000000000
202501	0021432829	0001422967	29100.000000	989109.0000000000000000
202501	0021433373	0001423098	16800.000000	361032.0000000000000000
202501	0021433485	0001423176	21075.000000	368601.7500000000000000
202501	0021433524	0001423143	42272.000000	464569.2800000000000000
202501	0021433547	0001423139	3000.000000	89970.0000000000000000
202501	0021434958	0001423353	9100.000000	168259.0000000000000000
202501	0021435142	0001423389	6000.000000	104940.0000000000000000
202501	0021435223	0001423398	10000.000000	279900.0000000000000000
202501	0021435346	0001423420	15300.000000	443547.0000000000000000
202501	0021435566	0001423501	25280.000000	657027.2000000000000000
202501	0021435779	0001423516	14100.000000	690759.0000000000000000
202501	0021435806	0001423523	10300.000000	277997.0000000000000000
202501	0021435844	0001423535	25200.000000	705348.0000000000000000
202501	0021435863	0001424682	11800.000000	430582.0000000000000000
202501	0021435937	0001423548	9800.000000	333102.0000000000000000
202501	0021436371	0001423601	15000.000000	532350.0000000000000000
202501	0021436397	0001423618	9500.000000	161405.0000000000000000
202501	0021436523	0001423716	11000.000000	373890.0000000000000000
202501	0021436567	0001423634	2600.000000	75374.0000000000000000
202501	0021437434	0001423691	13550.000000	243764.5000000000000000
202501	0021437574	0001423703	35950.000000	934340.5000000000000000
202501	0021438473	0001424914	5700.000000	173793.0000000000000000
202501	0021438939	0001423941	5000.000000	167450.0000000000000000
202501	0021439429	0001424011	4600.000000	124154.0000000000000000
202501	0021439540	0001424020	5100.000000	142749.0000000000000000
202501	0021439741	0001424044	20700.000000	527643.0000000000000000
202501	0021439760	0001424577	55000.000000	1429450.0000000000000000
202501	0021440603	0001424208	7900.000000	315921.0000000000000000
202501	0021440701	0001427325	36600.000000	603534.0000000000000000
202501	0021440739	0001425675	5000.000000	139950.0000000000000000
202501	0021440906	0001424271	15000.000000	419850.0000000000000000
202501	0021441966	0001424820	7000.000000	234430.0000000000000000
202501	0021442086	0001424465	10000.000000	289900.0000000000000000
202501	0021442107	0001424476	5150.000000	149298.5000000000000000
202501	0021442155	0001424467	30369.000000	713367.8100000000000000
202501	0021442359	0001425821	20000.000000	559800.0000000000000000
202501	0021442368	0001424510	9400.000000	253706.0000000000000000
202501	0021442676	0001424565	800.000000	26792.0000000000000000
202501	0021442785	0001424906	9800.000000	328202.0000000000000000
202501	0021443365	0001424653	70200.000000	1508598.0000000000000000
202501	0021444239	0001424807	5000.000000	199950.0000000000000000
202501	0021444375	0001424842	18460.000000	498235.4000000000000000
202501	0021444757	0001424887	40000.000000	1319600.0000000000000000
202501	0021444791	0001424916	6700.000000	164083.0000000000000000
202501	0021444942	0001424921	8000.000000	291920.0000000000000000
202501	0021445923	0001425242	14700.000000	492303.0000000000000000
202501	0021446792	0001425426	141641.000000	1627455.0900000000000000
202501	0021447632	0001425663	8577.000000	295820.7300000000000000
202501	0021447723	0001426992	20000.000000	239800.0000000000000000
202501	0021447933	0001425673	3000.000000	80970.0000000000000000
202501	0021447943	0001425681	4900.000000	132251.0000000000000000
202501	0021447948	0001425685	75735.000000	832327.6500000000000000
202501	0021448065	0001425709	29000.000000	811710.0000000000000000
202501	0021448994	0001425763	5700.000000	188043.0000000000000000
202501	0021449300	0001425790	7790.000000	206357.1000000000000000
202501	0021449627	0001425846	35900.000000	2135691.0000000000000000
202501	0021449717	0001425847	20000.000000	529800.0000000000000000
202501	0021449922	0001425881	12800.000000	467072.0000000000000000
202501	0021449937	0001425878	49000.000000	734510.0000000000000000
202501	0021449964	0001425882	21100.000000	442889.0000000000000000
202501	0021449986	0001425888	35000.000000	927150.0000000000000000
202501	0021450083	0001425930	95700.000000	2487243.0000000000000000
202501	0021450116	0001425921	6252.000000	184371.4800000000000000
202501	0021450652	0001425993	57000.000000	1367430.0000000000000000
202501	0021450667	0001425998	5000.000000	139950.0000000000000000
202501	0021450927	0001426999	40000.000000	379600.0000000000000000
202501	0021451877	0001426285	12930.000000	318078.0000000000000000
202501	0021451968	0001426945	28500.000000	740715.0000000000000000
202501	0021452149	0001426365	500.000000	13995.0000000000000000
202501	0021452704	0001426494	9490.000000	289445.0000000000000000
202501	0021453245	0001426587	32700.000000	849873.0000000000000000
202501	0021453271	0001426584	10100.000000	429149.0000000000000000
202501	0021453273	0001426567	2000.000000	55980.0000000000000000
202501	0021453710	0001426682	3000.000000	83970.0000000000000000
202501	0021454205	0001426802	3000.000000	79470.0000000000000000
202501	0021454332	0001426820	5160.000000	154748.4000000000000000
202501	0021455117	0001426962	21780.000000	566062.2000000000000000
202501	0021455220	0001426965	9600.000000	297504.0000000000000000
202501	0021455315	0001427718	13000.000000	337870.0000000000000000
202501	0021455675	0001427059	2500.000000	69975.0000000000000000
202501	0021455825	0001427111	19770.000000	553362.3000000000000000
202501	0021456359	0001427206	12100.000000	399179.0000000000000000
202501	0021456388	0001427195	3000.000000	113970.0000000000000000
202501	0021456582	0001427224	15000.000000	389850.0000000000000000
202501	0021456718	0001427254	22500.000000	854775.0000000000000000
202501	0021457261	0001427338	5400.000000	172746.0000000000000000
202501	0021457324	0001427356	4001.000000	105986.4900000000000000
202501	0021457587	0001427391	70000.000000	1049300.0000000000000000
202501	0021457835	0001427396	9500.000000	251655.0000000000000000
202501	0021457883	0001427409	34100.000000	1210209.0000000000000000
202501	0021458108	0001427480	12600.000000	333774.0000000000000000
202501	0021458240	0001427540	13600.000000	380664.0000000000000000
202501	0021458692	0001427556	2000.000000	60980.0000000000000000
202501	0021459002	0001427691	11100.000000	371739.0000000000000000
202501	0021459296	0001427820	4000.000000	145960.0000000000000000
202501	0021459526	0001427844	24300.000000	570807.0000000000000000
202501	0021459571	0001427865	5800.000000	162342.0000000000000000
202501	0021459753	0001427904	16500.000000	461835.0000000000000000
202501	0021459878	0001427938	7000.000000	206430.0000000000000000
202501	0021459892	0001427923	8000.000000	143920.0000000000000000
202501	0021460128	0001427991	5001.000000	132476.4900000000000000
202501	0021460232	0001428011	10900.000000	375941.0000000000000000
202501	0021460413	0001428053	5000.000000	159950.0000000000000000
